{"type":"FeatureCollection","features":[{"type":"Feature","properties":{"name":"Track"},"geometry":{"type":"LineString","coordinates":[[9.36181,54.816245],[9.361765,54.816392],[9.361736,54.816441],[9.36172,54.816468],[9.361712,54.816481],[9.361689,54.816516],[9.361698,54.81652],[9.361735,54.816534],[9.36177,54.816556],[9.361795,54.816588],[9.361806,54.816617],[9.361811,54.816638],[9.36181,54.816665],[9.361794,54.816697],[9.361692,54.816844],[9.361631,54.816912],[9.361603,54.81697],[9.361495,54.817132],[9.361457,54.817197],[9.361352,54.817406],[9.361211,54.817696],[9.3611,54.817904],[9.361008,54.818081],[9.360897,54.818277],[9.360698,54.818612],[9.360613,54.818755],[9.360544,54.818847],[9.360461,54.818946],[9.360361,54.819049],[9.360295,54.819105],[9.360227,54.819163],[9.359924,54.819413],[9.359763,54.819545],[9.359643,54.819643],[9.35946,54.819808],[9.3594,54.819861],[9.359357,54.819899],[9.359102,54.819854],[9.358708,54.81977],[9.358454,54.819715],[9.358357,54.819695],[9.358322,54.819768],[9.358316,54.819781],[9.358223,54.819973],[9.358099,54.820185],[9.358054,54.820254],[9.357963,54.820392],[9.35795,54.820409],[9.357871,54.820515],[9.35776,54.820505],[9.357719,54.820501],[9.357678,54.820497],[9.357627,54.820491],[9.357593,54.820488],[9.357514,54.820479],[9.35738,54.820468],[9.357276,54.820465],[9.35716,54.820465],[9.357058,54.820468],[9.35693,54.820476],[9.35636,54.820508],[9.35607,54.820524],[9.355938,54.820531],[9.355406,54.820562],[9.354728,54.8206],[9.353929,54.820647],[9.353786,54.820655],[9.353481,54.820673],[9.352825,54.820711],[9.352413,54.820736],[9.35225,54.820744],[9.352091,54.820752],[9.351835,54.820772],[9.351687,54.820786],[9.351569,54.820799],[9.351384,54.820822],[9.351182,54.820853],[9.350797,54.820914],[9.350411,54.820979],[9.349916,54.821064],[9.349332,54.821164],[9.349206,54.821184],[9.349002,54.821206],[9.348869,54.821216],[9.348622,54.821234],[9.348242,54.821257],[9.348087,54.82127],[9.347987,54.821281],[9.347885,54.821294],[9.347834,54.821303],[9.347714,54.821324],[9.347608,54.821346],[9.347515,54.821369],[9.347376,54.821407],[9.347268,54.821442],[9.3471,54.821499],[9.346975,54.821546],[9.346824,54.821611],[9.346771,54.821638],[9.346735,54.821655],[9.346559,54.821755],[9.346466,54.821816],[9.346465,54.821817],[9.346394,54.821863],[9.346313,54.821912],[9.346252,54.821948],[9.346177,54.821985],[9.346116,54.822013],[9.346031,54.822045],[9.345993,54.822057],[9.345876,54.822088],[9.345829,54.822096],[9.345802,54.822101],[9.345726,54.822113],[9.345657,54.822121],[9.345509,54.822135],[9.345401,54.822142],[9.345345,54.822144],[9.345161,54.822152],[9.345131,54.822153],[9.344826,54.822164],[9.344735,54.822166],[9.344651,54.822165],[9.344583,54.82216],[9.344516,54.822152],[9.344448,54.822139],[9.344381,54.822122],[9.344331,54.822108],[9.344275,54.822156],[9.344246,54.822189],[9.344222,54.822221],[9.344212,54.822245],[9.344204,54.822292],[9.344204,54.822377],[9.3442,54.822483],[9.344195,54.822621],[9.344189,54.822756],[9.344189,54.822758],[9.344182,54.822939],[9.344182,54.823215],[9.344175,54.823458],[9.344175,54.823509],[9.344174,54.823598],[9.344185,54.823728],[9.344201,54.823827],[9.34421,54.823884],[9.34425,54.824113],[9.344321,54.824519],[9.344357,54.82473],[9.34436,54.824749],[9.344371,54.824795],[9.344386,54.824871],[9.344404,54.82498],[9.344408,54.825042],[9.34441,54.82509],[9.344402,54.825168],[9.344383,54.825257],[9.344354,54.825346],[9.344322,54.825426],[9.344292,54.825478],[9.344269,54.825518],[9.344216,54.825586],[9.34412,54.8257],[9.344034,54.825801],[9.343955,54.825895],[9.343908,54.825881],[9.343833,54.825937],[9.343772,54.825982],[9.343706,54.826033],[9.34367,54.826057],[9.343631,54.826079],[9.34353,54.826125],[9.343322,54.826228],[9.343317,54.826229],[9.343171,54.826284],[9.343204,54.826304],[9.343226,54.826317],[9.343291,54.826356],[9.343455,54.826455],[9.343494,54.826476],[9.343521,54.826487],[9.343667,54.826537],[9.343705,54.826552],[9.343726,54.826562],[9.343809,54.82661],[9.343857,54.826639],[9.344013,54.826737],[9.344059,54.826773],[9.344075,54.826787],[9.344122,54.826838],[9.344181,54.826914],[9.344344,54.827147],[9.344453,54.827326],[9.344547,54.827503],[9.344554,54.827517],[9.34464,54.8277],[9.344651,54.827729],[9.344659,54.827749],[9.344694,54.827862],[9.344734,54.828023],[9.34476,54.82812],[9.344769,54.828141],[9.344779,54.82816],[9.344786,54.82817],[9.344807,54.828193],[9.344833,54.828217],[9.344857,54.828235],[9.344873,54.82825],[9.344887,54.828266],[9.344892,54.828269],[9.344895,54.828324],[9.344925,54.828472],[9.34496,54.828664],[9.344966,54.828716],[9.344967,54.828737],[9.344965,54.828761],[9.344959,54.828782],[9.34495,54.828805],[9.344932,54.828833],[9.344914,54.828857],[9.344892,54.828879],[9.344865,54.828901],[9.344863,54.828907],[9.344862,54.828915],[9.344863,54.828929],[9.344863,54.828932],[9.344863,54.828973],[9.344862,54.829012],[9.344871,54.82921],[9.344883,54.829354],[9.344885,54.829385],[9.344889,54.829434],[9.344895,54.829512],[9.344898,54.82955],[9.344903,54.829578],[9.344931,54.829692],[9.344942,54.82975],[9.344949,54.829825],[9.344954,54.829878],[9.344958,54.829979],[9.344962,54.830203],[9.344976,54.830325],[9.344959,54.830401],[9.344953,54.830471],[9.344947,54.830508],[9.344932,54.830585],[9.344921,54.83064],[9.344901,54.830713],[9.344839,54.830935],[9.344817,54.830998],[9.344752,54.831149],[9.344644,54.83135],[9.344544,54.831511],[9.344442,54.831658],[9.34437,54.831755],[9.343783,54.832541],[9.34372,54.832612],[9.343675,54.83266],[9.343645,54.8327],[9.343512,54.832875],[9.343444,54.832949],[9.343364,54.83305],[9.34333,54.83309],[9.342876,54.833649],[9.342824,54.833714],[9.342756,54.833795],[9.342734,54.833822],[9.342709,54.833845],[9.342677,54.833865],[9.342574,54.833909],[9.342557,54.83392],[9.342511,54.833943],[9.342475,54.83397],[9.342451,54.833988],[9.342419,54.834012],[9.342405,54.834024],[9.342393,54.834034],[9.342376,54.834049],[9.342305,54.834123],[9.342289,54.834141],[9.34212,54.83432],[9.34192,54.834502],[9.341812,54.834596],[9.341623,54.834752],[9.341588,54.83478],[9.341329,54.834956],[9.34105,54.835128],[9.340778,54.83528],[9.340609,54.83537],[9.340497,54.83543],[9.340239,54.835573],[9.340124,54.83564],[9.340064,54.835682],[9.339972,54.835756],[9.339889,54.835813],[9.339286,54.836132],[9.338948,54.83631],[9.338755,54.836409],[9.338517,54.836532],[9.338327,54.83663],[9.33824,54.836669],[9.338127,54.836725],[9.338121,54.836728],[9.33779,54.836898],[9.337704,54.836942],[9.337415,54.837085],[9.337371,54.837105],[9.337334,54.837118],[9.33717,54.837176],[9.336997,54.837236],[9.336861,54.837291],[9.336437,54.837482],[9.336295,54.837545],[9.336243,54.837567],[9.336018,54.837675],[9.33559,54.83787],[9.335534,54.837896],[9.335048,54.838115],[9.334562,54.838334],[9.334127,54.83853],[9.333994,54.83859],[9.333957,54.838607],[9.333614,54.838761],[9.333195,54.838952],[9.333067,54.83901],[9.33275,54.83915],[9.3324,54.839311],[9.332217,54.839394],[9.332169,54.839416],[9.332183,54.839428],[9.332209,54.839451],[9.332125,54.83949],[9.33173,54.839668],[9.331556,54.839747],[9.331235,54.839891],[9.330934,54.840027],[9.330898,54.840042],[9.330775,54.840095],[9.33055,54.840218],[9.330334,54.840352],[9.330105,54.8405],[9.329928,54.840638],[9.32975,54.840797],[9.32961,54.840935],[9.329567,54.840981],[9.32947,54.841109],[9.329298,54.841319],[9.329166,54.841481],[9.329062,54.841617],[9.328875,54.841833],[9.328768,54.841959],[9.328624,54.842139],[9.328516,54.842272],[9.328349,54.842473],[9.328188,54.842668],[9.327979,54.84292],[9.327793,54.843148],[9.327632,54.843348],[9.327373,54.843655],[9.327172,54.843897],[9.327078,54.844014],[9.326784,54.844378],[9.326657,54.84453],[9.32652,54.844699],[9.326343,54.844915],[9.326223,54.845061],[9.326144,54.845163],[9.326081,54.845253],[9.326028,54.845345],[9.325965,54.8455],[9.325907,54.845672],[9.325875,54.845805],[9.325857,54.845929],[9.325857,54.846023],[9.325866,54.846103],[9.325867,54.846113],[9.325905,54.846283],[9.325927,54.846376],[9.325967,54.846513],[9.326015,54.846681],[9.326071,54.84687],[9.32612,54.847031],[9.32618,54.847227],[9.326224,54.847376],[9.326265,54.847532],[9.326307,54.847672],[9.326355,54.847847],[9.326405,54.848027],[9.326428,54.8481],[9.326492,54.848313],[9.326572,54.848595],[9.326593,54.848664],[9.326627,54.848778],[9.32669,54.848993],[9.326797,54.849359],[9.326906,54.849739],[9.327026,54.850147],[9.327149,54.850558],[9.327234,54.850837],[9.327242,54.850855],[9.32727,54.850876],[9.327318,54.850903],[9.327452,54.850957],[9.32733,54.851024],[9.327341,54.851208],[9.327436,54.851544],[9.327481,54.851688],[9.327502,54.851754],[9.327574,54.852011],[9.32758,54.852033],[9.327625,54.852189],[9.327677,54.85237],[9.327733,54.852593],[9.327763,54.852761],[9.327776,54.852839],[9.32778,54.852916],[9.327788,54.853103],[9.327803,54.853472],[9.327804,54.853555],[9.327808,54.85388],[9.327816,54.854296],[9.32783,54.854667],[9.32783,54.854777],[9.327832,54.854993],[9.327845,54.855335],[9.327848,54.855476],[9.327852,54.855632],[9.327857,54.855874],[9.327862,54.855948],[9.327857,54.855984],[9.327848,54.85602],[9.327833,54.85609],[9.327811,54.856145],[9.32778,54.856203],[9.327716,54.856293],[9.327479,54.856536],[9.327307,54.856687],[9.327016,54.856945],[9.326864,54.857079],[9.326785,54.857148],[9.326484,54.857415],[9.326157,54.857706],[9.326146,54.857716],[9.325803,54.858018],[9.325758,54.858057],[9.325485,54.858291],[9.325322,54.858443],[9.325237,54.858516],[9.325341,54.858558],[9.32548,54.858641],[9.325567,54.858699],[9.325599,54.85872],[9.325762,54.858827],[9.326007,54.858984],[9.326229,54.859114],[9.326389,54.859183],[9.326668,54.859336],[9.326921,54.859499],[9.327227,54.859741],[9.327278,54.859788],[9.327361,54.859867],[9.327567,54.860071],[9.327663,54.860163],[9.327669,54.860168],[9.3278,54.860292],[9.328023,54.860523],[9.328247,54.860758],[9.328424,54.860974],[9.328629,54.861225],[9.328656,54.861258],[9.328879,54.861527],[9.329121,54.86182],[9.329213,54.861927],[9.329312,54.862043],[9.329514,54.862285],[9.329567,54.862341],[9.329749,54.86253],[9.329981,54.862775],[9.330266,54.863049],[9.330596,54.863365],[9.330861,54.863616],[9.330985,54.863733],[9.331002,54.863749],[9.331009,54.863756],[9.331184,54.863921],[9.331249,54.863982],[9.331425,54.864154],[9.331621,54.86434],[9.331777,54.864496],[9.331837,54.864557],[9.332047,54.864751],[9.332257,54.864952],[9.332295,54.864989],[9.332399,54.8651],[9.332464,54.865196],[9.332492,54.865278],[9.332505,54.865359],[9.332543,54.865476],[9.332552,54.865527],[9.332541,54.865585],[9.33251,54.865667],[9.332458,54.865759],[9.332441,54.865777],[9.332405,54.865814],[9.332359,54.865862],[9.332263,54.865946],[9.332053,54.866102],[9.331926,54.866213],[9.331833,54.866321],[9.331745,54.866453],[9.331674,54.866587],[9.331656,54.866624],[9.331643,54.866654],[9.331629,54.866699],[9.331619,54.866747],[9.331609,54.866818],[9.331598,54.866935],[9.331581,54.867091],[9.331563,54.867277],[9.331547,54.867466],[9.331525,54.867677],[9.331508,54.867869],[9.331492,54.868032],[9.331474,54.868242],[9.331457,54.868414],[9.331448,54.86856],[9.331432,54.868715],[9.331419,54.86887],[9.331407,54.869006],[9.331398,54.86909],[9.331392,54.869135],[9.331383,54.869181],[9.33137,54.869239],[9.331357,54.869297],[9.331339,54.869355],[9.331315,54.869429],[9.331287,54.869498],[9.331258,54.869569],[9.331211,54.869668],[9.331134,54.869838],[9.33108,54.869948],[9.331016,54.870081],[9.330952,54.870223],[9.330918,54.870308],[9.330894,54.870373],[9.330877,54.870429],[9.330866,54.870464],[9.330854,54.870512],[9.330846,54.870554],[9.330835,54.870606],[9.33082,54.87069],[9.330814,54.870753],[9.330809,54.870838],[9.330797,54.871053],[9.330792,54.871154],[9.330788,54.871207],[9.330784,54.871242],[9.330778,54.871279],[9.330767,54.87132],[9.330758,54.871356],[9.330743,54.871397],[9.330728,54.871434],[9.330691,54.871511],[9.330615,54.871644],[9.330573,54.871714],[9.330492,54.871834],[9.330449,54.871896],[9.33039,54.871973],[9.330332,54.872044],[9.330274,54.872105],[9.330176,54.872207],[9.330065,54.872315],[9.32993,54.872446],[9.329793,54.87258],[9.329646,54.87272],[9.32949,54.872873],[9.329452,54.872908],[9.329364,54.872992],[9.329214,54.873131],[9.32914,54.873197],[9.329071,54.87325],[9.329003,54.873301],[9.32891,54.87336],[9.328729,54.87347],[9.328482,54.873619],[9.328245,54.873758],[9.328042,54.873885],[9.327814,54.874023],[9.327576,54.874166],[9.327427,54.874252],[9.327316,54.87431],[9.327222,54.87435],[9.327149,54.874382],[9.326929,54.874461],[9.326588,54.874568],[9.326399,54.874628],[9.326273,54.874672],[9.326155,54.874725],[9.32605,54.874776],[9.325899,54.87485],[9.325642,54.874983],[9.325608,54.875],[9.325353,54.875133],[9.325109,54.875258],[9.324949,54.875338],[9.324943,54.875342],[9.324857,54.875389],[9.324789,54.875435],[9.324741,54.875479],[9.32469,54.875539],[9.324647,54.87561],[9.324602,54.875706],[9.324513,54.875915],[9.324434,54.876098],[9.324362,54.876267],[9.324317,54.87637],[9.324266,54.876471],[9.324236,54.876531],[9.32421,54.876583],[9.324035,54.876886],[9.324517,54.87695],[9.32485,54.876991],[9.324876,54.876994],[9.325187,54.877033],[9.325485,54.877075],[9.325646,54.877095],[9.325731,54.877103],[9.32575,54.877104],[9.325833,54.87711],[9.326098,54.877114],[9.32633,54.877111],[9.326608,54.877103],[9.327011,54.877089],[9.327546,54.877072],[9.32787,54.877063],[9.328131,54.877052],[9.328473,54.87704],[9.328767,54.87703],[9.329067,54.87702],[9.329414,54.87701],[9.329734,54.876998],[9.329976,54.87699],[9.33025,54.87698],[9.330611,54.876968],[9.330917,54.876959],[9.331255,54.876948],[9.331505,54.87694],[9.331889,54.876928],[9.332192,54.876917],[9.332461,54.876908],[9.332725,54.876899],[9.333055,54.876888],[9.333352,54.876879],[9.333636,54.876869],[9.333885,54.876858],[9.334016,54.876853],[9.334348,54.876838],[9.334615,54.876827],[9.334898,54.876813],[9.335057,54.876806],[9.335089,54.876804],[9.335342,54.876791],[9.335579,54.876778],[9.335885,54.876763],[9.336182,54.876748],[9.336518,54.876731],[9.336805,54.876718],[9.337087,54.876703],[9.337408,54.876685],[9.337688,54.87667],[9.33795,54.876655],[9.338169,54.876644],[9.338481,54.87663],[9.338866,54.876608],[9.3392,54.876592],[9.339551,54.876574],[9.339836,54.876559],[9.340115,54.876545],[9.340454,54.876528],[9.340774,54.876511],[9.341196,54.87649],[9.34146,54.876476],[9.341719,54.876464],[9.342093,54.876444],[9.34252,54.876422],[9.342867,54.876406],[9.343165,54.876391],[9.343456,54.876378],[9.343773,54.876361],[9.34412,54.876341],[9.344388,54.876325],[9.344472,54.87632],[9.344758,54.876301],[9.345112,54.876277],[9.345251,54.876265],[9.345403,54.876249],[9.345427,54.876246],[9.345622,54.876224],[9.345883,54.87619],[9.346302,54.876125],[9.346734,54.876067],[9.34706,54.876022],[9.347616,54.875948],[9.348024,54.875892],[9.348175,54.875872],[9.348514,54.875826],[9.349025,54.875753],[9.349847,54.875635],[9.350555,54.87554],[9.350863,54.875498],[9.351058,54.875472],[9.351408,54.875426],[9.351936,54.875353],[9.352633,54.875254],[9.352777,54.875235],[9.352786,54.875234],[9.35295,54.875216],[9.352957,54.875167],[9.353013,54.875168],[9.353056,54.875167],[9.353109,54.875165],[9.353279,54.875155],[9.353378,54.875149],[9.353477,54.875145],[9.353574,54.875144],[9.353559,54.875233],[9.353551,54.875301],[9.353551,54.875386],[9.353562,54.875481],[9.353562,54.875534],[9.353556,54.875594],[9.353529,54.875747],[9.353514,54.875836],[9.353497,54.87607],[9.353465,54.876287],[9.353446,54.876407],[9.353423,54.876585],[9.353398,54.876745],[9.353384,54.876903],[9.353371,54.877045],[9.353358,54.877137],[9.353332,54.87725],[9.353316,54.877312],[9.353298,54.877368],[9.353284,54.877409],[9.353277,54.877431],[9.353271,54.877523],[9.353249,54.877699],[9.353229,54.877866],[9.353218,54.877985],[9.353198,54.878103],[9.353184,54.878182],[9.353173,54.87822],[9.353162,54.878338],[9.353149,54.878524],[9.353138,54.878604],[9.353112,54.87872],[9.353072,54.878859],[9.353055,54.878938],[9.353049,54.879004],[9.353049,54.87906],[9.353052,54.879146],[9.353054,54.879211],[9.353049,54.879261],[9.353039,54.879316],[9.35302,54.879377],[9.352996,54.879452],[9.35297,54.879525],[9.352959,54.879569],[9.352958,54.879608],[9.352963,54.879663],[9.352965,54.879717],[9.352962,54.879776],[9.352957,54.879842],[9.352945,54.879917],[9.352942,54.879991],[9.352939,54.880048],[9.352931,54.880084],[9.352917,54.88013],[9.352897,54.880187],[9.35289,54.880243],[9.352893,54.880326],[9.352892,54.880376],[9.352886,54.88043],[9.352869,54.880495],[9.352842,54.880572],[9.352823,54.880638],[9.352811,54.880688],[9.35281,54.880743],[9.352815,54.880783],[9.352827,54.880849],[9.352836,54.880912],[9.352842,54.880973],[9.35286,54.881108],[9.352878,54.881168],[9.352893,54.881215],[9.352912,54.881255],[9.352957,54.881319],[9.352976,54.881354],[9.352989,54.881396],[9.353015,54.881479],[9.353036,54.881537],[9.353063,54.881596],[9.353101,54.881675],[9.35314,54.881741],[9.353186,54.881813],[9.353309,54.882002],[9.353423,54.882167],[9.353517,54.882316],[9.353567,54.882398],[9.353652,54.882525],[9.353738,54.882656],[9.353825,54.882774],[9.353875,54.882848],[9.353915,54.882936],[9.353951,54.883003],[9.354002,54.883074],[9.354072,54.883172],[9.354194,54.883339],[9.354289,54.883477],[9.354357,54.883586],[9.354377,54.883625],[9.354391,54.883647],[9.354399,54.88366],[9.354509,54.883808],[9.354694,54.884052],[9.354748,54.884127],[9.354777,54.884176],[9.354823,54.884252],[9.354854,54.884309],[9.3549,54.88438],[9.35501,54.884531],[9.355202,54.884795],[9.35539,54.885076],[9.355395,54.885083],[9.355481,54.885194],[9.35561,54.885386],[9.355775,54.885603],[9.355923,54.885819],[9.356013,54.88593],[9.356081,54.886015],[9.356289,54.886258],[9.356469,54.886482],[9.356679,54.886745],[9.356894,54.887018],[9.357061,54.88723],[9.357169,54.887381],[9.357229,54.88746],[9.357406,54.887514],[9.357604,54.887559],[9.357786,54.887598],[9.357893,54.887623],[9.35801,54.887704],[9.358127,54.887868],[9.358302,54.888098],[9.358164,54.888149],[9.358096,54.888183],[9.358053,54.88821],[9.358013,54.888235],[9.358047,54.888255],[9.358012,54.888284],[9.357993,54.888299],[9.357938,54.88834],[9.357919,54.88835],[9.3582,54.888661],[9.358221,54.888684],[9.358493,54.888999],[9.358737,54.88929],[9.359089,54.889719],[9.3595,54.890199],[9.359896,54.890647],[9.360343,54.891156],[9.360354,54.891168],[9.360409,54.891231],[9.360641,54.891487],[9.36077,54.891629],[9.360994,54.891899],[9.361141,54.892092],[9.361257,54.892243],[9.361311,54.892307],[9.361343,54.892341],[9.361379,54.892374],[9.361425,54.892413],[9.361462,54.892441],[9.36152,54.89248],[9.361638,54.892548],[9.361792,54.892641],[9.361876,54.892691],[9.362028,54.892781],[9.362319,54.892951],[9.362371,54.892982],[9.362531,54.893077],[9.362977,54.893351],[9.363268,54.893527],[9.363428,54.893634],[9.363504,54.893647],[9.363576,54.893658],[9.363581,54.893665],[9.363672,54.893789],[9.363761,54.893911],[9.363999,54.894237],[9.364007,54.894247],[9.364091,54.894361],[9.364251,54.894578],[9.364377,54.894753],[9.36453,54.894968],[9.364714,54.895218],[9.36481,54.895348],[9.364926,54.895507],[9.365174,54.895851],[9.365189,54.895872],[9.365455,54.896236],[9.365512,54.896315],[9.365699,54.89657],[9.365749,54.896637],[9.365907,54.896844],[9.365975,54.896927],[9.366236,54.897243],[9.366531,54.897596],[9.366769,54.89788],[9.367034,54.898195],[9.367152,54.898335],[9.367466,54.89871],[9.367791,54.899099],[9.368089,54.899455],[9.368103,54.899473],[9.368389,54.899813],[9.368761,54.900259],[9.368883,54.900404],[9.368897,54.90042],[9.369156,54.900731],[9.369166,54.900744],[9.369465,54.901099],[9.369547,54.901194],[9.369684,54.901358],[9.369801,54.901364],[9.369871,54.901371],[9.369947,54.901378],[9.370136,54.901388],[9.370215,54.901388],[9.370245,54.901391],[9.370475,54.901406],[9.370873,54.901433],[9.371315,54.901464],[9.371874,54.901504],[9.372383,54.90154],[9.372886,54.901573],[9.373431,54.901614],[9.374271,54.901673],[9.37465,54.901695],[9.375123,54.901727],[9.375606,54.901765],[9.376109,54.901801],[9.376477,54.901827],[9.376861,54.901855],[9.377116,54.901872],[9.377524,54.901898],[9.377899,54.901925],[9.378312,54.901955],[9.378501,54.901968],[9.379047,54.902007],[9.379499,54.902038],[9.379877,54.902065],[9.380321,54.902096],[9.380329,54.902097],[9.38077,54.902131],[9.380704,54.902284],[9.380647,54.902427],[9.380513,54.902736],[9.380474,54.902825],[9.380437,54.902913],[9.3804,54.902998],[9.380356,54.903101],[9.380274,54.903298],[9.380209,54.903478],[9.380185,54.903563],[9.380171,54.903625],[9.380153,54.903724],[9.38014,54.903844],[9.380134,54.903946],[9.380139,54.904076],[9.380142,54.904114],[9.380151,54.904217],[9.380172,54.90431],[9.380213,54.904436],[9.380258,54.904556],[9.380269,54.904583],[9.380306,54.904672],[9.380334,54.904736],[9.38039,54.904849],[9.380474,54.905012],[9.380578,54.905226],[9.380692,54.905457],[9.380789,54.905653],[9.38087,54.905822],[9.38098,54.906037],[9.381047,54.906176],[9.381133,54.906353],[9.381238,54.906563],[9.381386,54.906865],[9.381489,54.907073],[9.381636,54.90737],[9.381774,54.90766],[9.381894,54.907897],[9.382015,54.908148],[9.382134,54.908386],[9.382241,54.9086],[9.382341,54.908805],[9.382442,54.909017],[9.382529,54.909194],[9.382626,54.909392],[9.382729,54.9096],[9.382847,54.909844],[9.382948,54.910049],[9.383055,54.910266],[9.383151,54.910467],[9.383222,54.910609],[9.383302,54.910779],[9.383365,54.910929],[9.383451,54.911142],[9.383518,54.911334],[9.383578,54.911495],[9.383648,54.911683],[9.383741,54.911943],[9.383817,54.91216],[9.383888,54.912358],[9.383965,54.912574],[9.384024,54.912747],[9.384113,54.912994],[9.384166,54.913146],[9.384237,54.913336],[9.3843,54.913527],[9.384346,54.913652],[9.384374,54.913735],[9.384401,54.913802],[9.38445,54.913941],[9.384475,54.914007],[9.384595,54.914338],[9.384676,54.914536],[9.384688,54.914561],[9.384765,54.914691],[9.384841,54.914802],[9.384915,54.914898],[9.385008,54.915005],[9.385113,54.915117],[9.385206,54.915212],[9.385305,54.915297],[9.385435,54.915404],[9.385549,54.915489],[9.385656,54.915565],[9.385766,54.915641],[9.385897,54.915729],[9.386013,54.915807],[9.386131,54.91589],[9.386271,54.915986],[9.386439,54.916103],[9.386616,54.916229],[9.38678,54.916348],[9.386934,54.916468],[9.387073,54.91659],[9.387174,54.916674],[9.387288,54.916771],[9.387438,54.9169],[9.387598,54.917022],[9.387679,54.917083],[9.387915,54.917254],[9.388118,54.917408],[9.388217,54.917485],[9.388315,54.917572],[9.388426,54.917674],[9.388496,54.917747],[9.388595,54.917859],[9.388673,54.917946],[9.388754,54.918026],[9.388838,54.918108],[9.388909,54.918166],[9.389,54.918239],[9.389076,54.918297],[9.389192,54.91838],[9.389294,54.918455],[9.38945,54.918567],[9.389566,54.918652],[9.389699,54.918749],[9.389812,54.918834],[9.389999,54.918979],[9.390124,54.91908],[9.390283,54.919211],[9.39046,54.919353],[9.390607,54.919474],[9.390796,54.919628],[9.390925,54.919736],[9.39107,54.919856],[9.391185,54.919953],[9.391307,54.920052],[9.391452,54.920171],[9.391615,54.920304],[9.391688,54.920365],[9.391867,54.920513],[9.392038,54.920658],[9.392136,54.920754],[9.392203,54.920832],[9.392251,54.9209],[9.392292,54.920971],[9.392341,54.921075],[9.392362,54.92113],[9.392393,54.921219],[9.392411,54.921269],[9.39242,54.921305],[9.392455,54.921456],[9.392502,54.921707],[9.392567,54.922136],[9.392609,54.922421],[9.392611,54.922433],[9.392629,54.92255],[9.392659,54.922742],[9.39271,54.923054],[9.392775,54.923423],[9.392828,54.92373],[9.392861,54.92394],[9.392882,54.924074],[9.392909,54.924218],[9.392933,54.924382],[9.392957,54.924527],[9.392967,54.924633],[9.393018,54.92518],[9.393022,54.925357],[9.39303,54.925667],[9.393038,54.926068],[9.39304,54.926199],[9.393049,54.926611],[9.393048,54.926741],[9.393056,54.927099],[9.393056,54.927232],[9.393061,54.927562],[9.393063,54.927659],[9.393078,54.927916],[9.39308,54.927967],[9.393085,54.928035],[9.393101,54.928132],[9.393127,54.928235],[9.393187,54.928418],[9.393235,54.928545],[9.393291,54.928652],[9.393344,54.92874],[9.393409,54.928846],[9.393488,54.928949],[9.393511,54.928979],[9.393643,54.92913],[9.393675,54.929164],[9.393712,54.929205],[9.393952,54.929443],[9.394078,54.929567],[9.394421,54.929902],[9.394872,54.930349],[9.395299,54.930767],[9.395486,54.930949],[9.395822,54.931283],[9.396004,54.931464],[9.396521,54.931967],[9.397072,54.932512],[9.397442,54.932876],[9.397632,54.933061],[9.39778,54.933205],[9.397801,54.933226],[9.397908,54.933331],[9.398036,54.933456],[9.398179,54.933597],[9.398885,54.934292],[9.398974,54.934378],[9.399136,54.93454],[9.399235,54.934638],[9.399352,54.934753],[9.399365,54.934765],[9.399403,54.934802],[9.399648,54.935014],[9.399988,54.93531],[9.400353,54.93556],[9.400513,54.93567],[9.400615,54.93574],[9.400729,54.935805],[9.400396,54.935957],[9.400169,54.936069],[9.399926,54.936188],[9.399802,54.936248],[9.399777,54.936264],[9.399749,54.936297],[9.399729,54.936332],[9.39971,54.936391],[9.399708,54.936466],[9.399741,54.936656],[9.399748,54.936692],[9.399758,54.93675],[9.399805,54.937029],[9.399831,54.937155],[9.39985,54.937248],[9.39988,54.937357],[9.399951,54.93737],[9.399957,54.937531],[9.399933,54.937799],[9.39993,54.93784],[9.399919,54.938044],[9.399914,54.938128],[9.399919,54.938311],[9.399932,54.93839],[9.39988,54.938384],[9.399778,54.938373],[9.399614,54.938312],[9.399523,54.938275],[9.399196,54.938282],[9.398761,54.938282],[9.398584,54.938279],[9.398527,54.938278],[9.398516,54.938316],[9.398495,54.938392],[9.3984,54.938392],[9.397565,54.938394],[9.397056,54.938398],[9.396676,54.938401],[9.396337,54.938403],[9.396007,54.938404],[9.395728,54.938405],[9.395569,54.938406],[9.394997,54.938408],[9.39498,54.938408],[9.394279,54.938411],[9.393933,54.938413],[9.393918,54.938413],[9.392847,54.93841],[9.39285,54.938497],[9.392389,54.938498],[9.392238,54.938499],[9.392161,54.9385],[9.391384,54.938509],[9.39133,54.938509],[9.391164,54.938511],[9.390804,54.938515],[9.390633,54.938515],[9.390549,54.938515],[9.389859,54.938516],[9.38946,54.938522],[9.389008,54.938529],[9.38871,54.938533],[9.388581,54.938535],[9.388285,54.938539],[9.387801,54.938546],[9.387478,54.938551],[9.387454,54.938595],[9.387441,54.938619],[9.387436,54.938628],[9.387408,54.938673],[9.38737,54.938716],[9.38735,54.938732],[9.387299,54.938768],[9.387236,54.938801],[9.387133,54.938847],[9.387077,54.938872],[9.38692,54.938931],[9.38685,54.938956],[9.38669,54.939012],[9.386606,54.939033],[9.386572,54.939038],[9.386552,54.93904],[9.386503,54.939041],[9.386458,54.939039],[9.386413,54.939032],[9.386337,54.939014],[9.38621,54.938974],[9.386087,54.938934],[9.386039,54.938924],[9.386003,54.938919],[9.385994,54.938918],[9.385961,54.938919],[9.38594,54.93892],[9.385886,54.938929],[9.385832,54.938938],[9.385807,54.938942],[9.385745,54.93895],[9.385696,54.938957],[9.38566,54.938962],[9.385459,54.938991],[9.385116,54.939035],[9.384939,54.939048],[9.384741,54.939057],[9.384531,54.93906],[9.384153,54.939056],[9.383892,54.939052],[9.383726,54.939051],[9.383561,54.93905],[9.383198,54.939049],[9.383073,54.939048],[9.383044,54.939048],[9.382753,54.939047],[9.382445,54.939043],[9.382238,54.939033],[9.381996,54.939019],[9.381944,54.939014],[9.381753,54.938993],[9.381693,54.938985],[9.381532,54.93896],[9.381433,54.938942],[9.381168,54.938893],[9.381128,54.938885],[9.381094,54.938878],[9.381046,54.938869],[9.380985,54.938857],[9.380963,54.938853],[9.380943,54.938849],[9.380905,54.938841],[9.380834,54.938828],[9.380812,54.938826],[9.380791,54.938826],[9.380773,54.938828],[9.380765,54.938831],[9.38076,54.938833],[9.380742,54.938844],[9.380739,54.938849],[9.380722,54.938872],[9.380692,54.938946],[9.380667,54.938995],[9.380653,54.939013],[9.380632,54.939027],[9.380608,54.939038],[9.380581,54.939046],[9.380551,54.939053],[9.380521,54.939056],[9.380498,54.939057],[9.380298,54.939058],[9.380031,54.939057],[9.379456,54.939052],[9.378833,54.939051],[9.378661,54.939049],[9.378154,54.939047],[9.377854,54.939043],[9.377799,54.939044],[9.377804,54.93914],[9.377808,54.939216],[9.377813,54.939303],[9.377815,54.939345],[9.377818,54.939377],[9.377821,54.939423],[9.377827,54.939514],[9.377841,54.939727],[9.37785,54.93979],[9.377858,54.939814],[9.377872,54.939836],[9.377886,54.939855],[9.377909,54.93988],[9.377948,54.939919],[9.377968,54.939941],[9.377974,54.939951],[9.377985,54.939983],[9.37799,54.94006],[9.377988,54.940227],[9.377989,54.940243],[9.377898,54.940259],[9.377635,54.940315],[9.377581,54.940327],[9.377163,54.940423],[9.377066,54.940446],[9.376841,54.940494],[9.376511,54.940569],[9.37599,54.940689],[9.375783,54.940733],[9.375581,54.940767],[9.375517,54.940781],[9.375446,54.940797],[9.37542,54.940803],[9.375339,54.940825],[9.375295,54.94084],[9.374965,54.940931],[9.374796,54.940983],[9.374688,54.941012],[9.374637,54.941027],[9.374479,54.941072],[9.374289,54.941114],[9.374114,54.941146],[9.373989,54.941165],[9.37393,54.941174],[9.373786,54.941194],[9.373631,54.941217],[9.373592,54.941223],[9.373371,54.941254],[9.37305,54.941304],[9.37277,54.941347],[9.372383,54.941404],[9.372133,54.941439],[9.372122,54.941441],[9.371821,54.941475],[9.371536,54.941505],[9.371137,54.941542],[9.370813,54.941572],[9.370343,54.941616],[9.369888,54.94166],[9.369405,54.941706],[9.369044,54.94174],[9.368661,54.941776],[9.368169,54.941822],[9.36776,54.941858],[9.367377,54.941892],[9.367066,54.94192],[9.366841,54.941938],[9.366593,54.941953],[9.3664,54.941959],[9.366245,54.941961],[9.366114,54.94196],[9.365967,54.941958],[9.365702,54.941951],[9.365382,54.941935],[9.365078,54.94192],[9.364669,54.941902],[9.364226,54.941882],[9.363841,54.941865],[9.363496,54.941847],[9.363161,54.941833],[9.362823,54.941817],[9.362636,54.941808],[9.362575,54.941805],[9.362453,54.941797],[9.362197,54.941788],[9.361968,54.94178],[9.361903,54.941776],[9.361863,54.941774],[9.361704,54.941765],[9.361658,54.941762],[9.361659,54.941776],[9.361657,54.941844],[9.361643,54.941922],[9.361614,54.942013],[9.36154,54.942192],[9.361498,54.942284],[9.361393,54.942508],[9.361286,54.942755],[9.361251,54.942824],[9.361179,54.942969],[9.361152,54.94302],[9.361066,54.943186],[9.360943,54.943404],[9.360889,54.943497],[9.360777,54.943687],[9.360615,54.943957],[9.360503,54.944146],[9.360495,54.94416],[9.36046,54.944222],[9.360329,54.94443],[9.360288,54.944498],[9.360232,54.94459],[9.360212,54.944624],[9.360162,54.944705],[9.360043,54.944906],[9.359931,54.945088],[9.359811,54.945287],[9.359753,54.945383],[9.359603,54.945629],[9.359473,54.945839],[9.359422,54.945924],[9.359292,54.946139],[9.359203,54.946281],[9.359171,54.94633],[9.359049,54.946509],[9.358912,54.946703],[9.358845,54.946792],[9.358686,54.946993],[9.358544,54.947165],[9.358535,54.947176],[9.358348,54.947395],[9.358266,54.947491],[9.358122,54.947665],[9.357979,54.947839],[9.357971,54.947849],[9.357923,54.947906],[9.357753,54.948102],[9.357591,54.948303],[9.357369,54.948591],[9.357297,54.948692],[9.35717,54.948886],[9.357069,54.949039],[9.356958,54.949209],[9.356918,54.949268],[9.356786,54.94947],[9.356677,54.949626],[9.356634,54.949688],[9.35653,54.949827],[9.356474,54.9499],[9.35645,54.94993],[9.356412,54.949975],[9.356393,54.949997],[9.356316,54.950068],[9.356157,54.950202],[9.356095,54.950252],[9.355834,54.950447],[9.355528,54.95067],[9.355431,54.950742],[9.355242,54.950887],[9.355009,54.951078],[9.354901,54.951175],[9.354824,54.951255],[9.354771,54.951316],[9.354749,54.951344],[9.354709,54.951408],[9.354679,54.951462],[9.354656,54.951516],[9.354648,54.951539],[9.354629,54.951611],[9.354624,54.951641],[9.354619,54.951701],[9.354619,54.951812],[9.354617,54.952016],[9.354617,54.952076],[9.354615,54.952242],[9.35461,54.952378],[9.354599,54.952462],[9.354591,54.952498],[9.354566,54.952572],[9.354553,54.952606],[9.354523,54.952682],[9.354471,54.952798],[9.354374,54.952971],[9.354354,54.953005],[9.354246,54.953183],[9.354187,54.953278],[9.354007,54.953543],[9.353858,54.95375],[9.3538,54.95383],[9.353705,54.953964],[9.353652,54.954047],[9.353535,54.95426],[9.353495,54.954342],[9.353418,54.95451],[9.35333,54.954718],[9.353302,54.954793],[9.353262,54.954917],[9.353242,54.954992],[9.353215,54.955135],[9.353203,54.955215],[9.353174,54.955491],[9.353159,54.955743],[9.353156,54.955831],[9.353142,54.956046],[9.353135,54.956256],[9.353127,54.956406],[9.353126,54.956429],[9.353121,54.956504],[9.353117,54.956576],[9.353099,54.956883],[9.353091,54.957056],[9.353084,54.957133],[9.353063,54.957409],[9.353042,54.957734],[9.353024,54.957998],[9.353008,54.958293],[9.353003,54.958445],[9.352986,54.958602],[9.352977,54.958908],[9.352965,54.959051],[9.352958,54.959152],[9.352955,54.959257],[9.352954,54.959344],[9.352953,54.959418],[9.35294,54.959573],[9.352931,54.959709],[9.352909,54.959954],[9.352885,54.960247],[9.352867,54.960516],[9.352843,54.960785],[9.352808,54.961191],[9.352591,54.962768],[9.352548,54.963066],[9.352494,54.963387],[9.352413,54.963753],[9.352321,54.964094],[9.352253,54.964346],[9.35219,54.964593],[9.352029,54.965043],[9.351904,54.965361],[9.351842,54.965503],[9.35175,54.96571],[9.351688,54.965852],[9.351611,54.966024],[9.351512,54.966256],[9.351359,54.966621],[9.351181,54.967016],[9.351032,54.967338],[9.350954,54.967457],[9.350947,54.967469],[9.350856,54.967625],[9.35072,54.967868],[9.350467,54.968315],[9.350254,54.968691],[9.350123,54.968926],[9.350008,54.969131],[9.349805,54.969479],[9.349609,54.969799],[9.349467,54.970028],[9.349276,54.970365],[9.349068,54.970717],[9.34898,54.970861],[9.348827,54.971111],[9.348678,54.971356],[9.348462,54.971695],[9.348269,54.971999],[9.348055,54.972329],[9.347791,54.972727],[9.347579,54.973049],[9.347551,54.973092],[9.347432,54.973264],[9.347384,54.973333],[9.347313,54.973435],[9.3473,54.973455],[9.347197,54.973599],[9.347081,54.973761],[9.346933,54.973965],[9.346915,54.97399],[9.346792,54.974164],[9.346659,54.97434],[9.3466,54.974421],[9.346587,54.974443],[9.346584,54.974447],[9.346546,54.974507],[9.346502,54.974557],[9.346498,54.974561],[9.34635,54.974773],[9.346135,54.975095],[9.346085,54.975172],[9.345936,54.975386],[9.345764,54.975612],[9.345687,54.975707],[9.345491,54.975943],[9.345285,54.976176],[9.345135,54.976337],[9.345129,54.976345],[9.345069,54.97642],[9.344982,54.976488],[9.34496,54.976509],[9.344847,54.976622],[9.344685,54.976773],[9.344517,54.976911],[9.344274,54.977087],[9.344168,54.977151],[9.343897,54.97731],[9.343725,54.977407],[9.3436,54.977476],[9.343298,54.977643],[9.342932,54.977849],[9.34282,54.977912],[9.342572,54.978061],[9.342449,54.978138],[9.342158,54.97833],[9.341833,54.978571],[9.341587,54.978764],[9.341339,54.978977],[9.341103,54.979204],[9.341013,54.979293],[9.340761,54.979542],[9.340549,54.979745],[9.340332,54.979948],[9.340138,54.980123],[9.339901,54.980332],[9.339801,54.980419],[9.339594,54.980582],[9.339394,54.980739],[9.339255,54.980858],[9.339146,54.980956],[9.339056,54.98093],[9.339025,54.980962],[9.338975,54.981014],[9.338899,54.981085],[9.338763,54.981211],[9.33862,54.981333],[9.338596,54.981353],[9.338532,54.981411],[9.338351,54.981564],[9.338193,54.981713],[9.338078,54.981816],[9.337937,54.981937],[9.337822,54.982023],[9.337694,54.982106],[9.337566,54.982185],[9.337371,54.982287],[9.337192,54.982372],[9.336707,54.982581],[9.336534,54.982654],[9.336326,54.982742],[9.336101,54.982832],[9.33584,54.982943],[9.33565,54.983022],[9.33554,54.983068],[9.33545,54.983105],[9.335289,54.98317],[9.335151,54.983228],[9.334927,54.983317],[9.334721,54.983406],[9.33457,54.98347],[9.334348,54.983566],[9.334155,54.983645],[9.333985,54.983713],[9.333786,54.983792],[9.333581,54.983874],[9.333407,54.983942],[9.333261,54.984],[9.333118,54.984055],[9.332911,54.984137],[9.332645,54.984242],[9.332422,54.984332],[9.332197,54.984421],[9.332013,54.984496],[9.331789,54.984586],[9.331633,54.984652],[9.331497,54.984706],[9.331383,54.98475],[9.331147,54.984845],[9.330644,54.985041],[9.330348,54.985147],[9.330214,54.985194],[9.330105,54.985232],[9.329975,54.985277],[9.329776,54.985344],[9.329329,54.985503],[9.329057,54.9856],[9.328816,54.985683],[9.328607,54.985759],[9.328455,54.985814],[9.328444,54.985818],[9.328255,54.985886],[9.328067,54.985956],[9.327948,54.986004],[9.327859,54.986041],[9.327806,54.986064],[9.327734,54.986096],[9.327648,54.986137],[9.32758,54.986171],[9.327511,54.986208],[9.327404,54.986264],[9.32722,54.986368],[9.327094,54.98644],[9.326928,54.986524],[9.326796,54.986593],[9.326608,54.986686],[9.326464,54.986759],[9.326308,54.986834],[9.326176,54.986896],[9.326071,54.986945],[9.325939,54.98701],[9.325793,54.987085],[9.325648,54.987163],[9.325519,54.987237],[9.325394,54.987306],[9.325257,54.987389],[9.325123,54.987468],[9.324966,54.987566],[9.324815,54.987666],[9.324697,54.987743],[9.324586,54.987823],[9.324491,54.987894],[9.324358,54.987986],[9.324277,54.988047],[9.324162,54.988151],[9.324148,54.988163],[9.324079,54.988226],[9.32403,54.988282],[9.323943,54.988396],[9.3239,54.988472],[9.323849,54.988587],[9.323803,54.98869],[9.323775,54.988769],[9.323718,54.988917],[9.323632,54.989149],[9.323568,54.989321],[9.323499,54.989517],[9.323441,54.989694],[9.323376,54.98989],[9.323349,54.989975],[9.32329,54.990156],[9.323228,54.990352],[9.323181,54.990494],[9.323158,54.990569],[9.323093,54.990765],[9.323025,54.99097],[9.323005,54.99103],[9.322953,54.991178],[9.322919,54.991277],[9.322908,54.991309],[9.322893,54.991355],[9.322888,54.991362],[9.322864,54.991461],[9.322858,54.991487],[9.322841,54.991556],[9.322838,54.991566],[9.322824,54.991622],[9.322816,54.991649],[9.322787,54.991759],[9.322756,54.991889],[9.322721,54.992018],[9.322699,54.992104],[9.322657,54.992261],[9.322622,54.992392],[9.322602,54.99246],[9.322538,54.992723],[9.322485,54.992979],[9.322432,54.993204],[9.322386,54.993403],[9.322348,54.993574],[9.322312,54.993713],[9.322276,54.993829],[9.322266,54.993856],[9.322238,54.993923],[9.322201,54.993988],[9.322165,54.994048],[9.322152,54.994065],[9.322098,54.994138],[9.322043,54.994207],[9.322025,54.994228],[9.322007,54.994247],[9.321932,54.994327],[9.321831,54.994427],[9.321681,54.994565],[9.321552,54.994679],[9.32147,54.994761],[9.321439,54.994792],[9.321388,54.994847],[9.321336,54.994907],[9.321315,54.994933],[9.321251,54.995018],[9.321232,54.995043],[9.321218,54.995062],[9.321131,54.995185],[9.321004,54.995377],[9.320955,54.995451],[9.320802,54.99569],[9.320793,54.995705],[9.32074,54.99579],[9.320559,54.996072],[9.32049,54.996191],[9.320309,54.996492],[9.3202,54.996675],[9.320112,54.996833],[9.320093,54.99687],[9.320035,54.996961],[9.319964,54.997055],[9.319921,54.997107],[9.319857,54.997179],[9.319842,54.997195],[9.319828,54.997215],[9.319786,54.997264],[9.319759,54.997291],[9.319674,54.997381],[9.319644,54.997409],[9.319528,54.997522],[9.319396,54.997651],[9.319194,54.997844],[9.318975,54.998042],[9.31877,54.998216],[9.318512,54.99843],[9.318431,54.998495],[9.318271,54.99862],[9.318175,54.998695],[9.318114,54.998741],[9.318036,54.998795],[9.318001,54.998819],[9.317795,54.998956],[9.317641,54.999064],[9.317599,54.999095],[9.317529,54.99915],[9.317464,54.999209],[9.317441,54.999232],[9.317387,54.999289],[9.317338,54.999343],[9.317321,54.999365],[9.31728,54.999422],[9.31724,54.999482],[9.317221,54.999513],[9.317173,54.999594],[9.317132,54.999667],[9.317045,54.999838],[9.316946,55.000032],[9.316822,55.000271],[9.316694,55.000509],[9.316552,55.000779],[9.31642,55.001019],[9.316336,55.001171],[9.316332,55.001179],[9.316306,55.001226],[9.316205,55.001402],[9.316062,55.001653],[9.315913,55.001918],[9.315756,55.00221],[9.315613,55.002479],[9.31548,55.002744],[9.315369,55.002981],[9.315314,55.003092],[9.315196,55.003356],[9.315131,55.003518],[9.315117,55.003551],[9.315102,55.003597],[9.315094,55.003623],[9.315068,55.003841],[9.315065,55.003882],[9.315055,55.003987],[9.315052,55.004039],[9.31505,55.004087],[9.315049,55.004142],[9.315045,55.004255],[9.315054,55.004465],[9.315056,55.004553],[9.315072,55.004823],[9.315086,55.004957],[9.315114,55.005122],[9.315152,55.005282],[9.315166,55.005333],[9.315185,55.005398],[9.315218,55.005495],[9.315234,55.005536],[9.315287,55.005668],[9.315339,55.005797],[9.315401,55.005954],[9.315435,55.006046],[9.315515,55.006249],[9.315652,55.006607],[9.315736,55.006817],[9.315798,55.006973],[9.315934,55.00731],[9.316161,55.007828],[9.316219,55.007955],[9.316251,55.008024],[9.316288,55.008105],[9.316394,55.008334],[9.3165,55.008563],[9.316625,55.008853],[9.316826,55.009302],[9.316951,55.009591],[9.31725,55.010261],[9.317332,55.010447],[9.317385,55.010562],[9.317445,55.010697],[9.317507,55.010841],[9.317564,55.010975],[9.317615,55.011109],[9.317674,55.011265],[9.317723,55.011397],[9.317765,55.01152],[9.317809,55.011643],[9.317843,55.01175],[9.31788,55.01188],[9.317911,55.012],[9.317936,55.012111],[9.317957,55.012218],[9.317975,55.012311],[9.317985,55.012365],[9.317997,55.012444],[9.318005,55.012488],[9.31802,55.012566],[9.318031,55.012605],[9.318044,55.012663],[9.318057,55.012711],[9.318066,55.012744],[9.318083,55.01279],[9.318102,55.012831],[9.318123,55.012869],[9.318151,55.012916],[9.31821,55.013005],[9.318251,55.013061],[9.318308,55.013135],[9.31836,55.013197],[9.318425,55.013277],[9.318464,55.013328],[9.318542,55.01342],[9.31859,55.013479],[9.318659,55.013561],[9.318707,55.013623],[9.318775,55.013713],[9.318808,55.013757],[9.318839,55.0138],[9.318869,55.013844],[9.318897,55.013885],[9.318921,55.013924],[9.318942,55.013959],[9.318958,55.013988],[9.318979,55.014031],[9.318999,55.014075],[9.319019,55.014129],[9.319044,55.014195],[9.319073,55.014285],[9.319096,55.014356],[9.319124,55.014462],[9.31915,55.014545],[9.319181,55.014655],[9.319204,55.014728],[9.319237,55.014843],[9.319262,55.014919],[9.319294,55.015025],[9.319321,55.015106],[9.31936,55.015214],[9.319382,55.015277],[9.319405,55.015346],[9.319407,55.015373],[9.319409,55.015411],[9.319403,55.015453],[9.319397,55.015497],[9.319458,55.01555],[9.319514,55.015602],[9.319556,55.015643],[9.319604,55.015696],[9.319676,55.015782],[9.31972,55.015836],[9.31976,55.015891],[9.319824,55.01599],[9.319859,55.016046],[9.31991,55.016141],[9.319939,55.016203],[9.319974,55.016293],[9.319994,55.016358],[9.320016,55.016437],[9.320029,55.016496],[9.320042,55.01656],[9.320055,55.016633],[9.320072,55.016739],[9.320084,55.016809],[9.320099,55.016922],[9.320108,55.016986],[9.320109,55.016991],[9.320113,55.017025],[9.320146,55.017245],[9.320179,55.017465],[9.320215,55.017725],[9.32024,55.017927],[9.320258,55.01803],[9.320271,55.018112],[9.320332,55.018553],[9.320335,55.018568],[9.32034,55.018609],[9.320353,55.018701],[9.320381,55.018893],[9.320395,55.018994],[9.320408,55.019088],[9.320418,55.019151],[9.320421,55.019198],[9.320446,55.019407],[9.320457,55.01965],[9.32046,55.019814],[9.320455,55.019958],[9.320453,55.019983],[9.320443,55.02014],[9.320427,55.02034],[9.320421,55.020401],[9.320412,55.020469],[9.320404,55.020539],[9.320401,55.020557],[9.320394,55.020599],[9.320385,55.020641],[9.320376,55.02067],[9.320361,55.02071],[9.320343,55.020749],[9.320329,55.020776],[9.320318,55.020798],[9.320307,55.020817],[9.320288,55.02085],[9.320244,55.020915],[9.320209,55.020963],[9.320184,55.020996],[9.320182,55.020998],[9.320116,55.02108],[9.320113,55.021083],[9.320092,55.021106],[9.320065,55.021136],[9.320103,55.021152],[9.320145,55.021176],[9.320181,55.021203],[9.320207,55.021228],[9.320227,55.021263],[9.320235,55.021283],[9.320238,55.02132],[9.320233,55.021356],[9.320225,55.021376],[9.320204,55.02141],[9.320181,55.021435],[9.320147,55.021462],[9.320102,55.021486],[9.320077,55.021495],[9.320101,55.021526],[9.320117,55.021547],[9.320121,55.021552],[9.320185,55.021641],[9.320214,55.02169],[9.320236,55.021738],[9.320247,55.021768],[9.320257,55.021803],[9.320264,55.021831],[9.320273,55.021879],[9.320274,55.021888],[9.320283,55.02195],[9.320295,55.022042],[9.320308,55.022168],[9.320342,55.022451],[9.320391,55.022872],[9.32044,55.023313],[9.320491,55.023703],[9.320523,55.023983],[9.320562,55.024328],[9.320573,55.024417],[9.320594,55.024595],[9.32063,55.02493],[9.320661,55.025211],[9.320673,55.025322],[9.320677,55.025386],[9.320676,55.025447],[9.320669,55.025507],[9.320661,55.025556],[9.320649,55.025619],[9.320643,55.025644],[9.320622,55.025729],[9.320621,55.025736],[9.320611,55.025804],[9.320656,55.025811],[9.320698,55.025822],[9.320743,55.025841],[9.320783,55.025863],[9.32081,55.025886],[9.32083,55.025914],[9.320838,55.025927],[9.320847,55.025958],[9.320846,55.025987],[9.320838,55.026014],[9.320946,55.02602],[9.320957,55.026021],[9.321047,55.026031],[9.321097,55.026037],[9.321135,55.026042],[9.321261,55.026055],[9.321386,55.026071],[9.321473,55.026081],[9.3216,55.026096],[9.321773,55.026114],[9.321804,55.026118],[9.321933,55.026133],[9.322084,55.026151],[9.322253,55.026172],[9.322404,55.026189],[9.322525,55.026203],[9.322668,55.026219],[9.322714,55.026225],[9.322795,55.026234],[9.322875,55.026244],[9.322951,55.026254],[9.323078,55.026269],[9.323181,55.026281],[9.323283,55.026293],[9.323407,55.026308],[9.323501,55.026319],[9.323627,55.026333],[9.323765,55.026349],[9.323865,55.02636],[9.323988,55.026375],[9.32412,55.026392],[9.324229,55.026406],[9.324395,55.026426],[9.324588,55.026448],[9.324731,55.026465],[9.324825,55.026477],[9.324947,55.026491],[9.325074,55.026506],[9.325187,55.02652],[9.325315,55.026535],[9.325453,55.026551],[9.325601,55.026567],[9.325739,55.026584],[9.325873,55.026599],[9.326015,55.026617],[9.32616,55.026633],[9.326311,55.026651],[9.32634,55.026654],[9.326466,55.026669],[9.326624,55.026688],[9.326772,55.026706],[9.326892,55.02672],[9.327055,55.026739],[9.327204,55.026758],[9.327334,55.026774],[9.327475,55.026791],[9.327635,55.026808],[9.327782,55.026826],[9.327942,55.026846],[9.328081,55.026861],[9.328194,55.026875],[9.328327,55.026891],[9.328463,55.026907],[9.328603,55.026923],[9.328725,55.026937],[9.328857,55.026952],[9.328973,55.026965],[9.329111,55.026979],[9.329265,55.026996],[9.329401,55.02701],[9.329555,55.027025],[9.329697,55.027037],[9.329826,55.027048],[9.329919,55.027055],[9.330001,55.027061],[9.330105,55.027068],[9.330222,55.027075],[9.330327,55.027082],[9.330407,55.027087],[9.330515,55.027094],[9.330637,55.0271],[9.330746,55.027105],[9.330826,55.027108],[9.330906,55.027111],[9.331032,55.027117],[9.331147,55.027121],[9.33127,55.027124],[9.331378,55.027127],[9.331459,55.027129],[9.331571,55.027132],[9.331736,55.027132],[9.331884,55.027134],[9.331951,55.027134],[9.331956,55.027162],[9.331963,55.027178],[9.331966,55.027183],[9.331975,55.02719],[9.331986,55.027198],[9.332001,55.027207],[9.332017,55.027216],[9.332033,55.027225],[9.332056,55.027234],[9.332082,55.027245],[9.332118,55.027259],[9.332172,55.027279],[9.332241,55.027302],[9.332327,55.027332],[9.332382,55.02735],[9.332451,55.027373],[9.332543,55.027405],[9.332648,55.027438],[9.332701,55.027457],[9.332767,55.027479],[9.332842,55.027504],[9.332921,55.02753],[9.332986,55.027553],[9.333077,55.027584],[9.333158,55.027614],[9.333277,55.027657],[9.333369,55.027691],[9.3335,55.027736],[9.333601,55.027774],[9.333721,55.027817],[9.333821,55.027853],[9.33396,55.027902],[9.334052,55.027936],[9.334184,55.027986],[9.334271,55.028018],[9.334415,55.028069],[9.334536,55.028113],[9.334728,55.028183],[9.33488,55.028238],[9.334991,55.028278],[9.335131,55.028329],[9.335236,55.028365],[9.335254,55.028372],[9.335353,55.028408],[9.335845,55.028589],[9.336016,55.028646],[9.336464,55.028781],[9.336578,55.028814],[9.336964,55.028924],[9.337549,55.0291],[9.338059,55.029234],[9.338086,55.029243],[9.338135,55.02925],[9.338521,55.029312],[9.338573,55.029321],[9.339168,55.029423],[9.339394,55.029467],[9.339452,55.029479],[9.339486,55.029486],[9.339542,55.029501],[9.339625,55.029529],[9.339649,55.029538],[9.339727,55.029572],[9.340083,55.029766],[9.34022,55.029837],[9.340453,55.02995],[9.340696,55.030053],[9.340952,55.030159],[9.341241,55.030271],[9.341619,55.030404],[9.341757,55.03045],[9.342213,55.030597],[9.342529,55.030688],[9.342613,55.030711],[9.34282,55.030762],[9.342956,55.030791],[9.34334,55.030864],[9.343442,55.030884],[9.343754,55.030938],[9.344188,55.031005],[9.344715,55.031077],[9.344974,55.031109],[9.345862,55.031208],[9.346712,55.031296],[9.346882,55.031315],[9.346949,55.031323],[9.346935,55.031349],[9.34691,55.031384],[9.346881,55.031421],[9.34685,55.031472],[9.346837,55.031494],[9.346801,55.031579],[9.346762,55.031692],[9.346748,55.031744],[9.346693,55.031947],[9.346652,55.032119],[9.346594,55.032403],[9.346576,55.032464],[9.346548,55.032605],[9.346522,55.032703],[9.346506,55.032744],[9.346446,55.032867],[9.346394,55.032947],[9.346327,55.033038],[9.346259,55.033141],[9.346236,55.033177],[9.346204,55.033265],[9.346169,55.033392],[9.346127,55.033667],[9.346117,55.033714],[9.346096,55.033791],[9.346067,55.033845],[9.346029,55.033887],[9.345988,55.033916],[9.345942,55.03394],[9.345893,55.033956],[9.345841,55.033965],[9.34577,55.033966],[9.34574,55.033965],[9.345682,55.03396],[9.345554,55.033943],[9.345476,55.033935],[9.345418,55.033936],[9.34538,55.033939],[9.345336,55.033948],[9.345314,55.033955],[9.345295,55.033965],[9.345277,55.033975],[9.345258,55.033991],[9.345243,55.034005],[9.345225,55.034026],[9.345208,55.034052],[9.345183,55.034112],[9.345167,55.034163],[9.345044,55.034552],[9.345005,55.034683],[9.344931,55.034918],[9.344855,55.035141],[9.344823,55.035238],[9.344735,55.035497],[9.344627,55.035829],[9.344589,55.035942],[9.344511,55.036172],[9.344474,55.036288],[9.344332,55.036725],[9.344305,55.036808],[9.344258,55.036941],[9.344237,55.037],[9.344233,55.037011],[9.344197,55.037114],[9.344077,55.037463],[9.34404,55.037583],[9.344,55.037703],[9.343973,55.037768],[9.343965,55.037781],[9.343932,55.037832],[9.343874,55.037884],[9.343806,55.03793],[9.343754,55.037952],[9.343686,55.037971],[9.343606,55.037985],[9.343564,55.037992],[9.343443,55.038002],[9.343293,55.038008],[9.343149,55.038011],[9.34245,55.038016],[9.342166,55.038023],[9.342004,55.038033],[9.341831,55.038052],[9.341691,55.038074],[9.34151,55.038111],[9.341386,55.03814],[9.341336,55.038154],[9.341245,55.038189],[9.341172,55.038229],[9.34112,55.038271],[9.341087,55.038318],[9.341063,55.038368],[9.341053,55.038394],[9.341034,55.038487],[9.340992,55.03902],[9.340978,55.039176],[9.34095,55.039489],[9.340911,55.03985],[9.340873,55.040204],[9.340831,55.040529],[9.340791,55.040948],[9.340784,55.04102],[9.340772,55.041209],[9.340774,55.041252],[9.340804,55.041355],[9.34085,55.041476],[9.340965,55.04148],[9.34106,55.041498],[9.341156,55.041526],[9.341195,55.041539],[9.34129,55.041583],[9.341394,55.041651],[9.341442,55.041694],[9.34149,55.041738],[9.341526,55.041778],[9.34158,55.041846],[9.341592,55.041862],[9.341597,55.041871],[9.34165,55.041952],[9.341676,55.041999],[9.341699,55.042038],[9.341735,55.042136],[9.341743,55.042158],[9.341754,55.042226],[9.341761,55.04231],[9.34178,55.042681],[9.341785,55.042796],[9.341786,55.042827],[9.341793,55.042914],[9.341801,55.042982],[9.341824,55.043174],[9.341836,55.04324],[9.341866,55.043369],[9.341924,55.043555],[9.342022,55.043825],[9.342138,55.044122],[9.342193,55.044252],[9.342252,55.044397],[9.34232,55.044566],[9.342323,55.044572],[9.342373,55.044684],[9.342443,55.044816],[9.342468,55.04485],[9.34249,55.04488],[9.342506,55.0449],[9.342615,55.045037],[9.342646,55.045077],[9.342767,55.045218],[9.342803,55.045274],[9.342831,55.045322],[9.342887,55.045433],[9.342926,55.045542],[9.342946,55.045595],[9.342964,55.045672],[9.342969,55.045713],[9.34302,55.045946],[9.343097,55.046323],[9.343145,55.04656],[9.343206,55.046872],[9.343232,55.047047],[9.343271,55.047311],[9.343317,55.047649],[9.343338,55.047735],[9.343404,55.047893],[9.343312,55.047951],[9.343227,55.048013],[9.343165,55.048057],[9.343069,55.048105],[9.342865,55.048196],[9.342585,55.048319],[9.342291,55.048431],[9.342044,55.048511],[9.341897,55.048549],[9.341567,55.048619],[9.341218,55.048687],[9.341192,55.048691],[9.340834,55.048747],[9.340367,55.048814],[9.340362,55.048872],[9.34032,55.049059],[9.340306,55.049117],[9.340215,55.049456],[9.340162,55.049695],[9.340122,55.049909],[9.340076,55.050171],[9.340028,55.05042],[9.340013,55.050491],[9.339938,55.050769],[9.339881,55.051025],[9.339859,55.051191],[9.339843,55.051428],[9.339821,55.051855],[9.339815,55.052047],[9.339815,55.052052],[9.339807,55.052294],[9.33978,55.052629],[9.339746,55.052893],[9.339693,55.053203],[9.339609,55.053661],[9.339605,55.053685],[9.339558,55.053934],[9.339509,55.054114],[9.339453,55.054325],[9.339441,55.054362],[9.339428,55.054403],[9.339391,55.054519],[9.339266,55.054851],[9.339154,55.055099],[9.339134,55.055144],[9.339046,55.055323],[9.33899,55.055436],[9.338952,55.055517],[9.338797,55.055848],[9.338728,55.055989],[9.338594,55.056264],[9.338491,55.056484],[9.33844,55.056591],[9.338397,55.056682],[9.338332,55.056822],[9.338244,55.057011],[9.338239,55.057025],[9.338182,55.05718],[9.338119,55.057428],[9.338111,55.057459],[9.33804,55.057797],[9.338002,55.057998],[9.337983,55.058048],[9.337951,55.058088],[9.337897,55.058126],[9.337826,55.058149],[9.337652,55.058176],[9.337473,55.058206],[9.337402,55.058222],[9.337332,55.058252],[9.337261,55.058294],[9.337202,55.058365],[9.337092,55.058558],[9.337046,55.058642],[9.337011,55.058682],[9.336972,55.058713],[9.336975,55.058761],[9.336967,55.058807],[9.336954,55.058867],[9.33692,55.058953],[9.337062,55.059012],[9.337043,55.05903],[9.337017,55.059055],[9.336762,55.059304],[9.33655,55.059525],[9.336546,55.059529],[9.336509,55.059566],[9.336509,55.059609],[9.33651,55.059636],[9.336443,55.059765],[9.336439,55.059774],[9.336434,55.059787],[9.336465,55.059786],[9.336181,55.060009],[9.336048,55.060115],[9.335832,55.060288],[9.335528,55.06052],[9.335275,55.060717],[9.335216,55.060763],[9.33496,55.060959],[9.334694,55.06117],[9.334401,55.061394],[9.334129,55.061607],[9.333973,55.061727],[9.333932,55.061749],[9.333898,55.061764],[9.33385,55.061775],[9.333782,55.061784],[9.333701,55.061792],[9.333561,55.061794],[9.333577,55.061848],[9.333664,55.062142],[9.333669,55.062157],[9.333677,55.062181],[9.333754,55.062421],[9.333786,55.06253],[9.333811,55.062616],[9.333826,55.062666],[9.333842,55.062713],[9.333893,55.062863],[9.333949,55.063012],[9.334096,55.063382],[9.334106,55.063407],[9.334139,55.063489],[9.334191,55.063621],[9.334281,55.06385],[9.334291,55.063876],[9.334319,55.063946],[9.334387,55.064118],[9.334467,55.06432],[9.334523,55.064458],[9.334535,55.064486],[9.334647,55.064761],[9.334654,55.064781],[9.334775,55.065098],[9.334799,55.065155],[9.334823,55.065216],[9.334863,55.065313],[9.33495,55.065559],[9.334953,55.065568],[9.335006,55.065836],[9.335023,55.065923],[9.335031,55.066066],[9.335047,55.066343],[9.335049,55.066373],[9.335043,55.066636],[9.335035,55.067],[9.33503,55.067244],[9.33503,55.067259],[9.335024,55.067535],[9.335018,55.067781],[9.334999,55.068565],[9.33499,55.06908],[9.334989,55.069125],[9.334988,55.069227],[9.334987,55.069607],[9.335004,55.06973],[9.335027,55.069903],[9.335039,55.069942],[9.335093,55.070115],[9.335223,55.070533],[9.335275,55.070698],[9.335291,55.070751],[9.33531,55.070812],[9.335317,55.070832],[9.335366,55.070978],[9.335385,55.071022],[9.335409,55.071079],[9.335548,55.071405],[9.335589,55.07151],[9.335719,55.07184],[9.335732,55.071874],[9.335739,55.071894],[9.335952,55.072439],[9.336017,55.072608],[9.336077,55.072763],[9.336202,55.073083],[9.336233,55.073164],[9.336273,55.073266],[9.336457,55.073739],[9.336549,55.073977],[9.336713,55.074439],[9.336786,55.074442],[9.336806,55.074443],[9.337348,55.074463],[9.337568,55.074472],[9.338176,55.074493],[9.338679,55.074511],[9.33944,55.074555],[9.339794,55.074599],[9.339902,55.074613],[9.340023,55.074628],[9.340008,55.074657],[9.34,55.074687],[9.34,55.074714],[9.340002,55.074748],[9.340017,55.074778],[9.340038,55.074804],[9.340064,55.074827],[9.340092,55.074847],[9.340122,55.074864],[9.34016,55.07488],[9.340199,55.074894],[9.340247,55.074906],[9.340289,55.074912],[9.340335,55.074916],[9.340381,55.074916],[9.340424,55.074914],[9.340464,55.07491],[9.3405,55.074904],[9.340533,55.074896],[9.340571,55.074884],[9.340599,55.074872],[9.340629,55.074857],[9.340655,55.07484],[9.340677,55.074821],[9.340698,55.0748],[9.340715,55.074778],[9.340831,55.074795],[9.340937,55.074811],[9.341238,55.074856],[9.341368,55.074879],[9.34183,55.074959],[9.342231,55.075029],[9.342737,55.075116],[9.343427,55.075234],[9.34427,55.075378],[9.344542,55.075426],[9.344457,55.075588],[9.344429,55.075674],[9.344425,55.075738],[9.344438,55.075792],[9.344471,55.075865],[9.344529,55.075945],[9.344571,55.075997],[9.344616,55.076048],[9.344751,55.076196],[9.344816,55.076266],[9.344972,55.076438],[9.345007,55.076475],[9.345093,55.076565],[9.345127,55.076598],[9.345206,55.076671],[9.345274,55.076726],[9.345302,55.076747],[9.345376,55.076798],[9.345406,55.076817],[9.345569,55.076908],[9.345689,55.076973],[9.345984,55.077138],[9.346153,55.077236],[9.346237,55.077288],[9.346268,55.077307],[9.346344,55.077363],[9.346374,55.077386],[9.346434,55.077441],[9.34647,55.07748],[9.346489,55.077501],[9.346534,55.077561],[9.346578,55.077633],[9.346614,55.077712],[9.346624,55.077738],[9.346639,55.077794],[9.346644,55.077845],[9.346644,55.077891],[9.346637,55.077953],[9.346633,55.077977],[9.346617,55.078037],[9.34657,55.07818],[9.346513,55.078348],[9.346498,55.07839],[9.346483,55.078428],[9.346455,55.078503],[9.346428,55.078579],[9.346401,55.078627],[9.34635,55.078725],[9.346212,55.079025],[9.346148,55.079196],[9.346094,55.079351],[9.345985,55.079694],[9.345942,55.079812],[9.345809,55.080179],[9.345762,55.080295],[9.345651,55.080565],[9.345638,55.080598],[9.34563,55.080623],[9.345625,55.080646],[9.34562,55.080666],[9.345601,55.080818],[9.345599,55.080866],[9.345597,55.08094],[9.345595,55.081193],[9.345593,55.081259],[9.345589,55.081319],[9.345588,55.081344],[9.345567,55.081672],[9.345557,55.081768],[9.345548,55.08187],[9.345544,55.081893],[9.345535,55.08193],[9.34546,55.08214],[9.345439,55.082197],[9.345429,55.082224],[9.345417,55.082262],[9.345412,55.08229],[9.345411,55.082298],[9.345413,55.082332],[9.345416,55.082346],[9.345428,55.082369],[9.345439,55.082385],[9.345456,55.082403],[9.345475,55.082419],[9.345494,55.082429],[9.345522,55.082443],[9.345558,55.082454],[9.345616,55.082466],[9.345682,55.082475],[9.345754,55.08248],[9.345886,55.082486],[9.345998,55.082494],[9.346105,55.082508],[9.346146,55.082516],[9.346175,55.082525],[9.346207,55.082538],[9.346231,55.082549],[9.346254,55.082563],[9.346282,55.082585],[9.346308,55.082611],[9.346325,55.082636],[9.346344,55.082672],[9.346368,55.082723],[9.346408,55.082801],[9.346473,55.082936],[9.346586,55.08314],[9.346738,55.083417],[9.3468,55.083524],[9.346875,55.083648],[9.346936,55.083749],[9.347002,55.083851],[9.347034,55.083904],[9.347056,55.083949],[9.347066,55.083979],[9.347071,55.084011],[9.34707,55.084039],[9.347067,55.084062],[9.34706,55.084084],[9.347047,55.084111],[9.347027,55.084144],[9.347012,55.084162],[9.346967,55.084211],[9.346872,55.084313],[9.346813,55.084382],[9.346772,55.084446],[9.346757,55.084474],[9.346742,55.084502],[9.346731,55.08453],[9.346702,55.084623],[9.346676,55.084749],[9.346666,55.084842],[9.346668,55.0849],[9.346675,55.08494],[9.346691,55.084979],[9.346717,55.085023],[9.346757,55.08508],[9.346788,55.085116],[9.346909,55.085236],[9.347103,55.085394],[9.347231,55.085496],[9.347383,55.085616],[9.347558,55.085751],[9.347729,55.085884],[9.347853,55.085987],[9.347957,55.086079],[9.348142,55.086265],[9.348213,55.086346],[9.348299,55.086443],[9.348404,55.086571],[9.348529,55.086736],[9.348679,55.086935],[9.348756,55.087038],[9.348823,55.087119],[9.348889,55.087196],[9.348994,55.087307],[9.349092,55.087406],[9.349177,55.087483],[9.349256,55.087551],[9.349347,55.087628],[9.34945,55.087725],[9.349524,55.087806],[9.349591,55.087889],[9.349634,55.08795],[9.349692,55.088048],[9.349723,55.088113],[9.349767,55.088218],[9.349816,55.088351],[9.34985,55.088464],[9.34988,55.088577],[9.349914,55.088722],[9.349935,55.088823],[9.34996,55.089001],[9.349979,55.089149],[9.350009,55.089327],[9.350035,55.089487],[9.350045,55.089567],[9.350058,55.089647],[9.350074,55.089777],[9.35008,55.089866],[9.350081,55.089871],[9.350092,55.090049],[9.350097,55.090125],[9.350099,55.0902],[9.350102,55.090274],[9.350105,55.090434],[9.350106,55.090558],[9.350116,55.090627],[9.350128,55.090691],[9.350141,55.090738],[9.35016,55.09079],[9.350183,55.090831],[9.35021,55.090867],[9.350262,55.090928],[9.350364,55.091026],[9.350369,55.091033],[9.350506,55.091164],[9.350589,55.091248],[9.350637,55.0913],[9.350685,55.091351],[9.350851,55.091539],[9.350972,55.091692],[9.351062,55.091802],[9.351138,55.091893],[9.351239,55.092006],[9.351383,55.092152],[9.351506,55.092274],[9.351657,55.092422],[9.351724,55.0925],[9.351754,55.092545],[9.35178,55.092604],[9.3518,55.092675],[9.35182,55.092778],[9.351823,55.09287],[9.351825,55.092981],[9.351825,55.093088],[9.351819,55.09338],[9.351802,55.093821],[9.351798,55.093908],[9.351785,55.094309],[9.351778,55.094455],[9.351774,55.094683],[9.351746,55.094769],[9.351792,55.09483],[9.351819,55.094907],[9.351836,55.095006],[9.351822,55.095238],[9.351824,55.095291],[9.351834,55.095516],[9.351869,55.095813],[9.35189,55.095945],[9.35191,55.096003],[9.351947,55.096057],[9.352014,55.096143],[9.352071,55.09623],[9.35211,55.096326],[9.35213,55.096406],[9.352136,55.096495],[9.352068,55.097096],[9.351966,55.097819],[9.351931,55.098101],[9.351925,55.098215],[9.351931,55.098438],[9.351935,55.098456],[9.351951,55.098543],[9.352024,55.098959],[9.35211,55.099484],[9.352164,55.09985],[9.35219,55.100086],[9.352195,55.100215],[9.352201,55.100311],[9.352209,55.100485],[9.352202,55.100689],[9.352176,55.100901],[9.352156,55.101049],[9.35213,55.101215],[9.352125,55.101262],[9.352116,55.101342],[9.352087,55.101494],[9.35206,55.101639],[9.352038,55.101755],[9.352029,55.101874],[9.352036,55.101951],[9.352053,55.102005],[9.352079,55.102066],[9.352111,55.102125],[9.352162,55.102202],[9.352245,55.102292],[9.352331,55.102373],[9.352441,55.102463],[9.352614,55.102585],[9.352775,55.102694],[9.352909,55.102784],[9.353059,55.102884],[9.353166,55.102958],[9.353247,55.10302],[9.353322,55.103084],[9.353383,55.103139],[9.353453,55.103211],[9.353493,55.103262],[9.35354,55.103331],[9.353596,55.103421],[9.353653,55.103531],[9.353694,55.103629],[9.353726,55.103715],[9.353753,55.1038],[9.353784,55.103943],[9.353797,55.104],[9.353804,55.104054],[9.353796,55.104137],[9.353773,55.104272],[9.353736,55.104447],[9.353685,55.104682],[9.353637,55.104878],[9.353571,55.105177],[9.353535,55.105355],[9.353489,55.105552],[9.353447,55.105758],[9.353412,55.105926],[9.353364,55.106126],[9.353315,55.10634],[9.353265,55.106565],[9.353213,55.106806],[9.353167,55.107011],[9.353122,55.107211],[9.353067,55.10745],[9.353029,55.107606],[9.352992,55.107755],[9.352925,55.108054],[9.352849,55.108373],[9.352766,55.108713],[9.352708,55.108964],[9.352687,55.109073],[9.352666,55.109303],[9.352629,55.109742],[9.352605,55.110039],[9.352575,55.110408],[9.352557,55.110598],[9.352559,55.110666],[9.352574,55.110869],[9.352591,55.110996],[9.352608,55.111101],[9.352631,55.11123],[9.352657,55.111371],[9.352693,55.111546],[9.352725,55.1117],[9.352756,55.111847],[9.352789,55.111967],[9.352817,55.11205],[9.352878,55.112196],[9.353018,55.112477],[9.353086,55.112617],[9.353122,55.112701],[9.353151,55.112762],[9.35319,55.112825],[9.353218,55.11286],[9.35324,55.112881],[9.35328,55.112912],[9.353325,55.112953],[9.353351,55.112947],[9.353493,55.112915],[9.353542,55.112905],[9.353562,55.112899],[9.353627,55.112892],[9.353763,55.112884],[9.353849,55.112881],[9.354049,55.112877],[9.354117,55.112874],[9.354349,55.112868],[9.354479,55.112864],[9.354704,55.11286],[9.354957,55.112857],[9.355104,55.112855],[9.355332,55.112854],[9.355408,55.112854],[9.355632,55.112853],[9.355816,55.112853],[9.355884,55.112853],[9.356178,55.112856],[9.356454,55.112862],[9.356683,55.112864],[9.356994,55.112863],[9.357236,55.112865],[9.357565,55.112861],[9.357841,55.112861],[9.358032,55.112861],[9.358074,55.112861],[9.35823,55.112859],[9.358448,55.112854],[9.358652,55.112848],[9.358872,55.112842],[9.3591,55.112838],[9.35928,55.112838],[9.359323,55.112842],[9.359396,55.112848],[9.359504,55.112856],[9.359423,55.113025],[9.359402,55.113107],[9.359398,55.113121],[9.359387,55.11317],[9.359344,55.113344],[9.359293,55.113524],[9.359266,55.113621],[9.359261,55.113639],[9.35921,55.113817],[9.359156,55.114017],[9.359145,55.114074],[9.359135,55.114122],[9.359117,55.114251],[9.359107,55.114364],[9.359112,55.114476],[9.359118,55.114583],[9.359131,55.114729],[9.359138,55.114773],[9.359143,55.114813],[9.35915,55.114888],[9.35913,55.114987],[9.359107,55.115066],[9.359095,55.115108],[9.359066,55.115189],[9.359041,55.11525],[9.359014,55.115299],[9.358969,55.115388],[9.358722,55.115421],[9.35847,55.115459],[9.358234,55.115494],[9.358189,55.115502],[9.358106,55.115518],[9.358059,55.115528],[9.358043,55.115556],[9.358017,55.115595],[9.358009,55.115606],[9.35793,55.115738],[9.35789,55.115796],[9.357725,55.116026],[9.357622,55.116177],[9.357228,55.116751],[9.357004,55.117087],[9.356871,55.117304],[9.356754,55.117486],[9.356592,55.117711],[9.356429,55.117941],[9.356399,55.117975],[9.35637,55.118003],[9.356301,55.118065],[9.356178,55.118163],[9.356156,55.118178],[9.356053,55.118242],[9.355927,55.118319],[9.355792,55.118402],[9.35562,55.118502],[9.355436,55.118613],[9.355308,55.118693],[9.355149,55.118802],[9.354984,55.118927],[9.354772,55.119099],[9.35455,55.119296],[9.354298,55.119516],[9.35409,55.119705],[9.353875,55.119917],[9.353733,55.120067],[9.353599,55.120207],[9.353422,55.120399],[9.353296,55.120541],[9.353155,55.120722],[9.353044,55.120887],[9.352943,55.121039],[9.352859,55.121161],[9.352801,55.121254],[9.352773,55.121303],[9.352755,55.121338],[9.352717,55.121413],[9.352677,55.121494],[9.352598,55.121672],[9.352535,55.121831],[9.352517,55.121879],[9.352516,55.121931],[9.352514,55.121971],[9.352312,55.122069],[9.351847,55.122288],[9.351779,55.12232],[9.351329,55.122533],[9.351078,55.122651],[9.35099,55.122691],[9.350827,55.122769],[9.350394,55.122972],[9.349773,55.123264],[9.349076,55.123593],[9.348438,55.123894],[9.347824,55.124184],[9.34734,55.124413],[9.346837,55.124648],[9.3463,55.124903],[9.345758,55.125159],[9.345278,55.125386],[9.344998,55.125518],[9.344935,55.125548],[9.344305,55.125846],[9.343854,55.126058],[9.343443,55.126252],[9.343113,55.126408],[9.342458,55.126717],[9.342377,55.126753],[9.342426,55.126848],[9.342436,55.126875],[9.342479,55.126981],[9.342555,55.127149],[9.342631,55.127303],[9.342648,55.127335],[9.342738,55.127511],[9.342865,55.127761],[9.342964,55.127991],[9.343002,55.128093],[9.343029,55.12819],[9.343094,55.12854],[9.343115,55.128666],[9.343138,55.128853],[9.343156,55.129032],[9.343179,55.129283],[9.3432,55.129483],[9.343211,55.129632],[9.343225,55.129798],[9.343232,55.129867],[9.343248,55.130115],[9.343266,55.130328],[9.343272,55.1304],[9.343311,55.130804],[9.343322,55.130906],[9.343332,55.131011],[9.343364,55.131348],[9.343393,55.13165],[9.343426,55.131966],[9.343441,55.132167],[9.343441,55.132193],[9.343436,55.132262],[9.343433,55.132284],[9.343415,55.132344],[9.343387,55.132403],[9.343372,55.132428],[9.34333,55.132488],[9.34329,55.132531],[9.343264,55.132555],[9.343114,55.132678],[9.343235,55.132754],[9.343323,55.132811],[9.343528,55.132942],[9.343773,55.1331],[9.343876,55.133165],[9.343751,55.133296],[9.343723,55.133328],[9.343703,55.133352],[9.343664,55.133405],[9.343637,55.133451],[9.343616,55.133498],[9.343599,55.133546],[9.343595,55.13356],[9.343588,55.133605],[9.343583,55.133671],[9.343584,55.133703],[9.343592,55.13379],[9.343602,55.133877],[9.343606,55.133914],[9.343616,55.134002],[9.343625,55.13408],[9.343666,55.134395],[9.343711,55.134775],[9.343725,55.134897],[9.343759,55.135182],[9.34377,55.13528],[9.343783,55.135382],[9.343813,55.135645],[9.343824,55.135734],[9.343836,55.135831],[9.343866,55.136034],[9.343897,55.136184],[9.343905,55.136231],[9.343978,55.136613],[9.344065,55.136934],[9.344238,55.137414],[9.344414,55.137861],[9.344568,55.138324],[9.344697,55.138752],[9.344874,55.13935],[9.345002,55.139818],[9.345119,55.140295],[9.345125,55.140322],[9.345149,55.140409],[9.345191,55.140619],[9.345241,55.140835],[9.345288,55.140989],[9.34529,55.140994],[9.34535,55.141205],[9.345421,55.141442],[9.345488,55.141661],[9.34554,55.141863],[9.345577,55.142019],[9.34566,55.142306],[9.345713,55.142526],[9.345761,55.142755],[9.345773,55.142818],[9.345777,55.142874],[9.345779,55.142947],[9.345774,55.143112],[9.345756,55.143203],[9.345737,55.143369],[9.345708,55.143597],[9.345687,55.143743],[9.345675,55.143826],[9.345625,55.144131],[9.345591,55.144392],[9.345546,55.144712],[9.345513,55.144951],[9.345469,55.145221],[9.345435,55.145423],[9.345396,55.145635],[9.345368,55.145822],[9.345356,55.145971],[9.345358,55.146116],[9.345373,55.146251],[9.34539,55.146357],[9.345413,55.146462],[9.345441,55.146573],[9.345469,55.146663],[9.345524,55.146807],[9.345591,55.146977],[9.34564,55.147106],[9.345706,55.147266],[9.345778,55.147433],[9.345896,55.147733],[9.346028,55.148055],[9.346123,55.148288],[9.346237,55.148564],[9.346285,55.148688],[9.346361,55.148885],[9.346483,55.149199],[9.34658,55.149437],[9.346678,55.149677],[9.346788,55.149956],[9.346902,55.150258],[9.347,55.150482],[9.347097,55.150688],[9.347205,55.150939],[9.34733,55.151206],[9.34737,55.151292],[9.347459,55.151495],[9.347539,55.151675],[9.347601,55.151799],[9.347647,55.151904],[9.347728,55.152075],[9.347808,55.152237],[9.347875,55.152383],[9.347975,55.152606],[9.348062,55.152786],[9.348107,55.152884],[9.348162,55.153005],[9.348244,55.153182],[9.348368,55.153455],[9.348447,55.153625],[9.348535,55.153825],[9.348611,55.15399],[9.34868,55.154143],[9.348685,55.154157],[9.348709,55.154215],[9.348727,55.154257],[9.348782,55.154385],[9.348828,55.154494],[9.348905,55.154646],[9.348944,55.154713],[9.348988,55.15478],[9.349044,55.154851],[9.349107,55.154921],[9.349183,55.154999],[9.349341,55.15514],[9.349473,55.155254],[9.349581,55.155337],[9.349718,55.155445],[9.349845,55.155537],[9.349995,55.155643],[9.350132,55.155739],[9.350316,55.155868],[9.35047,55.155972],[9.3506,55.15606],[9.350791,55.156193],[9.350949,55.156305],[9.351047,55.156375],[9.351023,55.15639],[9.351,55.156404],[9.350962,55.156437],[9.350881,55.156525],[9.350751,55.156682],[9.350698,55.156744],[9.350666,55.156779],[9.350579,55.156871],[9.350534,55.156912],[9.350479,55.156968],[9.350449,55.157002],[9.350435,55.157017],[9.350356,55.157103],[9.35031,55.157161],[9.350271,55.157211],[9.350232,55.157271],[9.350189,55.15735],[9.350156,55.157423],[9.350138,55.157486],[9.350132,55.157545],[9.350135,55.157582],[9.350144,55.15762],[9.350159,55.157663],[9.350189,55.157731],[9.350227,55.157797],[9.350309,55.157935],[9.350417,55.158123],[9.350503,55.158267],[9.350545,55.158343],[9.350556,55.158375],[9.350565,55.158437],[9.350568,55.15848],[9.35058,55.158646],[9.350589,55.158753],[9.35059,55.158766],[9.350598,55.158815],[9.350608,55.158863],[9.35062,55.158899],[9.350639,55.158938],[9.350661,55.158978],[9.350709,55.159045],[9.350748,55.159089],[9.350783,55.15912],[9.350824,55.159154],[9.350884,55.159197],[9.350951,55.159239],[9.351075,55.159304],[9.351218,55.159375],[9.351371,55.159443],[9.351489,55.159495],[9.351583,55.159532],[9.351671,55.159566],[9.351779,55.159604],[9.351893,55.159639],[9.351978,55.159663],[9.352068,55.159684],[9.352197,55.159713],[9.352245,55.159723],[9.352531,55.159776],[9.352905,55.15984],[9.353181,55.159891],[9.353519,55.159962],[9.353612,55.159982],[9.353839,55.160035],[9.353908,55.160054],[9.354075,55.160093],[9.354203,55.160121],[9.354318,55.160144],[9.354362,55.160152],[9.354471,55.160167],[9.354564,55.160179],[9.354625,55.160184],[9.354732,55.160191],[9.354872,55.160196],[9.355021,55.160197],[9.355069,55.160196],[9.355098,55.160195],[9.355434,55.160186],[9.355607,55.160181],[9.356143,55.160166],[9.356345,55.160159],[9.356449,55.160152],[9.356482,55.16015],[9.356564,55.160141],[9.356635,55.160131],[9.356697,55.160121],[9.356727,55.160115],[9.356808,55.160095],[9.356877,55.160074],[9.356912,55.160062],[9.356946,55.160046],[9.356967,55.160034],[9.357264,55.160174],[9.357928,55.160482],[9.358439,55.160721],[9.358877,55.160928],[9.359164,55.161062],[9.359818,55.161367],[9.359927,55.161416],[9.360212,55.161536],[9.360607,55.161689],[9.360962,55.16183],[9.361291,55.161961],[9.361475,55.162033],[9.361675,55.162106],[9.362026,55.162231],[9.362552,55.162403],[9.363051,55.162561],[9.363485,55.162698],[9.363981,55.162856],[9.364274,55.162946],[9.364689,55.163072],[9.364913,55.163136],[9.365095,55.163191],[9.365229,55.163235],[9.3652,55.163249],[9.365186,55.163257],[9.365133,55.163273],[9.365064,55.163288],[9.364938,55.163313],[9.364624,55.163378],[9.364534,55.163397],[9.36436,55.16344],[9.364053,55.163516],[9.363843,55.16357],[9.363596,55.163638],[9.363415,55.163691],[9.363309,55.16372],[9.362944,55.163814],[9.362398,55.163961],[9.362252,55.164],[9.362233,55.164004],[9.362194,55.16401],[9.362163,55.16401],[9.362136,55.164008],[9.362097,55.163999],[9.36208,55.163993],[9.362051,55.16398],[9.362012,55.163952],[9.361982,55.163926],[9.361799,55.16376],[9.361645,55.163624],[9.361582,55.163572],[9.361504,55.163515],[9.361479,55.163497],[9.361411,55.163457],[9.361355,55.163426],[9.361293,55.163396],[9.361225,55.16337],[9.361144,55.163341],[9.36105,55.163313],[9.360948,55.163285],[9.360863,55.163266],[9.360671,55.163227],[9.360338,55.163162],[9.360163,55.163134],[9.359909,55.163096],[9.359528,55.163045],[9.359336,55.163024],[9.359146,55.163005],[9.359121,55.163003],[9.359065,55.163],[9.358938,55.162997],[9.358846,55.162999],[9.358747,55.163003],[9.358619,55.163014],[9.35832,55.163042],[9.358158,55.163054],[9.357893,55.163067],[9.35758,55.163082],[9.357384,55.163096],[9.357249,55.163109],[9.357142,55.163121],[9.357048,55.163137],[9.356986,55.163149],[9.356921,55.163164],[9.35685,55.163184],[9.356785,55.163206],[9.356678,55.163243],[9.356497,55.163308],[9.356189,55.163419],[9.355853,55.163538],[9.355685,55.163599],[9.355333,55.163724],[9.354888,55.16388],[9.354555,55.164004],[9.354247,55.164124],[9.35383,55.164289],[9.353474,55.164424],[9.353271,55.164493],[9.353234,55.164506],[9.352905,55.164619],[9.352657,55.164714],[9.352459,55.164797],[9.352396,55.164824],[9.352053,55.164972],[9.351857,55.165063],[9.35177,55.165111],[9.351666,55.165176],[9.351501,55.165295],[9.35127,55.165481],[9.351175,55.165567],[9.351109,55.165629],[9.351019,55.16572],[9.350921,55.165827],[9.350815,55.165951],[9.350712,55.166064],[9.350615,55.16616],[9.350508,55.166262],[9.350414,55.166345],[9.350212,55.166528],[9.350024,55.166695],[9.349814,55.166884],[9.349726,55.166961],[9.349628,55.16704],[9.349502,55.167137],[9.349365,55.167252],[9.349144,55.167457],[9.349047,55.167547],[9.348967,55.167618],[9.348711,55.167841],[9.348677,55.167873],[9.34848,55.168055],[9.348334,55.168195],[9.348262,55.168277],[9.348216,55.16834],[9.348165,55.168428],[9.348122,55.168511],[9.348034,55.168699],[9.347966,55.168861],[9.347842,55.169136],[9.347718,55.169408],[9.347581,55.169713],[9.347441,55.17002],[9.347364,55.170199],[9.347311,55.170319],[9.347231,55.170468],[9.347157,55.170582],[9.347066,55.170692],[9.346926,55.170843],[9.346839,55.170948],[9.346794,55.171008],[9.346756,55.171075],[9.346723,55.171159],[9.346712,55.171213],[9.346708,55.171235],[9.346704,55.171353],[9.346703,55.171461],[9.346712,55.171524],[9.346717,55.171559],[9.346736,55.171643],[9.346763,55.171738],[9.346808,55.171887],[9.346864,55.172058],[9.346883,55.172121],[9.346919,55.172236],[9.346928,55.172273],[9.346941,55.172325],[9.346951,55.172383],[9.346956,55.172416],[9.347079,55.172411],[9.347263,55.172402],[9.347288,55.172434],[9.347311,55.172462],[9.347337,55.172489],[9.34741,55.172561],[9.347451,55.1726],[9.347464,55.172611],[9.347512,55.172648],[9.347569,55.172686],[9.347627,55.172718],[9.347647,55.172727],[9.347673,55.17274],[9.347723,55.17276],[9.347829,55.172796],[9.347885,55.172814],[9.348074,55.172868],[9.348308,55.17293],[9.348569,55.172997],[9.348783,55.173048],[9.348899,55.173071],[9.349005,55.173089],[9.349266,55.173126],[9.349396,55.173142],[9.349664,55.173173],[9.349864,55.173193],[9.350104,55.173217],[9.3502,55.173229],[9.350245,55.173237],[9.350295,55.173252],[9.350348,55.173271],[9.350396,55.173298],[9.35041,55.173323],[9.350415,55.173355],[9.350396,55.17342],[9.350353,55.173591],[9.350308,55.173783],[9.350289,55.173866],[9.350273,55.173938],[9.350237,55.174114],[9.350235,55.174121],[9.350221,55.174177],[9.350212,55.174238],[9.350202,55.174302],[9.350193,55.174376],[9.350188,55.174461],[9.350191,55.174492],[9.350198,55.174514],[9.350211,55.174541],[9.350231,55.174565],[9.350265,55.174597],[9.350307,55.174625],[9.350394,55.174667],[9.350551,55.17473],[9.350666,55.174779],[9.350716,55.174805],[9.350779,55.174841],[9.350838,55.174878],[9.350903,55.174923],[9.350917,55.174934],[9.351034,55.175035],[9.351089,55.175085],[9.351281,55.175264],[9.351419,55.175397],[9.351531,55.175501],[9.351606,55.175565],[9.351666,55.175608],[9.35171,55.175636],[9.351768,55.175669],[9.351838,55.175699],[9.351911,55.175725],[9.351933,55.175732],[9.351986,55.175749],[9.352019,55.175757],[9.352079,55.175772],[9.352252,55.17581],[9.352347,55.175836],[9.352411,55.175856],[9.352489,55.175886],[9.352536,55.175911],[9.352575,55.175935],[9.35261,55.175962],[9.352664,55.176008],[9.352699,55.176047],[9.35273,55.176093],[9.352747,55.176123],[9.352787,55.176238],[9.352843,55.176464],[9.352909,55.176686],[9.35296,55.176877],[9.353019,55.177083],[9.35307,55.177267],[9.353116,55.177429],[9.353137,55.17754],[9.353145,55.177599],[9.353145,55.177654],[9.353138,55.177702],[9.353082,55.177915],[9.353044,55.178051],[9.353004,55.178189],[9.352969,55.178265],[9.352949,55.178295],[9.352937,55.17831],[9.352905,55.178342],[9.352872,55.178367],[9.352855,55.178379],[9.352806,55.178408],[9.352743,55.178438],[9.352669,55.178467],[9.352598,55.178492],[9.352528,55.178513],[9.352494,55.178522],[9.352464,55.178529],[9.352173,55.178592],[9.351922,55.17865],[9.351704,55.178698],[9.351517,55.178739],[9.35138,55.178771],[9.35134,55.178782],[9.351279,55.178802],[9.351254,55.178811],[9.351203,55.178836],[9.351165,55.178858],[9.351133,55.178883],[9.351102,55.178914],[9.351091,55.178928],[9.351073,55.178957],[9.351059,55.178991],[9.351052,55.179021],[9.351051,55.179059],[9.351058,55.179143],[9.351071,55.179216],[9.351126,55.179521],[9.35117,55.17973],[9.351213,55.179923],[9.35123,55.179971],[9.351268,55.180038],[9.351284,55.180061],[9.351231,55.180153],[9.351207,55.180192],[9.351192,55.180228],[9.351176,55.180296],[9.351166,55.180367],[9.351167,55.180438],[9.351178,55.180544],[9.351232,55.180804],[9.351266,55.18095],[9.351272,55.180974],[9.351322,55.181272],[9.351354,55.181414],[9.351373,55.181481],[9.351387,55.181532],[9.351409,55.181613],[9.351431,55.181696],[9.351479,55.181896],[9.351502,55.181986],[9.351547,55.182158],[9.351573,55.182324],[9.351589,55.182422],[9.351599,55.182465],[9.351655,55.18278],[9.351671,55.182855],[9.35175,55.18319],[9.351767,55.183259],[9.351818,55.183485],[9.351875,55.183749],[9.351903,55.183885],[9.351908,55.183908],[9.351951,55.184117],[9.351994,55.184306],[9.352036,55.184509],[9.352047,55.184574],[9.352096,55.184804],[9.352142,55.185032],[9.352178,55.185197],[9.352204,55.185276],[9.352235,55.185365],[9.352245,55.185449],[9.352291,55.185627],[9.352299,55.185671],[9.352316,55.185755],[9.352327,55.185865],[9.352329,55.18591],[9.352327,55.186104],[9.352313,55.186285],[9.352307,55.186336],[9.352285,55.18657],[9.352277,55.186676],[9.352255,55.186912],[9.35225,55.186971],[9.352235,55.187155],[9.352231,55.187209],[9.352221,55.187336],[9.352219,55.187364],[9.352206,55.18747],[9.352202,55.18751],[9.352189,55.18758],[9.352171,55.187646],[9.352161,55.187682],[9.35211,55.187857],[9.352026,55.188106],[9.351939,55.188369],[9.351914,55.188447],[9.351844,55.188666],[9.351821,55.188735],[9.351753,55.188936],[9.351723,55.189026],[9.351637,55.189282],[9.351566,55.189497],[9.351553,55.189534],[9.351478,55.189759],[9.351455,55.189821],[9.351423,55.189913],[9.351413,55.189943],[9.351543,55.190011],[9.351677,55.190079],[9.351689,55.190085],[9.352098,55.190296],[9.35226,55.190381],[9.352381,55.190444],[9.352416,55.190463],[9.352694,55.190629],[9.352974,55.19081],[9.353297,55.191046],[9.353707,55.191344],[9.353973,55.191539],[9.354319,55.191793],[9.354726,55.192085],[9.354982,55.192268],[9.35524,55.192472],[9.355268,55.192497],[9.355358,55.19257],[9.355536,55.192734],[9.355779,55.192973],[9.356087,55.19328],[9.356369,55.193565],[9.356596,55.193791],[9.356817,55.194021],[9.356989,55.194239],[9.357147,55.194473],[9.357166,55.194501],[9.357251,55.194651],[9.357414,55.19496],[9.357621,55.195355],[9.357709,55.195514],[9.357752,55.195617],[9.357752,55.195619],[9.35767,55.195616],[9.357661,55.195616],[9.357644,55.195616],[9.357619,55.19562],[9.357601,55.195626],[9.357576,55.195647],[9.357562,55.195656],[9.357552,55.19566],[9.35753,55.195665],[9.357487,55.195666],[9.357299,55.195659],[9.357209,55.195656],[9.357152,55.195653],[9.356999,55.195648],[9.356853,55.195642],[9.356598,55.195632],[9.356379,55.195623],[9.356183,55.195616],[9.356032,55.195609],[9.35601,55.195608],[9.355841,55.195602],[9.355678,55.195595],[9.355507,55.195588],[9.355303,55.19558],[9.355118,55.195573],[9.354885,55.195564],[9.354698,55.195556],[9.354631,55.195553],[9.354515,55.195548],[9.354409,55.195544],[9.354284,55.195539],[9.354188,55.195536],[9.354118,55.195533],[9.353995,55.195528],[9.353904,55.195525],[9.353745,55.195518],[9.353651,55.195515],[9.353529,55.19551],[9.353392,55.195505],[9.353279,55.1955],[9.35311,55.195493],[9.352951,55.195487],[9.352788,55.19548],[9.352659,55.195475],[9.352446,55.195466],[9.352318,55.195462],[9.352149,55.195454],[9.351935,55.195445],[9.351709,55.195436],[9.351549,55.195429],[9.351361,55.195421],[9.351175,55.195414],[9.35105,55.195409],[9.350846,55.195402],[9.35065,55.195395],[9.350441,55.195387],[9.350193,55.195379],[9.350005,55.195372],[9.349816,55.195365],[9.349654,55.195361],[9.34943,55.195359],[9.349277,55.195361],[9.349117,55.195366],[9.348935,55.195372],[9.348742,55.195383],[9.348584,55.195396],[9.348457,55.195408],[9.34831,55.195422],[9.348207,55.195432],[9.348085,55.195445],[9.347938,55.195459],[9.347735,55.19548],[9.34755,55.195499],[9.347314,55.195523],[9.347094,55.195545],[9.346906,55.195564],[9.346664,55.195588],[9.346466,55.195608],[9.346313,55.195624],[9.346185,55.195635],[9.346106,55.195638],[9.346009,55.195641],[9.345832,55.195646],[9.345725,55.195654],[9.345568,55.195667],[9.345452,55.195679],[9.345388,55.195686],[9.345209,55.195704],[9.345054,55.195721],[9.344898,55.195737],[9.344786,55.195748],[9.344625,55.195764],[9.344469,55.19578],[9.344194,55.195808],[9.344053,55.195823],[9.343873,55.195841],[9.343733,55.195855],[9.34355,55.195873],[9.343347,55.195894],[9.343223,55.195907],[9.343042,55.195925],[9.342925,55.195937],[9.34271,55.195959],[9.34258,55.195972],[9.342537,55.195976],[9.342336,55.195996],[9.342137,55.196017],[9.342014,55.196029],[9.341868,55.196044],[9.341728,55.196059],[9.341622,55.196069],[9.341516,55.196081],[9.341398,55.196093],[9.341307,55.196103],[9.34093,55.196141],[9.340706,55.196163],[9.340496,55.196184],[9.340439,55.19619],[9.340313,55.196203],[9.340143,55.19622],[9.339955,55.196239],[9.339862,55.196248],[9.339707,55.196264],[9.339461,55.196289],[9.339271,55.19631],[9.339046,55.19634],[9.338859,55.196361],[9.338782,55.196367],[9.338701,55.196374],[9.338484,55.196392],[9.338224,55.196413],[9.338138,55.19642],[9.338099,55.196423],[9.337921,55.196438],[9.337789,55.196449],[9.337662,55.196459],[9.337496,55.196471],[9.337348,55.196483],[9.337249,55.196489],[9.337184,55.19649],[9.337119,55.196487],[9.337052,55.196486],[9.336905,55.196487],[9.336823,55.19649],[9.336814,55.196491],[9.336722,55.196499],[9.336594,55.196509],[9.336426,55.196522],[9.336258,55.196535],[9.336145,55.196544],[9.336063,55.196551],[9.335914,55.196563],[9.335787,55.196573],[9.335627,55.196585],[9.335487,55.196596],[9.335386,55.196604],[9.335303,55.19661],[9.335212,55.196617],[9.335056,55.196629],[9.334962,55.196636],[9.334938,55.196637],[9.334909,55.196636],[9.334882,55.196629],[9.334857,55.196618],[9.334829,55.196597],[9.334814,55.196585],[9.334794,55.196573],[9.33478,55.196568],[9.334747,55.196565],[9.334717,55.196566],[9.33467,55.196567],[9.334624,55.196568],[9.334616,55.196569],[9.334594,55.19657],[9.334569,55.196573],[9.334545,55.19658],[9.334516,55.196598],[9.334496,55.19662],[9.334476,55.196643],[9.334463,55.196651],[9.334435,55.196662],[9.334414,55.196665],[9.33439,55.196668],[9.334338,55.19667],[9.334269,55.196674],[9.33415,55.196679],[9.33402,55.196683],[9.333924,55.196685],[9.333821,55.196688],[9.3337,55.196689],[9.33357,55.19669],[9.333479,55.196691],[9.333299,55.196689],[9.333173,55.196688],[9.332924,55.196689],[9.332737,55.19669],[9.332522,55.196689],[9.332352,55.196689],[9.332223,55.196689],[9.332061,55.196688],[9.332048,55.196688],[9.33191,55.196688],[9.331698,55.196688],[9.331488,55.196688],[9.33127,55.196688],[9.331018,55.196689],[9.330927,55.19669],[9.330899,55.196692],[9.330856,55.196699],[9.330814,55.196708],[9.330769,55.196715],[9.330738,55.196719],[9.330705,55.196722],[9.330672,55.196724],[9.330614,55.196726],[9.330548,55.196727],[9.33045,55.196729],[9.330355,55.196729],[9.33017,55.19673],[9.330073,55.196729],[9.330046,55.196728],[9.329929,55.196727],[9.329833,55.196726],[9.329729,55.196725],[9.329566,55.196727],[9.329435,55.19673],[9.329321,55.196735],[9.329185,55.19674],[9.329028,55.196747],[9.328898,55.196755],[9.328753,55.196765],[9.328624,55.196775],[9.328524,55.196784],[9.32847,55.19679],[9.328451,55.19679],[9.328419,55.196788],[9.328395,55.196785],[9.328366,55.196777],[9.328341,55.196766],[9.328317,55.196758],[9.328306,55.196754],[9.328278,55.19675],[9.32825,55.19675],[9.32819,55.196756],[9.328183,55.196758],[9.328144,55.196766],[9.328291,55.196887],[9.328322,55.196912],[9.328388,55.196948],[9.328457,55.197041],[9.32855,55.197144],[9.328642,55.197238],[9.328675,55.197266],[9.328737,55.197321],[9.328799,55.197361],[9.328872,55.1974],[9.328897,55.197413],[9.328974,55.197448],[9.329131,55.19751],[9.329529,55.197678],[9.3297,55.197764],[9.329749,55.197802],[9.329791,55.197835],[9.329842,55.197891],[9.329879,55.197947],[9.329945,55.198086],[9.330033,55.198297],[9.330047,55.19833],[9.3301,55.19848],[9.330129,55.198572],[9.330152,55.19868],[9.330143,55.198756],[9.330117,55.198821],[9.330096,55.198854],[9.330032,55.198922],[9.330002,55.198954],[9.329878,55.19908],[9.329708,55.199251],[9.329651,55.199322],[9.329588,55.199432],[9.329563,55.199485],[9.32955,55.199586],[9.32956,55.199684],[9.32958,55.199773],[9.329641,55.199947],[9.329711,55.200157],[9.32973,55.200213],[9.32982,55.20051],[9.329917,55.200851],[9.329992,55.201093],[9.330064,55.201347],[9.330137,55.20159],[9.330222,55.201908],[9.330241,55.201981],[9.330321,55.202289],[9.330405,55.2026],[9.330473,55.202856],[9.330564,55.203176],[9.330663,55.203577],[9.330683,55.203675],[9.330552,55.203733],[9.330423,55.203804],[9.330109,55.204005],[9.329998,55.204076],[9.329833,55.204185],[9.32979,55.204217],[9.329682,55.204298],[9.329642,55.20433],[9.329535,55.204431],[9.32949,55.204487],[9.329419,55.204571],[9.329134,55.204902],[9.329039,55.20501],[9.328974,55.205087],[9.328668,55.205448],[9.328632,55.205489],[9.32859,55.205537],[9.328396,55.205757],[9.32834,55.205819],[9.328284,55.205883],[9.328038,55.206162],[9.327964,55.20624],[9.327751,55.206484],[9.327693,55.206554],[9.32747,55.206815],[9.32727,55.207043],[9.327215,55.207103],[9.327189,55.207124],[9.327156,55.207146],[9.326954,55.207296],[9.326912,55.207324],[9.326855,55.207353],[9.326743,55.207416],[9.326565,55.207461],[9.326394,55.207497],[9.326293,55.207511],[9.326177,55.20753],[9.325604,55.207617],[9.325528,55.207631],[9.325073,55.20771],[9.324939,55.207737],[9.32463,55.207798],[9.324507,55.20782],[9.324017,55.207914],[9.323906,55.207935],[9.323507,55.208019],[9.323383,55.208052],[9.323128,55.208131],[9.323083,55.208141],[9.322955,55.208185],[9.322815,55.208234],[9.322694,55.208275],[9.322575,55.208316],[9.322429,55.208365],[9.322314,55.208405],[9.322153,55.208464],[9.322042,55.208503],[9.321927,55.208544],[9.32182,55.208582],[9.32172,55.208619],[9.321606,55.208662],[9.321519,55.208692],[9.321427,55.208724],[9.321357,55.208746],[9.321271,55.208773],[9.321237,55.208783],[9.321203,55.208793],[9.321146,55.208805],[9.321091,55.208815],[9.321051,55.20882],[9.320964,55.208832],[9.32088,55.20884],[9.32082,55.208844],[9.32076,55.208848],[9.320657,55.208851],[9.320555,55.208853],[9.320449,55.208856],[9.320403,55.208857],[9.320376,55.208859],[9.320333,55.208864],[9.320311,55.208867],[9.320268,55.208876],[9.320271,55.208891],[9.320289,55.208979],[9.320316,55.209087],[9.320348,55.209206],[9.320378,55.209319],[9.320413,55.20943],[9.320446,55.209545],[9.320474,55.209654],[9.320501,55.209749],[9.320534,55.20986],[9.320561,55.209964],[9.32059,55.21006],[9.320618,55.210159],[9.320647,55.210262],[9.320675,55.210362],[9.320706,55.21047],[9.320735,55.210571],[9.320773,55.21071],[9.320804,55.210815],[9.320829,55.210906],[9.320853,55.211007],[9.320877,55.211127],[9.320888,55.211225],[9.320898,55.211318],[9.320904,55.211474],[9.3209,55.211551],[9.320893,55.211615],[9.320882,55.211732],[9.320866,55.211822],[9.320852,55.211894],[9.320836,55.211958],[9.320808,55.212041],[9.320777,55.212127],[9.320745,55.212208],[9.320711,55.212297],[9.320672,55.212384],[9.320617,55.212493],[9.320559,55.21259],[9.320501,55.212693],[9.320447,55.212773],[9.320384,55.212865],[9.320319,55.212958],[9.320262,55.213043],[9.320208,55.21312],[9.320147,55.213205],[9.320103,55.213267],[9.320053,55.213338],[9.320002,55.213413],[9.319946,55.213496],[9.319889,55.213576],[9.319842,55.213647],[9.319789,55.213721],[9.319739,55.213789],[9.31971,55.213831],[9.319679,55.213876],[9.319632,55.213942],[9.319422,55.21425],[9.319346,55.214355],[9.319152,55.214639],[9.319085,55.214736],[9.31889,55.215009],[9.318779,55.215175],[9.318714,55.215273],[9.318657,55.215365],[9.318545,55.215568],[9.31848,55.215713],[9.318387,55.21596],[9.318352,55.216052],[9.318329,55.216119],[9.318309,55.216173],[9.318294,55.216214],[9.318265,55.216293],[9.318231,55.216391],[9.318192,55.216506],[9.318156,55.216603],[9.318121,55.216706],[9.318083,55.216814],[9.318057,55.21689],[9.318032,55.216966],[9.31801,55.217042],[9.317991,55.217114],[9.317973,55.217175],[9.317961,55.217225],[9.31796,55.217232],[9.317943,55.217302],[9.317933,55.217364],[9.317922,55.21743],[9.317914,55.217488],[9.317904,55.217579],[9.317895,55.217672],[9.317893,55.217741],[9.317892,55.217809],[9.317894,55.217879],[9.317898,55.217963],[9.317903,55.218026],[9.317911,55.218095],[9.317921,55.218179],[9.317928,55.218238],[9.317937,55.218304],[9.317947,55.218379],[9.31796,55.21847],[9.31797,55.218544],[9.317979,55.218605],[9.317987,55.218671],[9.318,55.218774],[9.318004,55.218811],[9.31801,55.218852],[9.318024,55.218952],[9.318031,55.219025],[9.318044,55.219112],[9.318057,55.219198],[9.318068,55.219297],[9.318084,55.219408],[9.318119,55.219644],[9.318154,55.219908],[9.318196,55.220202],[9.318239,55.220533],[9.318276,55.220796],[9.318323,55.221103],[9.318373,55.22137],[9.318439,55.221678],[9.3185,55.22197],[9.318566,55.222259],[9.318632,55.222557],[9.318711,55.2229],[9.318804,55.223322],[9.318822,55.223402],[9.31884,55.223483],[9.318854,55.223549],[9.318875,55.223647],[9.3189,55.223772],[9.31892,55.223877],[9.318936,55.223969],[9.318943,55.224058],[9.318946,55.224135],[9.318949,55.224224],[9.318948,55.224313],[9.318946,55.224407],[9.31894,55.224508],[9.31893,55.224591],[9.318917,55.22468],[9.3189,55.224777],[9.318879,55.224874],[9.318854,55.224965],[9.318833,55.225046],[9.318806,55.225157],[9.318779,55.225254],[9.318745,55.22538],[9.318718,55.225486],[9.318691,55.225582],[9.318661,55.225695],[9.318625,55.225828],[9.318585,55.225983],[9.318558,55.226102],[9.318555,55.226115],[9.318476,55.22641],[9.318391,55.226732],[9.318301,55.22707],[9.318231,55.227346],[9.318171,55.227574],[9.318111,55.22779],[9.3181,55.227834],[9.318068,55.227959],[9.318048,55.228035],[9.318001,55.228209],[9.317955,55.228405],[9.317925,55.228564],[9.317913,55.228647],[9.31791,55.228707],[9.317906,55.228777],[9.317906,55.228864],[9.317913,55.228983],[9.317919,55.229045],[9.317928,55.229114],[9.31794,55.229196],[9.317947,55.229234],[9.317975,55.229384],[9.317995,55.229488],[9.318007,55.229546],[9.31805,55.229758],[9.318099,55.229995],[9.31815,55.230243],[9.318192,55.230459],[9.31821,55.230552],[9.31822,55.230596],[9.318261,55.230808],[9.318297,55.230994],[9.318337,55.231191],[9.318377,55.231379],[9.318402,55.231504],[9.318423,55.231592],[9.318453,55.231692],[9.318484,55.231776],[9.318524,55.231866],[9.318572,55.231955],[9.318614,55.232026],[9.318654,55.232087],[9.318712,55.232165],[9.318792,55.232259],[9.318875,55.232345],[9.318958,55.232425],[9.31905,55.232504],[9.319073,55.232523],[9.319153,55.232585],[9.319177,55.232601],[9.319259,55.232659],[9.319349,55.232721],[9.319475,55.232795],[9.319608,55.232866],[9.319762,55.232941],[9.319885,55.232994],[9.320035,55.233054],[9.320167,55.233103],[9.320307,55.23315],[9.320481,55.233201],[9.320621,55.233242],[9.320602,55.233264],[9.320568,55.233301],[9.32053,55.233336],[9.320492,55.233367],[9.320463,55.233389],[9.320416,55.233417],[9.320376,55.233436],[9.320303,55.233467],[9.320218,55.233492],[9.320125,55.233513],[9.320011,55.233534],[9.319856,55.233561],[9.319595,55.233603],[9.319324,55.233647],[9.319059,55.233692],[9.318754,55.233745],[9.318499,55.233787],[9.318281,55.233823],[9.318035,55.233865],[9.317897,55.233888],[9.317756,55.233912],[9.317497,55.233954],[9.317214,55.234001],[9.316877,55.234055],[9.316611,55.2341],[9.316378,55.23414],[9.316104,55.234193],[9.31591,55.234234],[9.31568,55.234289],[9.31552,55.23433],[9.31531,55.234391],[9.315189,55.234431],[9.314994,55.234503],[9.314879,55.234549],[9.314771,55.234597],[9.314651,55.234653],[9.314493,55.234734],[9.314417,55.234774],[9.314252,55.234866],[9.314077,55.234974],[9.313922,55.235084],[9.313837,55.235148],[9.313795,55.235181],[9.31364,55.235302],[9.313465,55.235444],[9.313394,55.235503],[9.313241,55.23563],[9.313044,55.235799],[9.312837,55.235966],[9.312633,55.236133],[9.312389,55.236329],[9.312333,55.236376],[9.312205,55.236482],[9.311983,55.236658],[9.311763,55.236838],[9.311517,55.237039],[9.311308,55.237206],[9.311126,55.23735],[9.311082,55.237388],[9.310855,55.237571],[9.310611,55.23777],[9.310292,55.23803],[9.310022,55.238255],[9.309748,55.238482],[9.309653,55.238556],[9.30948,55.238699],[9.309174,55.238944],[9.308912,55.23916],[9.30881,55.23924],[9.308571,55.239428],[9.308346,55.239598],[9.308273,55.239653],[9.308255,55.239669],[9.308148,55.239759],[9.307966,55.239916],[9.307891,55.239983],[9.307694,55.240152],[9.307495,55.240313],[9.307307,55.240461],[9.307055,55.240661],[9.306876,55.240801],[9.306855,55.240819],[9.306818,55.240851],[9.306813,55.240859],[9.306809,55.240866],[9.306799,55.240882],[9.306793,55.24089],[9.306786,55.24091],[9.306786,55.240934],[9.306789,55.24096],[9.306795,55.240971],[9.306809,55.24099],[9.306814,55.240997],[9.306828,55.241011],[9.30686,55.241033],[9.306972,55.241083],[9.307044,55.241114],[9.307265,55.241201],[9.307647,55.241351],[9.307905,55.241455],[9.308123,55.241537],[9.308144,55.241545],[9.308308,55.241611],[9.308507,55.241697],[9.308525,55.241705],[9.308642,55.241746],[9.308573,55.241816],[9.30848,55.241923],[9.308369,55.242063],[9.308339,55.242102],[9.308277,55.242192],[9.308257,55.242228],[9.308228,55.242291],[9.308221,55.242309],[9.308196,55.242374],[9.308179,55.242435],[9.308153,55.24253],[9.30807,55.243046],[9.308049,55.243194],[9.308038,55.243263],[9.308031,55.243316],[9.307975,55.243643],[9.307912,55.244032],[9.307903,55.244114],[9.307849,55.244411],[9.307779,55.244721],[9.307738,55.244903],[9.30763,55.245336],[9.307544,55.245682],[9.307474,55.245972],[9.307444,55.246046],[9.307386,55.246154],[9.307294,55.246299],[9.307135,55.246515],[9.3071,55.246561],[9.30709,55.246575],[9.307039,55.246644],[9.306842,55.246906],[9.306548,55.247298],[9.307158,55.247454],[9.307157,55.247491],[9.307156,55.247521],[9.307131,55.247521],[9.307099,55.247525],[9.307076,55.24753],[9.307048,55.247539],[9.307028,55.247547],[9.307011,55.247559],[9.306981,55.247589],[9.30693,55.247579],[9.306894,55.247573],[9.306878,55.247569],[9.306753,55.247546],[9.30657,55.247511],[9.305959,55.247374],[9.3053,55.247208],[9.305223,55.247188],[9.305177,55.247177],[9.305106,55.247158],[9.304968,55.247123],[9.304899,55.247106],[9.304857,55.247095],[9.304765,55.247072],[9.304654,55.247044],[9.304346,55.246965],[9.304124,55.246907],[9.303995,55.246874],[9.303719,55.246802],[9.303552,55.246754],[9.303456,55.246724],[9.303351,55.246692],[9.303067,55.246593],[9.30306,55.24659],[9.302945,55.246543],[9.302919,55.246532],[9.302882,55.246517],[9.302847,55.246503],[9.302804,55.246524],[9.302781,55.246528],[9.302745,55.246535],[9.302702,55.246538],[9.302664,55.246533],[9.30262,55.246522],[9.302581,55.246502],[9.302568,55.246489],[9.302549,55.246464],[9.302544,55.24644],[9.302549,55.246415],[9.302568,55.246388],[9.302523,55.246372],[9.302497,55.246363],[9.30248,55.246357],[9.302346,55.24631],[9.302313,55.246299],[9.302261,55.246281],[9.302181,55.246253],[9.301888,55.246168],[9.301722,55.246134],[9.301625,55.246118],[9.301598,55.246114],[9.301347,55.246073],[9.301288,55.246063],[9.301256,55.246058],[9.300763,55.245988],[9.300386,55.245935],[9.29995,55.245873],[9.2996,55.245824],[9.299166,55.245762],[9.298769,55.245705],[9.298495,55.245666],[9.298359,55.245647],[9.297891,55.24558],[9.297129,55.245469],[9.296924,55.245439],[9.296225,55.245327],[9.295557,55.245207],[9.294892,55.245086],[9.294416,55.245001],[9.294151,55.244953],[9.293394,55.244815],[9.293378,55.244812],[9.293337,55.244803],[9.29327,55.244788],[9.293199,55.244772],[9.293157,55.244763],[9.293135,55.244789],[9.293096,55.244811],[9.293058,55.244825],[9.293005,55.244834],[9.292969,55.244836],[9.292926,55.244835],[9.292917,55.24486],[9.292907,55.244883],[9.292899,55.244904],[9.292884,55.244943],[9.292794,55.245178],[9.292793,55.245183],[9.292774,55.245232],[9.292571,55.245766],[9.29252,55.245883],[9.292436,55.246089],[9.292423,55.246122],[9.292297,55.246446],[9.292295,55.246451],[9.29214,55.246827],[9.292138,55.246832],[9.292048,55.247045],[9.292026,55.247096],[9.292025,55.2471],[9.291992,55.247181],[9.291948,55.247169],[9.29183,55.247139],[9.291713,55.247112],[9.291561,55.247076],[9.29152,55.247066],[9.291493,55.247058],[9.291333,55.247017],[9.291302,55.247006],[9.291237,55.246978],[9.291209,55.246964],[9.29108,55.246896],[9.290872,55.24677],[9.290808,55.246736],[9.290758,55.246711],[9.290743,55.246704],[9.290732,55.246699],[9.290679,55.246681],[9.290563,55.246646],[9.29051,55.246634],[9.290414,55.246611],[9.290274,55.246578],[9.289953,55.246513],[9.289877,55.246498],[9.289723,55.246471],[9.289628,55.246455],[9.289565,55.246445],[9.289466,55.24643],[9.289305,55.246404],[9.289164,55.246382],[9.289072,55.246367],[9.289009,55.246357],[9.288932,55.246345],[9.288902,55.246448],[9.28886,55.246554],[9.288846,55.246585],[9.288823,55.246618],[9.288793,55.246654],[9.28876,55.246685],[9.288506,55.246878],[9.288426,55.246945],[9.288385,55.24698],[9.288339,55.247019],[9.288302,55.247051],[9.288299,55.247052],[9.288288,55.247062],[9.288247,55.247097],[9.288212,55.247126],[9.288177,55.247156],[9.288122,55.247203],[9.288085,55.247234],[9.28804,55.247273],[9.287986,55.247305],[9.287953,55.24732],[9.287919,55.247332],[9.287861,55.247339],[9.287709,55.247352],[9.287331,55.247379],[9.287177,55.247391],[9.286384,55.247449],[9.286078,55.247472],[9.286032,55.24748],[9.285992,55.247497],[9.285972,55.247509],[9.285959,55.247522],[9.285792,55.24781],[9.285706,55.247964],[9.285369,55.248529],[9.285247,55.248743],[9.285235,55.248764],[9.285137,55.24896],[9.285102,55.249033],[9.285017,55.24923],[9.284927,55.249447],[9.284841,55.249631],[9.284797,55.249734],[9.28462,55.250152],[9.284482,55.25048],[9.284407,55.250652],[9.284364,55.250752],[9.284269,55.250969],[9.284213,55.251105],[9.284159,55.251222],[9.284104,55.251331],[9.284051,55.25142],[9.283978,55.251529],[9.283912,55.251624],[9.283832,55.251722],[9.283767,55.251795],[9.283634,55.251935],[9.283537,55.252027],[9.283466,55.252088],[9.283391,55.252151],[9.283318,55.252212],[9.283242,55.25227],[9.283169,55.252326],[9.283058,55.252408],[9.283004,55.252444],[9.282986,55.252457],[9.282969,55.252469],[9.282961,55.252474],[9.282772,55.252584],[9.282676,55.252638],[9.282528,55.252716],[9.282425,55.252765],[9.282204,55.252873],[9.28197,55.252985],[9.281711,55.253109],[9.281465,55.25323],[9.28145,55.253241],[9.281447,55.253245],[9.281448,55.253249],[9.281455,55.253261],[9.281649,55.253479],[9.281777,55.253646],[9.28188,55.253775],[9.281942,55.253854],[9.282028,55.253967],[9.282107,55.254067],[9.282111,55.254072],[9.282149,55.254121],[9.282151,55.254124],[9.282167,55.254144],[9.282158,55.254152],[9.282145,55.254163],[9.28211,55.254191],[9.282095,55.254201],[9.282062,55.254226],[9.282023,55.254252],[9.28198,55.254275],[9.28194,55.254293],[9.28184,55.254332],[9.281786,55.254353],[9.281725,55.254372],[9.281649,55.254394],[9.281529,55.254423],[9.281501,55.254429],[9.28146,55.254434],[9.281388,55.254441],[9.28128,55.254446],[9.28121,55.254446],[9.281147,55.254444],[9.280993,55.254436],[9.280873,55.254431],[9.280634,55.25442],[9.280508,55.254415],[9.280205,55.254402],[9.28009,55.254397],[9.279855,55.254385],[9.279722,55.254379],[9.279473,55.254368],[9.279338,55.254363],[9.279064,55.25435],[9.278896,55.254342],[9.278737,55.254335],[9.278678,55.254335],[9.278619,55.254337],[9.278561,55.254341],[9.278376,55.254355],[9.278249,55.254363],[9.278015,55.25438],[9.277902,55.254388],[9.277496,55.254418],[9.277486,55.254419],[9.277455,55.254425],[9.277404,55.254437],[9.277373,55.254446],[9.277326,55.25446],[9.277263,55.254479],[9.277246,55.254485],[9.277219,55.254497],[9.277114,55.254543],[9.277084,55.254557],[9.276963,55.254617],[9.276739,55.254727],[9.276616,55.254789],[9.276467,55.254862],[9.276403,55.254897],[9.276385,55.254911],[9.276375,55.254923],[9.276369,55.254936],[9.276369,55.254954],[9.276395,55.255072],[9.276396,55.255095],[9.276395,55.255101],[9.276385,55.255116],[9.276312,55.25513],[9.276273,55.255134],[9.275896,55.255168],[9.275409,55.255216],[9.275044,55.255253],[9.274987,55.255261],[9.274692,55.255304],[9.274574,55.255324],[9.274369,55.25536],[9.274137,55.255404],[9.273909,55.255454],[9.273643,55.255516],[9.273531,55.255543],[9.273351,55.255592],[9.273189,55.255635],[9.273157,55.255644],[9.273137,55.25565],[9.272751,55.255769],[9.272647,55.255803],[9.272496,55.25586],[9.272405,55.255895],[9.272282,55.255944],[9.272175,55.25599],[9.272023,55.256059],[9.27184,55.25614],[9.271749,55.256185],[9.271734,55.256192],[9.271618,55.256255],[9.271473,55.256332],[9.271288,55.256432],[9.271187,55.25649],[9.271083,55.256552],[9.270955,55.256631],[9.270804,55.256724],[9.270757,55.256752],[9.270703,55.256774],[9.270578,55.256822],[9.270451,55.256869],[9.270345,55.256909],[9.270338,55.256913],[9.270286,55.256934],[9.270266,55.256946],[9.270253,55.256956],[9.270248,55.256962],[9.270362,55.257014],[9.270416,55.25704],[9.270486,55.257073],[9.270527,55.257092],[9.270567,55.257111],[9.270617,55.257135],[9.270678,55.257164],[9.270736,55.257191],[9.27078,55.25722],[9.27081,55.257241],[9.270841,55.257265],[9.270869,55.257295],[9.270881,55.257318],[9.270891,55.25735],[9.270894,55.257383],[9.27089,55.257461],[9.270889,55.257505],[9.270888,55.257552],[9.270891,55.257589],[9.270898,55.257612],[9.270902,55.257627],[9.270919,55.257653],[9.270945,55.257668],[9.270955,55.257672],[9.27095,55.257685],[9.270938,55.257715],[9.270933,55.25773],[9.270896,55.25783],[9.270882,55.257868],[9.270876,55.257886],[9.270804,55.2581],[9.270802,55.258109],[9.270754,55.258094],[9.27051,55.258774],[9.2704,55.259082],[9.270321,55.259301],[9.270293,55.25939],[9.270272,55.259442],[9.270251,55.259476],[9.270219,55.259502],[9.270188,55.25954],[9.270139,55.259576],[9.270111,55.259592],[9.269996,55.259658],[9.269954,55.259682],[9.269941,55.259672],[9.269895,55.259646],[9.269867,55.25963],[9.269802,55.259603],[9.26977,55.25959],[9.269697,55.259564],[9.269634,55.259546],[9.269553,55.259527],[9.269485,55.259515],[9.269458,55.259512],[9.269354,55.2595],[9.26927,55.259494],[9.269136,55.259483],[9.269007,55.259475],[9.268973,55.259651],[9.268948,55.259854],[9.268936,55.259913],[9.268927,55.259932],[9.268911,55.259976],[9.268905,55.259984],[9.268874,55.260033],[9.268836,55.260074],[9.268798,55.260104],[9.268754,55.260134],[9.268647,55.260186],[9.268525,55.260226],[9.26827,55.260299],[9.268072,55.260351],[9.267803,55.260419],[9.267572,55.260476],[9.267289,55.260545],[9.267109,55.260588],[9.266966,55.26062],[9.266848,55.260644],[9.266638,55.260684],[9.266451,55.260709],[9.266199,55.260735],[9.266076,55.260743],[9.265885,55.260756],[9.265773,55.260763],[9.26563,55.260772],[9.265479,55.260777],[9.265307,55.260793],[9.265255,55.260798],[9.265172,55.260807],[9.265286,55.26092],[9.265315,55.260944],[9.265325,55.26095],[9.26546,55.261036],[9.265545,55.261088],[9.265811,55.261255],[9.266056,55.26141],[9.266337,55.261588],[9.26661,55.261759],[9.266817,55.261892],[9.267273,55.262182],[9.267804,55.262522],[9.268159,55.262755],[9.26819,55.262782],[9.268202,55.262796],[9.268217,55.262819],[9.268234,55.262855],[9.26824,55.262881],[9.268242,55.262908],[9.26824,55.262928],[9.268229,55.262969],[9.268218,55.262991],[9.268185,55.263036],[9.268102,55.263123],[9.267849,55.263386],[9.267557,55.263699],[9.267302,55.263982],[9.266954,55.264368],[9.2668,55.26455],[9.26678,55.264584],[9.266747,55.264654],[9.26674,55.264682],[9.266729,55.264721],[9.266721,55.264756],[9.266652,55.265219],[9.266579,55.265674],[9.266498,55.266129],[9.26646,55.266343],[9.266432,55.266501],[9.266371,55.266837],[9.266361,55.266891],[9.266311,55.267188],[9.266245,55.267562],[9.266184,55.267917],[9.266123,55.268296],[9.26607,55.268593],[9.266043,55.268773],[9.26604,55.268792],[9.266035,55.268829],[9.266028,55.268929],[9.266028,55.268956],[9.266031,55.269026],[9.266036,55.269055],[9.266051,55.269127],[9.266068,55.269182],[9.266084,55.269219],[9.266108,55.269269],[9.266122,55.269294],[9.266166,55.269365],[9.266268,55.269514],[9.266343,55.269624],[9.266593,55.26999],[9.26691,55.270445],[9.267178,55.270834],[9.267345,55.271073],[9.267627,55.271476],[9.267867,55.271824],[9.267883,55.271847],[9.268131,55.272207],[9.268353,55.272537],[9.268584,55.272899],[9.268771,55.27318],[9.268883,55.27335],[9.269089,55.273682],[9.269338,55.274061],[9.269559,55.27439],[9.269676,55.274547],[9.269544,55.274605],[9.269328,55.274702],[9.268945,55.274869],[9.268684,55.274984],[9.268172,55.275206],[9.267612,55.275452],[9.267076,55.275687],[9.266637,55.275878],[9.266191,55.276072],[9.265734,55.276274],[9.26542,55.276414],[9.265354,55.276445],[9.265255,55.276494],[9.265184,55.276532],[9.26512,55.276566],[9.264978,55.276646],[9.264867,55.276716],[9.264683,55.276834],[9.264362,55.277052],[9.264036,55.277274],[9.263698,55.277507],[9.263386,55.277719],[9.263118,55.277903],[9.263015,55.277974],[9.262856,55.278081],[9.26268,55.278201],[9.262367,55.278414],[9.262104,55.278596],[9.261863,55.278765],[9.261577,55.278961],[9.261221,55.279198],[9.260967,55.279372],[9.260874,55.279435],[9.260477,55.279708],[9.260128,55.279946],[9.259905,55.280098],[9.259875,55.280119],[9.259799,55.280171],[9.258959,55.280743],[9.258519,55.281043],[9.25831,55.281178],[9.258159,55.281259],[9.257887,55.281366],[9.257703,55.281415],[9.257447,55.281467],[9.256222,55.281666],[9.255442,55.281798],[9.255393,55.28181],[9.255267,55.28184],[9.255017,55.2819],[9.253386,55.282347],[9.253072,55.282416],[9.252999,55.282427],[9.252861,55.282447],[9.252747,55.282457],[9.252539,55.28247],[9.252539,55.282684],[9.252244,55.283781],[9.252237,55.284045],[9.252302,55.285381],[9.252368,55.287108],[9.252361,55.287756],[9.252352,55.289694],[9.252318,55.29061],[9.252299,55.29111],[9.252281,55.291281],[9.25228,55.291435],[9.252175,55.29149],[9.252079,55.291542],[9.251954,55.291626],[9.251919,55.291648],[9.251882,55.291674],[9.251867,55.291686],[9.251834,55.291715],[9.251799,55.29175],[9.251787,55.291763],[9.251755,55.291801],[9.251729,55.291836],[9.251706,55.291869],[9.251683,55.291903],[9.251662,55.291938],[9.251652,55.291955],[9.251606,55.292033],[9.251579,55.292084],[9.251439,55.292339],[9.251226,55.292727],[9.25103,55.293087],[9.250813,55.293489],[9.250782,55.293545],[9.250758,55.293589],[9.250726,55.293651],[9.250565,55.293945],[9.250523,55.29402],[9.250375,55.294295],[9.250336,55.294364],[9.250163,55.294678],[9.250022,55.294936],[9.24996,55.295054],[9.249896,55.295169],[9.24979,55.295357],[9.249756,55.295412],[9.249735,55.295449],[9.249691,55.295518],[9.249653,55.295566],[9.24964,55.295581],[9.249606,55.295626],[9.249575,55.29566],[9.249563,55.29567],[9.249541,55.295693],[9.249494,55.295725],[9.249458,55.295753],[9.249444,55.295763],[9.249402,55.295789],[9.249388,55.295798],[9.24933,55.295833],[9.249195,55.29591],[9.249161,55.295929],[9.249039,55.295995],[9.248934,55.296052],[9.248906,55.296066],[9.248818,55.296113],[9.248747,55.296153],[9.248681,55.296196],[9.248705,55.296211],[9.248825,55.296285],[9.248954,55.296365],[9.249204,55.296518],[9.249324,55.296594],[9.249644,55.296796],[9.249736,55.296856],[9.249838,55.296921],[9.249677,55.297031],[9.249392,55.297229],[9.249246,55.297332],[9.24871,55.29771],[9.248254,55.298018],[9.24803,55.298167],[9.247908,55.298249],[9.247761,55.298347],[9.247589,55.298464],[9.247419,55.298577],[9.247227,55.298704],[9.247024,55.298842],[9.246857,55.298956],[9.246575,55.299146],[9.246369,55.299285],[9.245873,55.299618],[9.245391,55.299942],[9.245222,55.300051],[9.245013,55.300194],[9.244765,55.300361],[9.244541,55.300512],[9.244302,55.300677],[9.244015,55.300881],[9.243882,55.300976],[9.243849,55.300997],[9.243763,55.301048],[9.243685,55.301091],[9.243608,55.301129],[9.243523,55.301163],[9.243445,55.301194],[9.243357,55.301224],[9.24324,55.301258],[9.243045,55.30131],[9.242911,55.301342],[9.242742,55.301377],[9.242567,55.30141],[9.242358,55.301448],[9.242036,55.301506],[9.241964,55.301519],[9.241605,55.301583],[9.24095,55.301698],[9.240506,55.301775],[9.240192,55.301829],[9.239838,55.301889],[9.23966,55.301918],[9.239459,55.30195],[9.239421,55.301956],[9.239198,55.301991],[9.238895,55.302046],[9.238606,55.302098],[9.2383,55.302154],[9.238003,55.302206],[9.23767,55.302264],[9.237391,55.302315],[9.237144,55.302363],[9.236616,55.302479],[9.236331,55.302553],[9.236305,55.302559],[9.235994,55.302651],[9.235969,55.302659],[9.235705,55.302743],[9.235496,55.30281],[9.234733,55.303064],[9.234462,55.303151],[9.234263,55.303216],[9.23386,55.303343],[9.233544,55.303442],[9.233433,55.303476],[9.233135,55.303571],[9.232855,55.303655],[9.232554,55.30375],[9.232316,55.303825],[9.231963,55.303935],[9.231638,55.304037],[9.231299,55.304141],[9.231195,55.304175],[9.231068,55.304216],[9.230764,55.304311],[9.230437,55.304415],[9.230267,55.30447],[9.229943,55.304572],[9.229511,55.304708],[9.229418,55.304739],[9.229297,55.304779],[9.229002,55.304877],[9.228963,55.304889],[9.228652,55.304985],[9.228289,55.305105],[9.227935,55.305212],[9.227652,55.305306],[9.227406,55.305385],[9.226983,55.305518],[9.226621,55.305635],[9.226353,55.305721],[9.226286,55.305742],[9.226198,55.305771],[9.225887,55.30587],[9.225726,55.305921],[9.225596,55.305963],[9.225505,55.305992],[9.225156,55.306104],[9.224775,55.306225],[9.224477,55.306323],[9.22431,55.306376],[9.22426,55.306392],[9.223645,55.30659],[9.223389,55.306671],[9.223144,55.30675],[9.222913,55.306824],[9.222585,55.306931],[9.222065,55.307096],[9.221812,55.307181],[9.221478,55.307289],[9.220757,55.307522],[9.220548,55.307589],[9.219872,55.307803],[9.219845,55.307811],[9.218884,55.308107],[9.217723,55.308464],[9.216997,55.308694],[9.216949,55.308709],[9.215693,55.309107],[9.214514,55.309487],[9.212685,55.31007],[9.211797,55.310346],[9.211709,55.310371],[9.211332,55.31049],[9.211141,55.310552],[9.21048,55.310759],[9.209799,55.310971],[9.209139,55.311177],[9.208379,55.311421],[9.208098,55.311508],[9.20695,55.311866],[9.2061,55.312132],[9.205263,55.312395],[9.204593,55.312607],[9.20366,55.312898],[9.203608,55.312915],[9.202328,55.313314],[9.201849,55.313468],[9.201252,55.313654],[9.19988,55.31409],[9.199226,55.314297],[9.198555,55.314505],[9.197992,55.314685],[9.197416,55.314863],[9.197347,55.314883],[9.196923,55.315015],[9.196806,55.315055],[9.196783,55.315062],[9.196643,55.31511],[9.196583,55.315127],[9.196474,55.315189],[9.196385,55.315266],[9.196345,55.315303],[9.196317,55.315337],[9.196277,55.315389],[9.196216,55.315488],[9.196183,55.315563],[9.196145,55.315664],[9.196123,55.31576],[9.196117,55.315847],[9.196116,55.315911],[9.196113,55.316011],[9.19611,55.316034],[9.196106,55.316233],[9.196105,55.316233],[9.196105,55.316249],[9.196099,55.316335],[9.196093,55.316386],[9.196087,55.316418],[9.196078,55.316449],[9.196074,55.316461],[9.196063,55.316487],[9.196045,55.316516],[9.196015,55.316556],[9.195994,55.316578],[9.195966,55.316604],[9.195928,55.316632],[9.195909,55.316646],[9.195882,55.316662],[9.195803,55.316709],[9.195699,55.316763],[9.195545,55.316837],[9.195436,55.31689],[9.195115,55.317042],[9.195105,55.317048],[9.194843,55.317274],[9.195265,55.317308],[9.19549,55.317326],[9.195674,55.317341],[9.196023,55.317366],[9.196428,55.317397],[9.196623,55.317413],[9.196794,55.317427],[9.197197,55.317458],[9.197385,55.317472],[9.197722,55.317498],[9.198167,55.317533],[9.198489,55.317558],[9.198564,55.317563],[9.198947,55.317593],[9.199357,55.317625],[9.199769,55.317658],[9.199976,55.317673],[9.200266,55.317696],[9.20052,55.317716],[9.200578,55.317721],[9.200397,55.317868],[9.200365,55.317895],[9.200222,55.317999],[9.200033,55.318133],[9.199787,55.318305],[9.19972,55.318352],[9.199535,55.318482],[9.199469,55.318528],[9.199257,55.318677],[9.199174,55.318735],[9.198964,55.318882],[9.198881,55.318938],[9.198627,55.319107],[9.198396,55.319264],[9.198355,55.319293],[9.19829,55.319338],[9.198172,55.319425],[9.198103,55.319478],[9.198059,55.319514],[9.198015,55.319557],[9.197967,55.319604],[9.197955,55.319617],[9.197947,55.319625],[9.197932,55.319643],[9.197914,55.31967],[9.197895,55.319698],[9.197886,55.31971],[9.197864,55.319745],[9.197858,55.319757],[9.197838,55.31979],[9.197824,55.319819],[9.197807,55.319854],[9.197795,55.319884],[9.197739,55.320031],[9.197717,55.320091],[9.197649,55.320293],[9.197615,55.320391],[9.197532,55.320651],[9.197441,55.320923],[9.197362,55.321165],[9.197284,55.321404],[9.197216,55.321613],[9.197183,55.321716],[9.197122,55.3219],[9.197082,55.322021],[9.197065,55.322068],[9.197046,55.32211],[9.197028,55.32215],[9.197006,55.322186],[9.196981,55.32223],[9.196959,55.322261],[9.196952,55.32227],[9.196975,55.322281],[9.197053,55.32232],[9.197082,55.322334],[9.197299,55.322464],[9.197491,55.322585],[9.197584,55.322627],[9.197598,55.322634],[9.197641,55.322663],[9.197684,55.3227],[9.197715,55.32274],[9.197749,55.322821],[9.197839,55.322996],[9.197931,55.323198],[9.198049,55.323464],[9.198159,55.323691],[9.198228,55.323834],[9.198301,55.323997],[9.198375,55.324153],[9.198427,55.324272],[9.198491,55.324399],[9.19854,55.324497],[9.198603,55.324589],[9.198662,55.324663],[9.198735,55.324743],[9.198764,55.324786],[9.198783,55.324816],[9.198798,55.324857],[9.19881,55.32489],[9.198817,55.324929],[9.198826,55.324977],[9.198842,55.325039],[9.198856,55.325091],[9.198871,55.325131],[9.198892,55.325176],[9.19892,55.325234],[9.198976,55.325342],[9.199051,55.325503],[9.199129,55.325674],[9.199172,55.325772],[9.199244,55.325918],[9.199294,55.326033],[9.199358,55.326163],[9.199423,55.326307],[9.199512,55.326501],[9.199627,55.326729],[9.199716,55.326923],[9.199797,55.327113],[9.199874,55.327269],[9.199947,55.327426],[9.200014,55.327579],[9.200069,55.32769],[9.200178,55.327915],[9.200266,55.328105],[9.200369,55.32832],[9.200446,55.328482],[9.200552,55.328703],[9.200618,55.328845],[9.200691,55.328994],[9.200781,55.329192],[9.200868,55.329373],[9.200942,55.329529],[9.200987,55.329619],[9.201104,55.329871],[9.201243,55.330158],[9.201395,55.330474],[9.201496,55.330696],[9.201615,55.330943],[9.201647,55.330995],[9.201385,55.331098],[9.201087,55.331218],[9.200562,55.33142],[9.200123,55.331592],[9.199675,55.331778],[9.199072,55.332028],[9.198654,55.332198],[9.198258,55.332358],[9.197999,55.332461],[9.197639,55.332605],[9.197218,55.332776],[9.197005,55.33286],[9.196651,55.332986],[9.1963,55.333113],[9.195834,55.333283],[9.19563,55.333356],[9.19544,55.333418],[9.195265,55.333468],[9.195048,55.333525],[9.194759,55.333602],[9.194626,55.333642],[9.194534,55.333678],[9.194483,55.333715],[9.194436,55.333798],[9.194396,55.333888],[9.194377,55.333975],[9.194373,55.334031],[9.194394,55.334103],[9.194448,55.334208],[9.194469,55.334244],[9.194476,55.334293],[9.194478,55.334351],[9.19447,55.334444],[9.194445,55.334612],[9.194429,55.334748],[9.194397,55.334821],[9.194358,55.33488],[9.194158,55.335116],[9.194041,55.335278],[9.19399,55.335368],[9.193972,55.335421],[9.193955,55.335539],[9.193897,55.335769],[9.193866,55.335927],[9.193827,55.336048],[9.193786,55.336139],[9.193778,55.336178],[9.193752,55.336211],[9.193619,55.336316],[9.193426,55.336464],[9.193374,55.336485],[9.193343,55.336498],[9.19335,55.336506],[9.193662,55.336904],[9.194069,55.337429],[9.194471,55.337944],[9.194686,55.338218],[9.195154,55.338824],[9.19556,55.339335],[9.196046,55.339962],[9.196331,55.340329],[9.196643,55.340727],[9.196918,55.341076],[9.196973,55.341149],[9.197221,55.341476],[9.19744,55.34176],[9.197578,55.341931],[9.197678,55.342055],[9.197845,55.342267],[9.19795,55.342404],[9.198001,55.342482],[9.198042,55.342554],[9.198084,55.342642],[9.198116,55.342727],[9.198138,55.342796],[9.198152,55.342859],[9.198193,55.343085],[9.198257,55.343516],[9.198325,55.343963],[9.198366,55.344224],[9.198399,55.344389],[9.198427,55.344506],[9.198445,55.344571],[9.198457,55.344613],[9.198482,55.344693],[9.198559,55.344892],[9.198666,55.345165],[9.198763,55.345388],[9.198855,55.345611],[9.198951,55.34582],[9.199132,55.346161],[9.199316,55.3465],[9.199498,55.346832],[9.199717,55.347239],[9.199817,55.347428],[9.199858,55.347504],[9.200001,55.34777],[9.200139,55.348025],[9.2004,55.348482],[9.200466,55.34859],[9.200696,55.348968],[9.200977,55.349438],[9.201045,55.349548],[9.201076,55.349601],[9.201116,55.349675],[9.201149,55.349746],[9.20118,55.349826],[9.201226,55.349955],[9.201277,55.350115],[9.201341,55.350322],[9.201369,55.350411],[9.201426,55.350601],[9.201467,55.350738],[9.201529,55.350933],[9.201578,55.351058],[9.201628,55.35116],[9.201689,55.351271],[9.201766,55.351394],[9.201785,55.351421],[9.202022,55.351755],[9.202048,55.35179],[9.202077,55.351834],[9.202107,55.351877],[9.202133,55.351914],[9.202302,55.352156],[9.202311,55.352167],[9.202354,55.352233],[9.202431,55.352352],[9.202749,55.352825],[9.203103,55.353357],[9.203289,55.353635],[9.203392,55.35379],[9.203729,55.354289],[9.203971,55.354635],[9.204105,55.354826],[9.204119,55.354842],[9.204133,55.354857],[9.204158,55.354878],[9.204186,55.354895],[9.204322,55.354975],[9.20427,55.355034],[9.203993,55.35534],[9.203957,55.355379],[9.203808,55.355539],[9.203762,55.355588],[9.203735,55.355618],[9.203685,55.355671],[9.203622,55.355725],[9.203584,55.355758],[9.203516,55.355807],[9.203499,55.35582],[9.203432,55.355866],[9.203362,55.35591],[9.203214,55.355995],[9.203038,55.356085],[9.20293,55.356141],[9.202922,55.356145],[9.202844,55.356183],[9.202843,55.356184],[9.202448,55.356355],[9.202371,55.356389],[9.20231,55.356416],[9.202281,55.356431],[9.202252,55.356454],[9.202224,55.356484],[9.202195,55.356525],[9.202179,55.35656],[9.202172,55.356591],[9.202175,55.356624],[9.202183,55.356675],[9.202199,55.356724],[9.202282,55.356881],[9.202304,55.356923],[9.202387,55.357082],[9.202395,55.357098],[9.202404,55.357128],[9.202404,55.35714],[9.202404,55.357266],[9.202269,55.35728],[9.202096,55.357298],[9.202033,55.357302],[9.201881,55.357308],[9.201506,55.357313],[9.201411,55.357312],[9.201379,55.357312],[9.201283,55.357311],[9.201223,55.357306],[9.201209,55.357305],[9.201138,55.357296],[9.20104,55.35728],[9.200857,55.357242],[9.200824,55.357235],[9.200781,55.357222],[9.2007,55.35719],[9.200569,55.35713],[9.200395,55.357051],[9.199992,55.356868],[9.199822,55.35679],[9.199715,55.356742],[9.199662,55.356717],[9.19959,55.356678],[9.199582,55.356673],[9.199495,55.356624],[9.199452,55.356595],[9.199374,55.356543],[9.199312,55.356493],[9.199253,55.356438],[9.199121,55.35631],[9.198925,55.356367],[9.198901,55.35637],[9.198869,55.356371],[9.198845,55.35637],[9.198434,55.356315],[9.198345,55.356308],[9.198289,55.356304],[9.198231,55.356302],[9.198177,55.356303],[9.197911,55.356318],[9.197387,55.356346],[9.197198,55.356356],[9.196388,55.356402],[9.196,55.356424],[9.195461,55.356462],[9.195039,55.356498],[9.195003,55.356435],[9.194984,55.356403],[9.194968,55.356384],[9.194691,55.35612],[9.194465,55.355904],[9.194384,55.355837],[9.194344,55.355806],[9.19426,55.355749],[9.194133,55.355683],[9.194092,55.355663],[9.194028,55.355636],[9.193785,55.35554],[9.193583,55.355461],[9.193551,55.355449],[9.193531,55.355441],[9.193239,55.355327],[9.193183,55.355305],[9.19277,55.35514],[9.192695,55.355106],[9.192572,55.355047],[9.192537,55.355027],[9.192484,55.354992],[9.192432,55.354948],[9.192243,55.354774],[9.191982,55.354851],[9.191614,55.354959],[9.191363,55.355033],[9.190219,55.355376],[9.18927,55.355661],[9.189184,55.355687],[9.188998,55.355747],[9.188896,55.355783],[9.188712,55.355855],[9.18855,55.355921],[9.188403,55.355992],[9.188272,55.356058],[9.188108,55.356146],[9.18802,55.356198],[9.187953,55.356238],[9.18782,55.356324],[9.187789,55.35635],[9.187737,55.356394],[9.18772,55.356409],[9.187698,55.356427],[9.18768,55.356442],[9.187731,55.356473],[9.187767,55.35651],[9.187788,55.35655],[9.187793,55.356592],[9.187781,55.356634],[9.187744,55.356679],[9.187709,55.356707],[9.187652,55.356735],[9.187587,55.356754],[9.187515,55.356764],[9.187441,55.356765],[9.187369,55.356755],[9.187314,55.356742],[9.187278,55.356779],[9.187265,55.356791],[9.187218,55.356839],[9.186858,55.357207],[9.186759,55.357313],[9.186721,55.35735],[9.186696,55.35737],[9.186684,55.357381],[9.186613,55.357453],[9.18651,55.35756],[9.186366,55.357714],[9.186282,55.357691],[9.186185,55.357659],[9.186169,55.357653],[9.186154,55.357646],[9.186097,55.357619],[9.185992,55.357571],[9.185926,55.357545],[9.18591,55.357541],[9.185863,55.357529],[9.185798,55.35752],[9.185686,55.357517],[9.185561,55.357524],[9.185279,55.357548],[9.185107,55.357564],[9.184479,55.357623],[9.184201,55.357648],[9.184052,55.357661],[9.183872,55.357665],[9.183458,55.35767],[9.183338,55.357683],[9.183201,55.357696],[9.183122,55.357703],[9.182851,55.357725],[9.182619,55.35775],[9.182491,55.357767],[9.182422,55.357786],[9.182282,55.357821],[9.182179,55.357838],[9.182059,55.357856],[9.181962,55.35787],[9.181806,55.357888],[9.181663,55.357903],[9.181331,55.357938],[9.180977,55.357969],[9.180703,55.357993],[9.180423,55.358017],[9.180186,55.358038],[9.179843,55.358068],[9.17959,55.358088],[9.179371,55.358107],[9.179085,55.358134],[9.178838,55.358159],[9.178554,55.358186],[9.178291,55.358213],[9.177959,55.358246],[9.177782,55.358266],[9.177549,55.358292],[9.177322,55.358316],[9.17701,55.35835],[9.176692,55.358387],[9.176394,55.358419],[9.17607,55.358455],[9.175803,55.358485],[9.1755,55.358517],[9.17526,55.358543],[9.175078,55.358563],[9.174897,55.358583],[9.174699,55.358606],[9.174588,55.358618],[9.174446,55.358633],[9.174339,55.35864],[9.174162,55.358644],[9.173966,55.358637],[9.17388,55.358634],[9.173867,55.358634],[9.173834,55.358636],[9.173605,55.35866],[9.173554,55.358665],[9.173514,55.35867],[9.173001,55.358726],[9.172825,55.358745],[9.172785,55.358749],[9.172587,55.35877],[9.172471,55.358787],[9.17236,55.358815],[9.17228,55.358838],[9.172119,55.358866],[9.171985,55.358887],[9.171781,55.358912],[9.171702,55.358922],[9.17148,55.358947],[9.171179,55.358982],[9.17089,55.359017],[9.170767,55.35903],[9.170741,55.359031],[9.170628,55.359026],[9.170402,55.359013],[9.170323,55.359015],[9.17002,55.359038],[9.169779,55.359051],[9.169451,55.359065],[9.169228,55.359081],[9.169233,55.359109],[9.169233,55.359116],[9.169273,55.35924],[9.169301,55.359328],[9.169317,55.359378],[9.169336,55.359428],[9.169359,55.359491],[9.169366,55.359512],[9.16938,55.359556],[9.169385,55.35957],[9.16917,55.359626],[9.168748,55.359768],[9.168674,55.359793],[9.168438,55.359877],[9.168409,55.359887],[9.168198,55.359961],[9.168022,55.360034],[9.167908,55.360081],[9.167488,55.360258],[9.166889,55.360512],[9.165966,55.360903],[9.165785,55.36098],[9.165463,55.361117],[9.164998,55.361314],[9.16481,55.361394],[9.164744,55.361422],[9.164682,55.361448],[9.164554,55.361503],[9.164458,55.361543],[9.164432,55.361555],[9.164155,55.361672],[9.163672,55.361877],[9.163504,55.361948],[9.163466,55.361965],[9.163429,55.36198],[9.163274,55.362046],[9.163109,55.362116],[9.162908,55.362201],[9.162682,55.362297],[9.162085,55.36255],[9.161802,55.362672],[9.161342,55.362869],[9.160811,55.363094],[9.160318,55.363304],[9.159893,55.363483],[9.159423,55.363681],[9.158859,55.36392],[9.158466,55.364087],[9.158382,55.364122],[9.15776,55.364383],[9.157573,55.364464],[9.157202,55.36462],[9.157075,55.364674],[9.156949,55.364727],[9.156618,55.364868],[9.156257,55.365021],[9.156165,55.365056],[9.156117,55.365073],[9.15606,55.365091],[9.155895,55.365136],[9.155854,55.365145],[9.155805,55.365155],[9.155688,55.365172],[9.155526,55.365192],[9.155447,55.3652],[9.15537,55.365208],[9.15503,55.365244],[9.154618,55.365289],[9.154592,55.365291],[9.154179,55.365335],[9.15372,55.365385],[9.152856,55.365478],[9.152344,55.365535],[9.151922,55.36558],[9.151877,55.365585],[9.151517,55.365626],[9.151403,55.365643],[9.151345,55.365656],[9.151203,55.365688],[9.15113,55.365705],[9.151082,55.365718],[9.15101,55.365738],[9.150973,55.36575],[9.150935,55.365762],[9.150879,55.365781],[9.150714,55.365844],[9.150548,55.365908],[9.150355,55.365981],[9.150307,55.365999],[9.149997,55.366115],[9.149724,55.366219],[9.149715,55.366223],[9.149359,55.366358],[9.149157,55.366435],[9.148789,55.366574],[9.148396,55.36672],[9.14811,55.366827],[9.147738,55.366971],[9.147531,55.367048],[9.147429,55.367085],[9.147125,55.367203],[9.146853,55.367305],[9.146846,55.367308],[9.146486,55.367442],[9.146211,55.367549],[9.145894,55.36767],[9.145499,55.367818],[9.145252,55.367913],[9.144932,55.368033],[9.144801,55.368082],[9.144656,55.368136],[9.144404,55.368234],[9.144165,55.368324],[9.143845,55.368446],[9.143545,55.368561],[9.143139,55.368713],[9.142745,55.368862],[9.142451,55.368974],[9.142143,55.36909],[9.142063,55.36912],[9.141742,55.36924],[9.141318,55.3694],[9.140979,55.369528],[9.140606,55.369668],[9.140271,55.369795],[9.139864,55.369951],[9.139576,55.370057],[9.139455,55.370103],[9.139314,55.370155],[9.139128,55.370226],[9.13907,55.370249],[9.138591,55.370427],[9.138357,55.370516],[9.138032,55.370635],[9.137661,55.370777],[9.137614,55.370795],[9.137536,55.370829],[9.137484,55.370854],[9.137442,55.370876],[9.137353,55.370926],[9.137242,55.370998],[9.137177,55.371048],[9.137107,55.371109],[9.137043,55.371172],[9.137004,55.371216],[9.136942,55.371299],[9.136898,55.371372],[9.136862,55.371437],[9.136842,55.37149],[9.136813,55.371565],[9.136734,55.371783],[9.136721,55.371817],[9.136597,55.372138],[9.136466,55.372463],[9.136391,55.372639],[9.136254,55.372941],[9.136088,55.373281],[9.135916,55.373611],[9.135743,55.373923],[9.135584,55.374191],[9.135537,55.374268],[9.135425,55.374451],[9.135036,55.375081],[9.134682,55.375656],[9.134329,55.376226],[9.134216,55.376385],[9.13412,55.376499],[9.133938,55.376684],[9.133653,55.376941],[9.133424,55.377144],[9.133114,55.377412],[9.133065,55.377452],[9.133055,55.37746],[9.133024,55.377488],[9.132961,55.377546],[9.133024,55.377623],[9.133054,55.377658],[9.133075,55.377679],[9.13316,55.377787],[9.133477,55.378202],[9.133806,55.378627],[9.134016,55.378901],[9.134295,55.379264],[9.134334,55.379314],[9.134467,55.379487],[9.134723,55.379832],[9.134791,55.379917],[9.134908,55.380062],[9.134932,55.38009],[9.134969,55.380129],[9.134999,55.380158],[9.135035,55.380189],[9.135108,55.380248],[9.135296,55.38038],[9.135648,55.380606],[9.135919,55.380785],[9.136011,55.380846],[9.136085,55.3809],[9.13613,55.380937],[9.13618,55.380988],[9.136214,55.381028],[9.13625,55.38108],[9.136278,55.381126],[9.136336,55.381244],[9.136413,55.381421],[9.136496,55.381612],[9.136599,55.381844],[9.136708,55.382086],[9.136894,55.382493],[9.136998,55.382722],[9.137185,55.38314],[9.13731,55.383414],[9.137495,55.383821],[9.137609,55.384072],[9.137783,55.38446],[9.137955,55.384841],[9.1381,55.385153],[9.138231,55.385396],[9.138354,55.3856],[9.138467,55.385779],[9.138534,55.385886],[9.13861,55.386008],[9.138723,55.386176],[9.138784,55.386267],[9.139013,55.386622],[9.139172,55.386883],[9.139353,55.387205],[9.139502,55.387471],[9.139678,55.38779],[9.139843,55.388085],[9.139905,55.388198],[9.140081,55.388514],[9.140312,55.388925],[9.140457,55.389189],[9.140653,55.389539],[9.140866,55.389921],[9.141042,55.390239],[9.141119,55.390386],[9.141161,55.390464],[9.141288,55.390676],[9.141461,55.390981],[9.141641,55.391307],[9.141824,55.391627],[9.142051,55.392034],[9.141905,55.392067],[9.141719,55.392107],[9.141483,55.392158],[9.14113,55.392233],[9.140787,55.392309],[9.140524,55.392366],[9.140278,55.392418],[9.139948,55.39249],[9.139641,55.392557],[9.139415,55.392606],[9.139178,55.392663],[9.139012,55.392704],[9.138826,55.392758],[9.138706,55.392792],[9.138449,55.392876],[9.138137,55.392977],[9.137932,55.393046],[9.137607,55.393153],[9.137577,55.393163],[9.137337,55.393242],[9.137028,55.393339],[9.136858,55.393394],[9.136741,55.393427],[9.13665,55.393452],[9.136482,55.393494],[9.136303,55.393539],[9.136049,55.393595],[9.135818,55.393637],[9.135515,55.393687],[9.135469,55.393695],[9.135221,55.393734],[9.134743,55.393801],[9.134436,55.393845],[9.133946,55.393916],[9.133702,55.393946],[9.133502,55.393977],[9.133391,55.393995],[9.133257,55.394012],[9.133214,55.394018],[9.133189,55.394022],[9.133128,55.39403],[9.133114,55.394032],[9.132962,55.394052],[9.132638,55.3941],[9.132593,55.394106],[9.132505,55.394117],[9.132331,55.39414],[9.132152,55.394167],[9.131832,55.394215],[9.131422,55.394271],[9.131295,55.394286],[9.131093,55.39431],[9.130724,55.394348],[9.130404,55.39438],[9.12998,55.394423],[9.129857,55.394436],[9.129434,55.394478],[9.129076,55.394516],[9.128668,55.394558],[9.128344,55.39459],[9.12799,55.394626],[9.127863,55.394639],[9.127457,55.39468],[9.127133,55.394714],[9.126774,55.39475],[9.126504,55.394777],[9.126305,55.394797],[9.126174,55.394809],[9.12587,55.394839],[9.125569,55.39487],[9.125346,55.394893],[9.125241,55.394903],[9.124913,55.394936],[9.124635,55.394965],[9.124324,55.394995],[9.124022,55.395025],[9.123755,55.395052],[9.123653,55.395065],[9.123626,55.395069],[9.123571,55.395076],[9.123506,55.395081],[9.123494,55.395081],[9.123468,55.395204],[9.12346,55.395235],[9.123451,55.395281],[9.123448,55.395297],[9.123435,55.39537],[9.123424,55.395435],[9.123418,55.395466],[9.123385,55.395649],[9.123351,55.395818],[9.123323,55.395983],[9.12328,55.396208],[9.123259,55.3963],[9.123217,55.396484],[9.123186,55.396617],[9.123179,55.39665],[9.123154,55.396789],[9.123121,55.396961],[9.12308,55.397175],[9.12305,55.397329],[9.123016,55.397511],[9.122979,55.397705],[9.122943,55.397879],[9.1229,55.398096],[9.122859,55.39831],[9.122812,55.398549],[9.122768,55.398777],[9.122735,55.398937],[9.122698,55.399133],[9.122667,55.399294],[9.12263,55.399464],[9.122605,55.399591],[9.122569,55.399779],[9.122538,55.399936],[9.122501,55.400115],[9.12248,55.400218],[9.122443,55.400408],[9.122406,55.40059],[9.122372,55.400774],[9.12234,55.400935],[9.122308,55.401096],[9.122276,55.40125],[9.122246,55.401396],[9.12221,55.40159],[9.122179,55.401739],[9.122158,55.401848],[9.12212,55.402044],[9.122087,55.402208],[9.122055,55.402381],[9.122014,55.402585],[9.12197,55.402811],[9.121926,55.403041],[9.121883,55.403255],[9.121838,55.40348],[9.121797,55.403691],[9.121759,55.403888],[9.121719,55.404088],[9.12168,55.404282],[9.121644,55.404464],[9.121608,55.40461],[9.121566,55.404733],[9.121539,55.40479],[9.121497,55.40486],[9.121422,55.404963],[9.121342,55.405041],[9.121246,55.405117],[9.121154,55.40518],[9.121117,55.405205],[9.121023,55.405262],[9.120859,55.405357],[9.120687,55.405456],[9.120656,55.405474],[9.120528,55.405542],[9.120361,55.40563],[9.120194,55.405717],[9.119992,55.405822],[9.119893,55.405875],[9.11986,55.405892],[9.119781,55.405933],[9.119545,55.406057],[9.119356,55.406154],[9.11928,55.406192],[9.119224,55.406215],[9.11917,55.406239],[9.119121,55.406259],[9.119095,55.406271],[9.119056,55.406287],[9.118979,55.406313],[9.118846,55.406357],[9.118716,55.406398],[9.118479,55.40647],[9.118439,55.406482],[9.118284,55.406528],[9.118136,55.406573],[9.117806,55.406668],[9.117484,55.406759],[9.1172,55.406845],[9.116897,55.406935],[9.116519,55.407047],[9.116199,55.407143],[9.115897,55.407232],[9.115605,55.407318],[9.115321,55.407403],[9.11504,55.407487],[9.114763,55.40757],[9.114421,55.407672],[9.114112,55.407765],[9.113784,55.407865],[9.113462,55.407958],[9.113114,55.408062],[9.112783,55.408163],[9.112427,55.408269],[9.112146,55.408351],[9.11214,55.408354],[9.112051,55.408381],[9.111986,55.4084],[9.111712,55.408483],[9.111352,55.408592],[9.111107,55.408664],[9.11074,55.408773],[9.110385,55.408879],[9.110054,55.408978],[9.109712,55.409081],[9.109375,55.409181],[9.109046,55.40928],[9.108759,55.409366],[9.108573,55.409423],[9.108172,55.409542],[9.107722,55.409678],[9.107269,55.409814],[9.106934,55.409914],[9.106654,55.41],[9.1066,55.410016],[9.106379,55.410082],[9.106196,55.410138],[9.106088,55.41017],[9.105998,55.410195],[9.105949,55.410206],[9.105963,55.410253],[9.105967,55.410282],[9.105975,55.41032],[9.105986,55.410405],[9.105991,55.410583],[9.105987,55.410766],[9.10598,55.410874],[9.105974,55.410977],[9.105956,55.411081],[9.10594,55.411143],[9.105925,55.411174],[9.105903,55.411222],[9.105878,55.411273],[9.105768,55.411439],[9.105584,55.411692],[9.10544,55.411904],[9.105304,55.412088],[9.105132,55.412324],[9.104953,55.412572],[9.104818,55.412762],[9.104723,55.412896],[9.104605,55.413061],[9.104478,55.413228],[9.104345,55.413416],[9.104218,55.413589],[9.10406,55.413806],[9.10392,55.413999],[9.103817,55.414132],[9.103776,55.414191],[9.103706,55.414291],[9.1036,55.414428],[9.103568,55.414469],[9.103414,55.414673],[9.103236,55.414919],[9.103188,55.414985],[9.103078,55.415134],[9.102939,55.41532],[9.102793,55.41552],[9.102693,55.415656],[9.102562,55.415832],[9.102354,55.41611],[9.102142,55.416398],[9.101923,55.416686],[9.101728,55.41697],[9.101648,55.417073],[9.101605,55.417134],[9.101593,55.417154],[9.101559,55.41721],[9.101463,55.41734],[9.101319,55.417534],[9.101172,55.417734],[9.10112,55.417807],[9.101105,55.417829],[9.10109,55.41786],[9.10107,55.417915],[9.10105,55.417991],[9.101029,55.418099],[9.101022,55.418176],[9.101022,55.418245],[9.101023,55.418325],[9.101029,55.418377],[9.10104,55.418427],[9.101055,55.418493],[9.101081,55.418596],[9.101093,55.418648],[9.101119,55.418755],[9.101148,55.418879],[9.101167,55.418957],[9.101181,55.419013],[9.10119,55.419048],[9.101234,55.419232],[9.101259,55.419326],[9.10127,55.419377],[9.101274,55.419403],[9.101279,55.419427],[9.101287,55.419454],[9.101283,55.419491],[9.101271,55.419519],[9.101303,55.419622],[9.101333,55.419748],[9.101336,55.419763],[9.101378,55.419953],[9.101391,55.420015],[9.101431,55.420034],[9.101469,55.420052],[9.101537,55.420107],[9.10158,55.420143],[9.101649,55.420215],[9.101728,55.420301],[9.101741,55.420315],[9.101779,55.420356],[9.101816,55.420404],[9.101839,55.420446],[9.101865,55.420498],[9.101893,55.420578],[9.101924,55.42069],[9.10193,55.420714],[9.101964,55.420831],[9.101984,55.420902],[9.102004,55.420976],[9.102022,55.421051],[9.10203,55.421077],[9.102039,55.421177],[9.102045,55.421267],[9.102051,55.42136],[9.102052,55.421371],[9.102062,55.421533],[9.102066,55.421605],[9.102068,55.421673],[9.10207,55.421738],[9.102072,55.42178],[9.102074,55.421803],[9.10208,55.421836],[9.102091,55.421883],[9.102099,55.42191],[9.102115,55.421954],[9.102127,55.421979],[9.10214,55.422001],[9.102155,55.422024],[9.102174,55.42205],[9.102196,55.422072],[9.102232,55.422103],[9.102273,55.422133],[9.10232,55.422158],[9.102369,55.422183],[9.102408,55.422199],[9.102453,55.422214],[9.102493,55.422225],[9.102581,55.422244],[9.102689,55.422265],[9.10281,55.422283],[9.102958,55.4223],[9.103145,55.422322],[9.103313,55.422342],[9.103524,55.422367],[9.103704,55.422388],[9.103846,55.422405],[9.10393,55.422417],[9.104009,55.42243],[9.104085,55.422445],[9.104168,55.422463],[9.104248,55.422483],[9.104332,55.422507],[9.104382,55.422524],[9.104465,55.422555],[9.104528,55.422581],[9.104582,55.422604],[9.104648,55.422633],[9.104728,55.422668],[9.104898,55.422747],[9.10508,55.42283],[9.105171,55.422875],[9.105331,55.422949],[9.10545,55.422994],[9.105623,55.423064],[9.105694,55.42309],[9.105803,55.423127],[9.105916,55.423163],[9.106012,55.423193],[9.106041,55.423201],[9.106192,55.423241],[9.10644,55.423314],[9.106518,55.423335],[9.106912,55.423447],[9.107185,55.423521],[9.107445,55.423594],[9.107593,55.423636],[9.107787,55.423688],[9.108082,55.423774],[9.108407,55.423865],[9.108483,55.423888],[9.108822,55.423978],[9.109202,55.424082],[9.109528,55.424172],[9.109737,55.424232],[9.109976,55.424298],[9.11019,55.424358],[9.110465,55.424434],[9.110672,55.42449],[9.110728,55.424504],[9.110963,55.424562],[9.111188,55.424611],[9.111366,55.424647],[9.111383,55.42465],[9.111484,55.424668],[9.111579,55.424683],[9.111658,55.424694],[9.111635,55.424915],[9.111628,55.424981],[9.11161,55.42507],[9.111603,55.425105],[9.111595,55.425146],[9.111538,55.425424],[9.111485,55.42568],[9.111439,55.425894],[9.111417,55.426001],[9.11138,55.426161],[9.111364,55.426232],[9.111291,55.426567],[9.111271,55.426658],[9.111262,55.426702],[9.111239,55.426807],[9.111184,55.427073],[9.111114,55.427403],[9.111092,55.427509],[9.111079,55.42757],[9.111077,55.42758],[9.111073,55.427599],[9.111036,55.427771],[9.111033,55.427784],[9.110986,55.42802],[9.110963,55.428123],[9.110926,55.428291],[9.110878,55.428513],[9.110871,55.428547],[9.110835,55.428715],[9.110788,55.428961],[9.110749,55.429151],[9.11074,55.429195],[9.110703,55.429372],[9.110663,55.429576],[9.110618,55.429801],[9.110568,55.430049],[9.110516,55.430297],[9.110469,55.430555],[9.110464,55.430576],[9.110424,55.430753],[9.110415,55.430793],[9.110395,55.430885],[9.110378,55.430961],[9.110274,55.431443],[9.110251,55.431536],[9.110217,55.431694],[9.110179,55.431862],[9.110136,55.432063],[9.110098,55.432238],[9.110063,55.432394],[9.110028,55.432541],[9.109984,55.432728],[9.109874,55.433189],[9.109823,55.433419],[9.109776,55.43362],[9.109746,55.43375],[9.109677,55.434025],[9.10962,55.434249],[9.109578,55.434435],[9.109569,55.434479],[9.109547,55.434586],[9.109543,55.434604],[9.109541,55.434644],[9.109533,55.4348],[9.109536,55.434959],[9.109537,55.435005],[9.109539,55.43513],[9.10954,55.435246],[9.109537,55.43546],[9.109536,55.435668],[9.109536,55.435764],[9.109541,55.435824],[9.109554,55.435893],[9.109561,55.435917],[9.109569,55.435934],[9.109577,55.435951],[9.109588,55.435966],[9.109605,55.435985],[9.109644,55.436021],[9.109695,55.436054],[9.109789,55.436105],[9.109906,55.43616],[9.109996,55.436202],[9.110018,55.436213],[9.110085,55.436244],[9.11019,55.436291],[9.110341,55.436363],[9.110499,55.436435],[9.110545,55.436458],[9.110651,55.436509],[9.110789,55.436578],[9.110828,55.436598],[9.110909,55.436641],[9.110965,55.436678],[9.111,55.436705],[9.111019,55.436722],[9.111037,55.436741],[9.111051,55.436762],[9.111065,55.436791],[9.111078,55.436828],[9.11108,55.436841],[9.111084,55.436877],[9.111084,55.436888],[9.111083,55.436913],[9.111065,55.436988],[9.11098,55.437216],[9.110892,55.437438],[9.110763,55.437764],[9.110678,55.437985],[9.110567,55.438272],[9.110476,55.438509],[9.110382,55.438749],[9.110308,55.438938],[9.110209,55.439195],[9.110137,55.439388],[9.110029,55.439669],[9.109965,55.439834],[9.109915,55.439964],[9.109855,55.440116],[9.109791,55.440286],[9.109741,55.440411],[9.109723,55.440458],[9.10972,55.440463],[9.109646,55.44065],[9.109603,55.440764],[9.109464,55.441119],[9.10934,55.441441],[9.109288,55.441574],[9.109241,55.4417],[9.109184,55.441848],[9.109118,55.442021],[9.10907,55.442144],[9.108975,55.442376],[9.108933,55.442489],[9.108835,55.442743],[9.108745,55.442972],[9.108716,55.443046],[9.108611,55.443322],[9.108542,55.443505],[9.108454,55.443724],[9.108379,55.443912],[9.10836,55.44397],[9.108346,55.444012],[9.108251,55.444256],[9.108677,55.444307],[9.108808,55.444322],[9.109259,55.444375],[9.109351,55.444386],[9.110174,55.444483],[9.110417,55.444511],[9.110623,55.444535],[9.110889,55.444566],[9.111381,55.444625],[9.11151,55.44464],[9.111868,55.444682],[9.112093,55.444708],[9.11209,55.444736],[9.112088,55.444747],[9.112085,55.444821],[9.112076,55.445014],[9.112068,55.445211],[9.112057,55.445443],[9.112036,55.445681],[9.112025,55.445983],[9.111991,55.446128],[9.11192,55.446184],[9.111795,55.446291],[9.111575,55.446464],[9.111355,55.446634],[9.111217,55.446754],[9.111166,55.446795],[9.111056,55.446883],[9.110991,55.446927],[9.110885,55.446968],[9.110754,55.446995],[9.110476,55.447035],[9.110184,55.447079],[9.109888,55.447117],[9.109649,55.44715],[9.109402,55.447186],[9.10915,55.447226],[9.108963,55.447271],[9.108853,55.447311],[9.108824,55.447321],[9.108726,55.447369],[9.108612,55.447442],[9.108488,55.447562],[9.108432,55.447631],[9.108419,55.447663],[9.108412,55.447711],[9.108412,55.447728],[9.108418,55.447742],[9.10843,55.447757],[9.108441,55.447767],[9.108447,55.447771],[9.108466,55.447781],[9.108499,55.447792],[9.10853,55.447799],[9.108569,55.447806],[9.108704,55.447819],[9.108871,55.447832],[9.109013,55.447848],[9.109259,55.447891],[9.10934,55.447909],[9.109591,55.447977],[9.109928,55.448052],[9.110149,55.448083],[9.110354,55.448111],[9.110472,55.448132],[9.110568,55.448158],[9.110636,55.448184],[9.110684,55.448208],[9.11073,55.448243],[9.11078,55.448275],[9.11081,55.448294],[9.110737,55.44846],[9.110671,55.448672],[9.110633,55.448795],[9.110602,55.448888],[9.110525,55.449123],[9.110496,55.449217],[9.110466,55.449308],[9.110359,55.449659],[9.110328,55.449755],[9.110299,55.449851],[9.110271,55.449937],[9.110223,55.45009],[9.110186,55.450208],[9.110119,55.450442],[9.110078,55.450647],[9.110066,55.450711],[9.110027,55.450913],[9.109989,55.451102],[9.10995,55.451287],[9.109889,55.451505],[9.109825,55.451706],[9.109762,55.451899],[9.109744,55.451949],[9.109699,55.452093],[9.109638,55.452273],[9.109613,55.452351],[9.109592,55.452414],[9.109588,55.452439],[9.10959,55.45247],[9.109605,55.45251],[9.109626,55.452546],[9.109645,55.452582],[9.109536,55.45262],[9.109484,55.452758],[9.109457,55.452832],[9.109436,55.452898],[9.109368,55.453104],[9.1093,55.453309],[9.109235,55.453508],[9.109157,55.45373],[9.109135,55.453808],[9.109066,55.454017],[9.108991,55.454244],[9.108965,55.454325],[9.108891,55.454546],[9.108911,55.454602],[9.108929,55.454642],[9.108954,55.454685],[9.108991,55.454737],[9.10902,55.454772],[9.109068,55.454805],[9.108975,55.454849],[9.108918,55.454875],[9.108871,55.454891],[9.108803,55.454931],[9.108746,55.454968],[9.108693,55.455007],[9.108643,55.455049],[9.108598,55.455093],[9.108558,55.455139],[9.108523,55.455186],[9.108487,55.45524],[9.108441,55.455292],[9.108387,55.455341],[9.108325,55.455386],[9.108254,55.455428],[9.108177,55.455465],[9.108093,55.455498],[9.108004,55.455525],[9.107943,55.455547],[9.10789,55.455574],[9.107846,55.455606],[9.107812,55.455641],[9.107789,55.45568],[9.107778,55.45572],[9.107779,55.455761],[9.107793,55.455801],[9.107819,55.455839],[9.107855,55.455873],[9.107808,55.455892],[9.107766,55.455915],[9.107733,55.455942],[9.107708,55.455972],[9.107692,55.456004],[9.107686,55.456037],[9.10769,55.45607],[9.107704,55.456102],[9.107727,55.456132],[9.107759,55.45616],[9.107799,55.456184],[9.107848,55.456212],[9.107888,55.456245],[9.107919,55.45628],[9.107941,55.456318],[9.107951,55.456357],[9.107951,55.456397],[9.107937,55.456505],[9.107929,55.456551],[9.107947,55.456575],[9.107922,55.456599],[9.107905,55.456625],[9.107897,55.456644],[9.107894,55.456675],[9.107903,55.456742],[9.107917,55.456803],[9.107931,55.456872],[9.107929,55.456914],[9.107874,55.457079],[9.107837,55.457177],[9.1078,55.457239],[9.1077,55.457376],[9.107649,55.457453],[9.107672,55.45746],[9.107605,55.457552],[9.107575,55.457603],[9.107552,55.457646],[9.107533,55.457683],[9.107518,55.457715],[9.107505,55.457744],[9.107495,55.457771],[9.107487,55.457797],[9.107481,55.457822],[9.107478,55.457847],[9.107475,55.457871],[9.107475,55.457896],[9.107477,55.457923],[9.10748,55.457951],[9.107485,55.45798],[9.10749,55.458008],[9.107496,55.458035],[9.107501,55.458061],[9.107506,55.458087],[9.107509,55.458112],[9.107511,55.458135],[9.107512,55.458155],[9.107511,55.458171],[9.107509,55.458182],[9.107507,55.458191],[9.107503,55.458199],[9.107497,55.458208],[9.10749,55.458217],[9.10748,55.458227],[9.107469,55.458239],[9.107453,55.458254],[9.107434,55.458271],[9.107409,55.458291],[9.10738,55.458312],[9.107348,55.458336],[9.107312,55.458361],[9.107276,55.458387],[9.10724,55.458415],[9.107206,55.458445],[9.107173,55.458479],[9.107158,55.458501],[9.107148,55.458533],[9.10713,55.458532],[9.107099,55.458531],[9.1071,55.458614],[9.107114,55.458666],[9.107169,55.458762],[9.107221,55.458844],[9.107229,55.458871],[9.107219,55.458915],[9.107166,55.459076],[9.107107,55.459206],[9.107069,55.459274],[9.107067,55.459278],[9.107064,55.459284],[9.107049,55.459332],[9.107041,55.459371],[9.107012,55.459516],[9.10695,55.459784],[9.106909,55.459951],[9.106878,55.460134],[9.106849,55.460237],[9.106833,55.460271],[9.106822,55.460292],[9.106745,55.460412],[9.106656,55.460562],[9.106647,55.460596],[9.106647,55.460652],[9.106654,55.460717],[9.106649,55.460815],[9.106596,55.461013],[9.106513,55.461283],[9.106509,55.461296],[9.10646,55.461446],[9.106424,55.461575],[9.106317,55.461912],[9.106203,55.462266],[9.106087,55.462618],[9.105978,55.46296],[9.1059,55.463208],[9.105801,55.463509],[9.105703,55.46382],[9.105545,55.464301],[9.105531,55.464341],[9.105518,55.464356],[9.105502,55.464371],[9.105479,55.464386],[9.105461,55.464396],[9.105423,55.464412],[9.105403,55.464419],[9.105378,55.464426],[9.105329,55.464437],[9.105302,55.464439],[9.105282,55.46444],[9.105246,55.464441],[9.105221,55.464441],[9.105109,55.464431],[9.104827,55.4644],[9.104736,55.464393],[9.104713,55.464391],[9.104689,55.464391],[9.104614,55.464391],[9.104593,55.464391],[9.104515,55.464397],[9.104432,55.464406],[9.104373,55.464414],[9.104278,55.464433],[9.104211,55.46445],[9.104111,55.464484],[9.104045,55.464511],[9.103953,55.464558],[9.10388,55.464605],[9.103798,55.464671],[9.103685,55.464772],[9.103642,55.464813],[9.103601,55.464856],[9.103585,55.46488],[9.103577,55.464892],[9.103566,55.464912],[9.103551,55.464942],[9.103539,55.464981],[9.103523,55.465062],[9.103504,55.465157],[9.103501,55.465183],[9.103477,55.465315],[9.103458,55.465375],[9.103446,55.465396],[9.10343,55.465415],[9.1034,55.465438],[9.103368,55.465458],[9.103327,55.465475],[9.103294,55.465487],[9.103236,55.465504],[9.103102,55.465543],[9.102938,55.46559],[9.10281,55.465625],[9.102643,55.465674],[9.102501,55.465713],[9.102428,55.465732],[9.10239,55.465741],[9.102336,55.46575],[9.102285,55.465754],[9.102258,55.465756],[9.1022,55.465756],[9.102102,55.465753],[9.10208,55.465753],[9.102042,55.465752],[9.101801,55.465744],[9.101732,55.46574],[9.101632,55.465735],[9.101414,55.465727],[9.101291,55.465726],[9.10123,55.46573],[9.10113,55.465741],[9.100914,55.465765],[9.100696,55.465788],[9.100474,55.465812],[9.100368,55.465826],[9.10033,55.465835],[9.100252,55.465859],[9.100194,55.465883],[9.100112,55.465927],[9.099984,55.465997],[9.099965,55.466007],[9.099836,55.466078],[9.099694,55.466155],[9.099433,55.466298],[9.099381,55.466325],[9.099367,55.466332],[9.099355,55.466337],[9.099296,55.466361],[9.099241,55.466379],[9.099214,55.466386],[9.099163,55.466395],[9.09908,55.466407],[9.09895,55.466422],[9.098911,55.466425],[9.098859,55.46643],[9.098841,55.466433],[9.098823,55.466438],[9.098807,55.466444],[9.098786,55.466454],[9.098775,55.466463],[9.098767,55.466474],[9.098763,55.466485],[9.098762,55.466496],[9.098771,55.466536],[9.098789,55.46659],[9.098821,55.466693],[9.09885,55.4668],[9.09887,55.466872],[9.098876,55.466904],[9.098876,55.46692],[9.098871,55.466933],[9.098863,55.46695],[9.098853,55.466965],[9.098845,55.466974],[9.098898,55.466991],[9.098915,55.466994],[9.098936,55.466997],[9.098961,55.466997],[9.099086,55.466994],[9.099114,55.467101],[9.099128,55.467155],[9.099175,55.467333],[9.099205,55.467434],[9.099238,55.467549],[9.099273,55.467677],[9.099312,55.467818],[9.099357,55.467982],[9.099398,55.468121],[9.099434,55.468243],[9.099466,55.468351],[9.099487,55.468423],[9.099508,55.468482],[9.099527,55.468517],[9.099552,55.468553],[9.099585,55.468587],[9.09965,55.468634],[9.099787,55.468736],[9.099901,55.468829],[9.099935,55.468856],[9.100033,55.468933],[9.100066,55.468963],[9.100112,55.469011],[9.10015,55.469058],[9.100192,55.469109],[9.10022,55.469151],[9.100226,55.469165],[9.100237,55.469191],[9.100265,55.469267],[9.100285,55.469327],[9.100295,55.469371],[9.100307,55.469442],[9.100319,55.469509],[9.10033,55.469602],[9.100347,55.469716],[9.100366,55.469827],[9.100378,55.469909],[9.100387,55.46997],[9.100399,55.470023],[9.100445,55.470338],[9.10045,55.470361],[9.100453,55.470372],[9.100456,55.470377],[9.100462,55.470394],[9.100479,55.470426],[9.100491,55.47044],[9.100506,55.470453],[9.100528,55.470463],[9.100586,55.470486],[9.100663,55.47051],[9.100824,55.470553],[9.101444,55.470721],[9.1016,55.470764],[9.101649,55.470778],[9.101696,55.470796],[9.101741,55.470814],[9.101752,55.470819],[9.101796,55.47084],[9.101833,55.47086],[9.101873,55.470886],[9.101895,55.470903],[9.101912,55.470916],[9.101946,55.47095],[9.101963,55.470967],[9.101979,55.470985],[9.101996,55.471005],[9.102006,55.471023],[9.102019,55.471051],[9.102027,55.471073],[9.102075,55.471213],[9.102108,55.471308],[9.102128,55.471378],[9.10213,55.471385],[9.10213,55.471388],[9.102131,55.471396],[9.102158,55.471486],[9.102161,55.471554],[9.102164,55.471594],[9.102194,55.471623],[9.102261,55.471726],[9.102357,55.471873],[9.102374,55.471901],[9.102502,55.472123],[9.102536,55.472117],[9.102568,55.472112],[9.102849,55.472063],[9.103162,55.472015],[9.103207,55.472008],[9.103257,55.472061],[9.103296,55.472117],[9.103333,55.472169],[9.103414,55.472281],[9.1035,55.472401],[9.10356,55.472481],[9.10361,55.472548],[9.103696,55.472664],[9.103777,55.472772],[9.103851,55.47287],[9.103928,55.47298],[9.103987,55.473053],[9.104038,55.473106],[9.104066,55.473124],[9.104114,55.47315],[9.104148,55.473163],[9.104162,55.473166],[9.104197,55.473171],[9.104229,55.473173],[9.104345,55.473179],[9.104603,55.473185],[9.104773,55.473191],[9.1049,55.473192],[9.104953,55.473192],[9.105063,55.473191],[9.105253,55.473188],[9.105403,55.473187],[9.105541,55.473182],[9.105704,55.473174],[9.105879,55.473164],[9.106004,55.473158],[9.106119,55.473154],[9.10629,55.473153],[9.106395,55.473153],[9.106533,55.473157],[9.106642,55.473161],[9.106778,55.473168],[9.106977,55.473179],[9.107095,55.473186],[9.107292,55.473196],[9.107434,55.473204],[9.107652,55.473215],[9.107867,55.47323],[9.108085,55.473244],[9.108305,55.47326],[9.108481,55.473273],[9.108713,55.473292],[9.108908,55.473317],[9.109043,55.473338],[9.10922,55.473369],[9.109421,55.473407],[9.109604,55.473461],[9.109622,55.473472],[9.10964,55.473487],[9.109646,55.473494],[9.109681,55.473532],[9.109708,55.473553],[9.109733,55.473564],[9.109875,55.473621],[9.109979,55.473599],[9.109993,55.473596],[9.110085,55.473578],[9.110136,55.473568],[9.11018,55.473564],[9.110215,55.473563],[9.110336,55.473563],[9.110577,55.473568],[9.110737,55.473572],[9.110826,55.473577],[9.110933,55.473583],[9.110961,55.473586],[9.11098,55.473589],[9.111011,55.473596],[9.111053,55.473608],[9.111235,55.473665],[9.111275,55.473673],[9.111299,55.473676],[9.111488,55.473688],[9.111539,55.473692],[9.111579,55.473697],[9.111629,55.473707],[9.111743,55.473731],[9.111784,55.473741],[9.11181,55.47375],[9.111977,55.473823],[9.112017,55.473836],[9.11206,55.473847],[9.112103,55.473855],[9.112131,55.473857],[9.112291,55.473858],[9.112509,55.473851],[9.112558,55.473849],[9.112603,55.473844],[9.112662,55.473837],[9.112795,55.473815],[9.112959,55.473779],[9.112994,55.473776],[9.113034,55.473776],[9.113144,55.473778],[9.113208,55.473778],[9.113265,55.473774],[9.113505,55.473747],[9.113677,55.473727],[9.113736,55.473724],[9.113824,55.473723],[9.113902,55.473724],[9.114125,55.473736],[9.114228,55.473743],[9.114286,55.473751],[9.114452,55.473777],[9.114488,55.473782],[9.114766,55.473802],[9.114823,55.473807],[9.11486,55.473813],[9.114881,55.473819],[9.115116,55.473885],[9.115184,55.473897],[9.11525,55.473903],[9.115277,55.473904],[9.115624,55.473883],[9.116044,55.473848],[9.116322,55.473825],[9.116544,55.473801],[9.116719,55.473783],[9.116765,55.473782],[9.11725,55.473803],[9.117619,55.473825],[9.117673,55.473828],[9.117682,55.473846],[9.118529,55.473857],[9.118881,55.473863],[9.119446,55.473883],[9.120302,55.473916],[9.120867,55.47393],[9.120933,55.473931],[9.120977,55.473932],[9.120981,55.473836],[9.121029,55.473839],[9.1212,55.473849],[9.121243,55.473853],[9.121482,55.473877],[9.12167,55.473892],[9.121762,55.473896],[9.121816,55.473898],[9.122223,55.473894],[9.122292,55.473893],[9.122826,55.473887],[9.122878,55.473887],[9.122993,55.473885],[9.123086,55.473884],[9.123163,55.473883],[9.12327,55.473882],[9.123378,55.47388],[9.123863,55.473875],[9.123933,55.473873],[9.12452,55.473867],[9.12475,55.473865],[9.125251,55.47386],[9.1254,55.473857],[9.125477,55.473854],[9.125539,55.473851],[9.125622,55.473845],[9.12572,55.473836],[9.125843,55.473821],[9.125982,55.473802],[9.12608,55.473787],[9.126144,55.473776],[9.126272,55.473753],[9.126367,55.473733],[9.126448,55.473715],[9.126518,55.473698],[9.126557,55.473689],[9.126629,55.47367],[9.126702,55.473647],[9.126771,55.473626],[9.126853,55.4736],[9.126879,55.473591],[9.126951,55.473569],[9.127202,55.473502],[9.127316,55.473477],[9.127459,55.473451],[9.127567,55.473438],[9.127648,55.473427],[9.127814,55.473413],[9.127932,55.473407],[9.128216,55.473413],[9.128435,55.473423],[9.128849,55.473442],[9.129281,55.473463],[9.129398,55.473469],[9.129689,55.473482],[9.12999,55.473495],[9.130244,55.473499],[9.130379,55.473499],[9.130522,55.473493],[9.130593,55.473487],[9.130802,55.473471],[9.131005,55.473451],[9.131122,55.473441],[9.131238,55.473434],[9.131271,55.473433],[9.131417,55.473429],[9.131482,55.473429],[9.131655,55.473431],[9.131804,55.473438],[9.131875,55.473442],[9.132066,55.473455],[9.132346,55.473476],[9.132646,55.473496],[9.132921,55.473516],[9.133162,55.473532],[9.133468,55.473553],[9.133616,55.473563],[9.133736,55.473568],[9.133797,55.47357],[9.133967,55.473569],[9.134156,55.473566],[9.134283,55.473559],[9.134373,55.473552],[9.134472,55.473541],[9.134559,55.473529],[9.134811,55.473493],[9.134977,55.473471],[9.135027,55.473465],[9.135071,55.47346],[9.135092,55.473508],[9.135169,55.47367],[9.135269,55.473817],[9.135287,55.473855],[9.135292,55.473866],[9.135364,55.47403],[9.135503,55.474355],[9.135571,55.474513],[9.135587,55.474585],[9.135618,55.474734],[9.135622,55.4748],[9.135633,55.474835],[9.136052,55.474771],[9.136268,55.474739],[9.136452,55.474711],[9.13647,55.474708],[9.136623,55.474685],[9.136705,55.474672],[9.137312,55.47459],[9.137427,55.474859],[9.137522,55.475084],[9.137545,55.475137],[9.137549,55.475147],[9.137597,55.475259],[9.13761,55.47529],[9.137641,55.47536],[9.137703,55.475504],[9.13778,55.475689],[9.137841,55.475832],[9.13786,55.475877],[9.137894,55.475959],[9.137911,55.476003],[9.13799,55.476179],[9.137994,55.476186],[9.138014,55.476256],[9.138019,55.47632],[9.138017,55.476381],[9.13802,55.476414],[9.138065,55.476452],[9.138087,55.476475],[9.138097,55.476496],[9.138121,55.476543],[9.138137,55.476582],[9.138156,55.47663],[9.138179,55.476689],[9.138234,55.476829],[9.138256,55.47688],[9.13831,55.477009],[9.13838,55.477177],[9.138391,55.477202],[9.138405,55.477235],[9.138489,55.477435],[9.138503,55.477468],[9.138521,55.477509],[9.138549,55.477573],[9.138627,55.477785],[9.138575,55.477877],[9.138561,55.477907],[9.138697,55.477929],[9.138747,55.478038],[9.138756,55.478057],[9.138798,55.478154],[9.138827,55.478226],[9.138907,55.478422],[9.138966,55.478555],[9.139106,55.47887],[9.13913,55.478923],[9.139261,55.479226],[9.139278,55.479266],[9.139375,55.479502],[9.139416,55.479602],[9.139487,55.47977],[9.139526,55.479862],[9.139658,55.480205],[9.139684,55.480272],[9.139784,55.480511],[9.139832,55.480627],[9.139835,55.480634],[9.139966,55.480947],[9.140067,55.481193],[9.140094,55.481259],[9.140138,55.481363],[9.140254,55.481644],[9.140275,55.481696],[9.140292,55.481737],[9.140298,55.481752],[9.140362,55.481903],[9.140427,55.482052],[9.140442,55.482086],[9.14055,55.482351],[9.140559,55.482378],[9.140568,55.482409],[9.140574,55.482433],[9.140582,55.482474],[9.14061,55.482636],[9.140618,55.482722],[9.14062,55.482747],[9.140619,55.48279],[9.140615,55.482873],[9.140605,55.482956],[9.140584,55.483063],[9.140564,55.483122],[9.140546,55.483176],[9.140536,55.483204],[9.140522,55.48324],[9.140512,55.48326],[9.140484,55.483318],[9.14043,55.483421],[9.140399,55.483466],[9.140384,55.483488],[9.140286,55.483634],[9.14023,55.483719],[9.140178,55.483796],[9.140067,55.483962],[9.139968,55.484107],[9.139859,55.484268],[9.139801,55.484353],[9.139732,55.484455],[9.139577,55.484687],[9.139457,55.484863],[9.139428,55.48491],[9.139422,55.484921],[9.13941,55.484947],[9.139407,55.48496],[9.139398,55.484995],[9.139394,55.485025],[9.139394,55.485053],[9.139395,55.485082],[9.139401,55.485109],[9.139408,55.485137],[9.139423,55.485178],[9.139433,55.485197],[9.139463,55.485255],[9.139502,55.485329],[9.139577,55.485458],[9.13947,55.485498],[9.139261,55.485577],[9.139129,55.48563],[9.138748,55.485783],[9.138572,55.485855],[9.138439,55.485908],[9.13835,55.485945],[9.138427,55.486006],[9.138484,55.486045],[9.138528,55.48609],[9.138545,55.486106],[9.138548,55.486112],[9.138552,55.486132],[9.138544,55.486149],[9.138542,55.486153],[9.13853,55.486162],[9.138478,55.486198],[9.138467,55.486209],[9.138456,55.486218],[9.13845,55.486234],[9.138449,55.486245],[9.138453,55.486303],[9.138454,55.486333],[9.138456,55.486361],[9.138455,55.486389],[9.138455,55.486435],[9.13845,55.486473],[9.138435,55.486525],[9.138421,55.486562],[9.138416,55.486574],[9.138394,55.486615],[9.138351,55.486682],[9.138326,55.486721],[9.138221,55.486875],[9.138067,55.4871],[9.138018,55.487173],[9.137845,55.487426],[9.137681,55.487673],[9.137512,55.487924],[9.137393,55.488098],[9.137225,55.488347],[9.136912,55.488807],[9.136612,55.48925],[9.136375,55.489597],[9.136041,55.490091],[9.135954,55.490219],[9.135839,55.490401],[9.135819,55.490431],[9.135798,55.490462],[9.135744,55.490543],[9.135685,55.490635],[9.135545,55.490865],[9.135506,55.490935],[9.135465,55.491012],[9.135322,55.491292],[9.135291,55.491362],[9.135188,55.491594],[9.135067,55.491923],[9.135025,55.492053],[9.134873,55.492525],[9.134808,55.492724],[9.1348,55.492749],[9.134794,55.492768],[9.134762,55.492865],[9.134711,55.493014],[9.134692,55.49308],[9.134687,55.493108],[9.134681,55.493162],[9.13468,55.493179],[9.134687,55.493228],[9.134697,55.493261],[9.134727,55.493313],[9.134743,55.493335],[9.134798,55.493407],[9.134876,55.493494],[9.135013,55.493633],[9.135115,55.493747],[9.135171,55.493811],[9.135212,55.493868],[9.135234,55.493916],[9.13525,55.493961],[9.135274,55.494061],[9.135279,55.49408],[9.135298,55.49416],[9.135317,55.494238],[9.135322,55.49426],[9.135331,55.494297],[9.135356,55.494384],[9.135365,55.494414],[9.13537,55.494432],[9.135382,55.494489],[9.135392,55.494542],[9.135401,55.494597],[9.135401,55.49463],[9.1354,55.494644],[9.13539,55.494681],[9.135379,55.49471],[9.135362,55.494744],[9.135338,55.494779],[9.135326,55.494796],[9.135294,55.494833],[9.135265,55.494861],[9.135202,55.494915],[9.13514,55.494967],[9.135123,55.494982],[9.135097,55.495012],[9.135087,55.495024],[9.135048,55.495072],[9.134999,55.49514],[9.134942,55.495231],[9.134929,55.495254],[9.134896,55.4953],[9.134861,55.495336],[9.134851,55.495345],[9.134808,55.495379],[9.13479,55.495391],[9.13475,55.495418],[9.134731,55.495429],[9.134691,55.49545],[9.134638,55.495475],[9.134586,55.495495],[9.134561,55.495504],[9.134502,55.495524],[9.134435,55.495546],[9.134343,55.495573],[9.134316,55.495581],[9.134222,55.495608],[9.134162,55.495626],[9.134124,55.495642],[9.134075,55.495667],[9.134009,55.49571],[9.133984,55.495727],[9.133927,55.495769],[9.133901,55.49579],[9.133889,55.495803],[9.133881,55.495817],[9.133868,55.49585],[9.133844,55.495928],[9.133833,55.495964],[9.133812,55.496034],[9.133754,55.496236],[9.133721,55.496335],[9.133687,55.496406],[9.133667,55.496442],[9.133648,55.496504],[9.133608,55.496687],[9.133597,55.496756],[9.133592,55.496791],[9.133561,55.496989],[9.133559,55.497018],[9.133568,55.497128],[9.133569,55.497191],[9.133558,55.497274],[9.133538,55.497467],[9.133521,55.49769],[9.133515,55.497888],[9.133514,55.498171],[9.133514,55.498185],[9.133523,55.498421],[9.133535,55.498678],[9.133543,55.498875],[9.133555,55.499067],[9.133558,55.499125],[9.133555,55.499154],[9.133535,55.499247],[9.13353,55.499286],[9.133529,55.499312],[9.133528,55.4994],[9.133539,55.499518],[9.13354,55.499543],[9.13354,55.499566],[9.133542,55.499601],[9.133542,55.499616],[9.133554,55.499816],[9.133567,55.500048],[9.133568,55.500054],[9.133577,55.500247],[9.133589,55.500476],[9.133593,55.500528],[9.133599,55.500568],[9.13361,55.500601],[9.13362,55.500621],[9.13365,55.500663],[9.133676,55.500711],[9.133683,55.500726],[9.133693,55.500755],[9.133696,55.500779],[9.133698,55.500831],[9.133704,55.501032],[9.133704,55.501044],[9.133704,55.501143],[9.133698,55.501281],[9.133688,55.501435],[9.133685,55.501463],[9.133688,55.501572],[9.133699,55.50181],[9.133712,55.502038],[9.133727,55.502251],[9.133731,55.502311],[9.133735,55.50246],[9.13373,55.502612],[9.133729,55.502649],[9.133724,55.502705],[9.133722,55.502726],[9.13372,55.502744],[9.133715,55.502792],[9.133702,55.502893],[9.133691,55.502955],[9.133651,55.503132],[9.133593,55.503355],[9.133503,55.503648],[9.133451,55.503788],[9.13334,55.504037],[9.133243,55.504253],[9.133228,55.504283],[9.133128,55.504493],[9.133032,55.504688],[9.132942,55.50488],[9.13283,55.505118],[9.132738,55.50531],[9.132634,55.505529],[9.132536,55.505732],[9.132419,55.50598],[9.132308,55.506216],[9.132199,55.506461],[9.132083,55.506711],[9.131986,55.506934],[9.131905,55.507111],[9.131803,55.507335],[9.131708,55.507565],[9.131616,55.507783],[9.131599,55.507812],[9.131588,55.507826],[9.131542,55.507872],[9.131475,55.507938],[9.131455,55.50796],[9.131437,55.507982],[9.131409,55.508026],[9.131353,55.508122],[9.13133,55.508161],[9.13118,55.508389],[9.131169,55.508406],[9.131137,55.50845],[9.131101,55.508501],[9.130807,55.508874],[9.130568,55.50917],[9.13036,55.50943],[9.130348,55.509445],[9.130341,55.509455],[9.130325,55.509482],[9.130281,55.509566],[9.13026,55.509603],[9.130251,55.509622],[9.130235,55.509648],[9.130187,55.509711],[9.130047,55.509895],[9.130022,55.50993],[9.129835,55.510179],[9.129667,55.510397],[9.129571,55.510517],[9.129554,55.510536],[9.129518,55.510572],[9.129486,55.5106],[9.129451,55.510626],[9.129383,55.510667],[9.129358,55.510685],[9.129336,55.510705],[9.129311,55.510735],[9.129204,55.510867],[9.129169,55.510911],[9.12911,55.510984],[9.128899,55.511249],[9.128767,55.511413],[9.128753,55.51143],[9.128722,55.511478],[9.128714,55.511486],[9.128704,55.511505],[9.128696,55.511533],[9.128685,55.511566],[9.128671,55.5116],[9.128666,55.51161],[9.128646,55.511637],[9.128619,55.511672],[9.128441,55.51189],[9.128355,55.511992],[9.128133,55.512252],[9.12809,55.512306],[9.127893,55.512557],[9.127694,55.512814],[9.127604,55.512929],[9.127387,55.513201],[9.127212,55.513425],[9.12716,55.513493],[9.127105,55.513569],[9.126997,55.513712],[9.126978,55.513734],[9.126901,55.513818],[9.126874,55.513846],[9.12686,55.51386],[9.126843,55.513877],[9.126832,55.513888],[9.126732,55.514013],[9.126686,55.514068],[9.126583,55.514196],[9.12651,55.514297],[9.126439,55.514395],[9.126342,55.514513],[9.12624,55.514625],[9.126116,55.514758],[9.125977,55.514907],[9.125828,55.515065],[9.125696,55.515194],[9.125678,55.515215],[9.125463,55.515422],[9.125312,55.51557],[9.125166,55.515707],[9.125021,55.515848],[9.124864,55.515996],[9.124754,55.516101],[9.124738,55.516116],[9.124657,55.51619],[9.1245,55.516338],[9.124398,55.516434],[9.124167,55.516662],[9.124047,55.516778],[9.123879,55.51694],[9.123773,55.517045],[9.123696,55.517122],[9.12368,55.517137],[9.123663,55.517154],[9.123628,55.517188],[9.123536,55.517275],[9.123341,55.517459],[9.123158,55.51763],[9.12298,55.517785],[9.122885,55.517874],[9.12275,55.517999],[9.122625,55.518117],[9.122586,55.518154],[9.122527,55.518211],[9.122419,55.518317],[9.122287,55.518446],[9.122194,55.518544],[9.122096,55.518643],[9.121992,55.518748],[9.121871,55.518861],[9.121799,55.518926],[9.121673,55.51904],[9.121567,55.519135],[9.121498,55.519197],[9.121468,55.519217],[9.121397,55.519264],[9.121353,55.519296],[9.121318,55.519322],[9.121282,55.519349],[9.121235,55.519393],[9.12117,55.519454],[9.121093,55.519524],[9.121037,55.519575],[9.121029,55.519583],[9.120991,55.519617],[9.120952,55.519652],[9.120876,55.519721],[9.120754,55.51983],[9.120508,55.520051],[9.120195,55.520325],[9.120101,55.52041],[9.120022,55.520481],[9.119679,55.520783],[9.119575,55.520875],[9.119525,55.520919],[9.119475,55.520963],[9.119322,55.5211],[9.119205,55.521204],[9.119071,55.521321],[9.119009,55.521377],[9.118974,55.521409],[9.118936,55.521443],[9.118924,55.521458],[9.118901,55.521487],[9.118876,55.521523],[9.118835,55.521582],[9.118821,55.521601],[9.118808,55.521614],[9.118778,55.521641],[9.118724,55.521691],[9.118657,55.521749],[9.118536,55.521848],[9.118444,55.521926],[9.118357,55.521998],[9.118247,55.522087],[9.118149,55.522173],[9.11811,55.522205],[9.118071,55.522248],[9.118018,55.522307],[9.117938,55.522396],[9.117846,55.522496],[9.117775,55.522574],[9.117713,55.522638],[9.117672,55.522685],[9.117642,55.522719],[9.117562,55.522809],[9.117505,55.522868],[9.117451,55.522915],[9.117416,55.522946],[9.117368,55.522984],[9.117307,55.52302],[9.117215,55.523069],[9.117154,55.523109],[9.117084,55.523166],[9.117,55.523253],[9.116949,55.523309],[9.116825,55.523439],[9.116777,55.523497],[9.116681,55.523623],[9.116594,55.523745],[9.116514,55.523857],[9.116417,55.523988],[9.116349,55.52408],[9.116243,55.52421],[9.116164,55.524317],[9.11608,55.524452],[9.115996,55.524579],[9.115976,55.524607],[9.115925,55.524675],[9.115829,55.524815],[9.115732,55.524949],[9.115683,55.525022],[9.115551,55.525247],[9.115408,55.525503],[9.115288,55.525735],[9.115151,55.526026],[9.115072,55.526201],[9.115034,55.526283],[9.114921,55.526536],[9.114892,55.526602],[9.114879,55.526634],[9.114869,55.526659],[9.11484,55.526725],[9.114725,55.526977],[9.114627,55.527194],[9.114512,55.527455],[9.114396,55.527709],[9.11427,55.527992],[9.114155,55.528245],[9.114028,55.528534],[9.113918,55.528776],[9.113807,55.529032],[9.113689,55.529314],[9.113617,55.529491],[9.113564,55.529617],[9.113498,55.529773],[9.113427,55.529955],[9.113346,55.530169],[9.113282,55.530353],[9.113232,55.530488],[9.113159,55.530699],[9.113092,55.530918],[9.11305,55.531039],[9.113028,55.531103],[9.112974,55.531273],[9.112907,55.531486],[9.112857,55.531673],[9.112802,55.531855],[9.112763,55.531998],[9.11274,55.532089],[9.112699,55.532235],[9.112672,55.53234],[9.112648,55.53243],[9.112626,55.532535],[9.112606,55.532639],[9.112578,55.532787],[9.112547,55.532941],[9.11253,55.533051],[9.112513,55.533167],[9.112506,55.533214],[9.112495,55.533291],[9.112473,55.533427],[9.112453,55.533536],[9.11243,55.533648],[9.112406,55.533777],[9.112385,55.533893],[9.112363,55.534006],[9.112358,55.534029],[9.112352,55.534047],[9.112336,55.534076],[9.11231,55.534129],[9.112302,55.53415],[9.112293,55.534172],[9.112287,55.534199],[9.112271,55.534322],[9.112264,55.534394],[9.112244,55.534569],[9.112223,55.534726],[9.112205,55.534889],[9.112184,55.53509],[9.112167,55.535306],[9.112152,55.535476],[9.112147,55.535586],[9.112145,55.535633],[9.112143,55.535695],[9.112133,55.535834],[9.112128,55.535932],[9.112127,55.535991],[9.112126,55.536039],[9.112129,55.536094],[9.112136,55.536158],[9.112145,55.536233],[9.112155,55.536301],[9.112162,55.536349],[9.112166,55.53639],[9.112168,55.536456],[9.112166,55.536515],[9.112164,55.536681],[9.112159,55.536869],[9.112154,55.537067],[9.112152,55.537185],[9.112152,55.537195],[9.112153,55.537322],[9.112156,55.537475],[9.112162,55.537608],[9.11217,55.537741],[9.112183,55.537928],[9.112186,55.537954],[9.112192,55.538016],[9.112208,55.538145],[9.112225,55.538275],[9.112251,55.538451],[9.112272,55.538601],[9.112289,55.538712],[9.112311,55.538869],[9.112333,55.539013],[9.112352,55.539165],[9.112406,55.539499],[9.112442,55.539712],[9.112478,55.539927],[9.112509,55.540135],[9.112543,55.540355],[9.112583,55.540629],[9.112617,55.540891],[9.112652,55.541159],[9.112665,55.541244],[9.112705,55.541529],[9.112709,55.541562],[9.112714,55.541587],[9.112749,55.541871],[9.112779,55.542087],[9.112818,55.542375],[9.112859,55.542644],[9.112897,55.542916],[9.112935,55.543189],[9.112972,55.54345],[9.113001,55.543664],[9.113027,55.543847],[9.113046,55.54399],[9.113056,55.544047],[9.113076,55.54414],[9.11309,55.5442],[9.113094,55.544214],[9.113108,55.544295],[9.113125,55.544417],[9.113143,55.544559],[9.113152,55.544665],[9.113159,55.544769],[9.113173,55.54491],[9.113195,55.545059],[9.113212,55.545183],[9.113221,55.545252],[9.113235,55.545379],[9.113249,55.545524],[9.113257,55.54565],[9.113263,55.54577],[9.113266,55.545835],[9.113273,55.545933],[9.113279,55.546005],[9.113288,55.54608],[9.113307,55.546213],[9.11333,55.546373],[9.113358,55.546542],[9.113378,55.546694],[9.11339,55.546769],[9.113393,55.546784],[9.113404,55.54685],[9.113414,55.546912],[9.113423,55.546964],[9.113436,55.547025],[9.113451,55.5471],[9.113486,55.547253],[9.113517,55.547387],[9.113545,55.547503],[9.113561,55.547578],[9.113579,55.547682],[9.113606,55.547864],[9.113621,55.547964],[9.113642,55.54812],[9.11367,55.548301],[9.113688,55.548429],[9.11371,55.548584],[9.113727,55.548722],[9.113741,55.548838],[9.113753,55.548978],[9.113763,55.54912],[9.113771,55.549246],[9.113778,55.549336],[9.113779,55.549436],[9.113777,55.549464],[9.113777,55.549496],[9.113776,55.549521],[9.113765,55.549675],[9.113755,55.549826],[9.113746,55.549928],[9.11374,55.549968],[9.113729,55.550027],[9.113725,55.550045],[9.113722,55.550056],[9.113708,55.550111],[9.113641,55.550314],[9.113587,55.550501],[9.113581,55.550523],[9.113574,55.550549],[9.113565,55.550589],[9.113519,55.550774],[9.113505,55.550821],[9.113457,55.550979],[9.11341,55.551119],[9.113356,55.551263],[9.113299,55.551413],[9.113241,55.551553],[9.113215,55.551612],[9.113178,55.551692],[9.113167,55.551715],[9.113163,55.551728],[9.113159,55.551739],[9.113147,55.551794],[9.113115,55.551996],[9.11309,55.552205],[9.11306,55.552457],[9.113058,55.552491],[9.113096,55.552509],[9.113171,55.552546],[9.113238,55.552584],[9.11328,55.552612],[9.113333,55.552654],[9.113436,55.552755],[9.11363,55.552975],[9.11385,55.553209],[9.113882,55.553245],[9.113927,55.553294],[9.114104,55.553488],[9.114113,55.553498],[9.114292,55.553694],[9.114539,55.553968],[9.114747,55.554198],[9.114991,55.554466],[9.115064,55.554543],[9.115145,55.55462],[9.115176,55.554645],[9.115256,55.554704],[9.11534,55.554756],[9.115374,55.554775],[9.11546,55.554822],[9.115492,55.554838],[9.115546,55.554863],[9.115623,55.554899],[9.115866,55.555006],[9.115961,55.555046],[9.11602,55.555071],[9.116073,55.555093],[9.11646,55.555256],[9.116525,55.555284],[9.116732,55.555371],[9.116894,55.555439],[9.117064,55.55551],[9.117407,55.555655],[9.117768,55.555808],[9.118125,55.555962],[9.118426,55.556087],[9.118496,55.556116],[9.118874,55.55627],[9.11914,55.556382],[9.119544,55.556555],[9.119707,55.556626],[9.119783,55.556659],[9.119818,55.556677],[9.119858,55.556702],[9.119893,55.556728],[9.119917,55.556748],[9.119941,55.55677],[9.119963,55.556795],[9.119981,55.556818],[9.119997,55.556841],[9.120009,55.556862],[9.120161,55.556887],[9.120223,55.556898],[9.120363,55.556926],[9.120427,55.556943],[9.120463,55.556953],[9.120555,55.556986],[9.120645,55.557023],[9.120839,55.557106],[9.121388,55.557338],[9.122009,55.557602],[9.122201,55.557682],[9.122416,55.557772],[9.122892,55.557978],[9.122935,55.557997],[9.123112,55.558072],[9.123258,55.558137],[9.123334,55.558174],[9.123464,55.558244],[9.123599,55.55832],[9.123726,55.558397],[9.123878,55.558493],[9.1239,55.558507],[9.123991,55.558567],[9.124084,55.558634],[9.124281,55.558789],[9.124636,55.559063],[9.125048,55.559382],[9.125407,55.559663],[9.125728,55.559914],[9.126123,55.560219],[9.126575,55.560571],[9.126754,55.560709],[9.126837,55.560774],[9.127082,55.560964],[9.127117,55.560995],[9.127135,55.56101],[9.127144,55.561022],[9.127158,55.561048],[9.127174,55.561082],[9.127187,55.561114],[9.127192,55.561122],[9.127205,55.56114],[9.127293,55.561213],[9.127378,55.561274],[9.127601,55.561436],[9.127893,55.56165],[9.128171,55.561852],[9.128558,55.56213],[9.128719,55.562247],[9.129059,55.562495],[9.12916,55.562568],[9.129202,55.562598],[9.129342,55.562698],[9.129466,55.562787],[9.129652,55.562921],[9.129956,55.563139],[9.130272,55.563366],[9.130571,55.563576],[9.130847,55.563776],[9.130883,55.563802],[9.131145,55.563988],[9.131507,55.564248],[9.131872,55.564506],[9.131946,55.56456],[9.132162,55.564715],[9.132499,55.564956],[9.13285,55.565206],[9.133129,55.565405],[9.133398,55.565597],[9.133703,55.565816],[9.133756,55.565854],[9.133861,55.565929],[9.134032,55.566051],[9.134124,55.566115],[9.134155,55.566137],[9.134183,55.566157],[9.134222,55.566184],[9.134394,55.566306],[9.134423,55.566327],[9.13446,55.566356],[9.134666,55.566499],[9.13473,55.566543],[9.134784,55.566581],[9.13493,55.566684],[9.135121,55.566819],[9.135196,55.56688],[9.135218,55.566906],[9.135222,55.56691],[9.135246,55.566933],[9.13523,55.566937],[9.13521,55.566943],[9.135197,55.566947],[9.135141,55.566962],[9.13515,55.56697],[9.135193,55.56701],[9.135283,55.567104],[9.135312,55.567141],[9.135371,55.567215],[9.135472,55.567347],[9.135604,55.567523],[9.135653,55.567588],[9.135699,55.567648],[9.135811,55.567795],[9.135903,55.567917],[9.135962,55.567994],[9.136036,55.568099],[9.136251,55.568377],[9.136434,55.568614],[9.136653,55.568901],[9.136831,55.569134],[9.137009,55.56937],[9.137076,55.569457],[9.137297,55.569762],[9.137355,55.569819],[9.137413,55.569868],[9.137429,55.569881],[9.137493,55.569924],[9.137494,55.569925],[9.137602,55.569982],[9.137717,55.570029],[9.137778,55.570048],[9.137812,55.57006],[9.138005,55.570116],[9.138236,55.570184],[9.138659,55.570304],[9.138759,55.570333],[9.138895,55.57037],[9.138969,55.57039],[9.139074,55.57041],[9.139169,55.570425],[9.139265,55.570434],[9.139253,55.570474],[9.139223,55.570575],[9.139176,55.570761],[9.139175,55.570848],[9.139179,55.570927],[9.139188,55.570947],[9.139236,55.571041],[9.139279,55.571111],[9.139318,55.571172],[9.139392,55.5713],[9.139549,55.571568],[9.139684,55.571793],[9.139757,55.571933],[9.139796,55.572048],[9.139816,55.572261],[9.139838,55.572606],[9.139844,55.5728],[9.139841,55.572889],[9.139839,55.572919],[9.139834,55.572945],[9.139831,55.572959],[9.139846,55.573011],[9.139958,55.573255],[9.139974,55.573289],[9.139995,55.573334],[9.140016,55.573382],[9.140034,55.57342],[9.140183,55.573741],[9.14162,55.576936],[9.141698,55.577123],[9.141829,55.577416],[9.142083,55.577972],[9.142135,55.578087],[9.142294,55.578456],[9.142459,55.578842],[9.142573,55.579105],[9.142761,55.579516],[9.143013,55.58007],[9.143099,55.580264],[9.143208,55.58051],[9.143233,55.580564],[9.1435,55.581148],[9.143651,55.581505],[9.143788,55.581814],[9.144011,55.58231],[9.144136,55.58257],[9.144209,55.582687],[9.144286,55.582785],[9.144356,55.582855],[9.144392,55.582892],[9.144461,55.582973],[9.144499,55.583045],[9.144535,55.583175],[9.144568,55.583353],[9.144579,55.583474],[9.144593,55.583556],[9.144649,55.583737],[9.144694,55.583857],[9.144973,55.583808],[9.14551,55.583705],[9.146112,55.583586],[9.146559,55.583501],[9.147471,55.583322],[9.148164,55.58319],[9.148336,55.583155],[9.148806,55.583063],[9.14908,55.583013],[9.149314,55.582974],[9.149404,55.583116],[9.14956,55.583382],[9.149714,55.583647],[9.149902,55.583967],[9.150118,55.584333],[9.150201,55.584474],[9.150279,55.584605],[9.15054,55.585029],[9.15096,55.585731],[9.15104,55.58587],[9.151092,55.58596],[9.151194,55.586134],[9.151344,55.586391],[9.15139,55.586469],[9.151444,55.586559],[9.151522,55.586692],[9.151602,55.586826],[9.151832,55.587205],[9.152053,55.587567],[9.152152,55.587726],[9.152196,55.587784],[9.152254,55.587859],[9.152379,55.587998],[9.152515,55.588142],[9.152705,55.58833],[9.15278,55.588413],[9.152824,55.588461],[9.152888,55.588531],[9.153003,55.588673],[9.153127,55.588844],[9.153282,55.58908],[9.153305,55.589115],[9.153516,55.589436],[9.153742,55.589775],[9.153933,55.590059],[9.154086,55.590286],[9.15434,55.590657],[9.154593,55.59103],[9.154806,55.591336],[9.154925,55.591512],[9.155048,55.591691],[9.155179,55.59188],[9.155232,55.591947],[9.155271,55.59199],[9.155321,55.592031],[9.155385,55.59207],[9.155447,55.592099],[9.155511,55.592128],[9.155573,55.592147],[9.155601,55.592156],[9.155714,55.59219],[9.155769,55.592203],[9.155746,55.59223],[9.155741,55.592237],[9.155734,55.592246],[9.155724,55.592264],[9.155598,55.592546],[9.155457,55.592854],[9.155425,55.592906],[9.155319,55.59304],[9.155148,55.59326],[9.154948,55.59351],[9.154726,55.593782],[9.154604,55.59393],[9.154301,55.59427],[9.15397,55.594644],[9.153602,55.595055],[9.153239,55.595454],[9.153048,55.595668],[9.152884,55.595849],[9.15254,55.596232],[9.152078,55.596744],[9.151637,55.597235],[9.151181,55.59774],[9.150706,55.598258],[9.150552,55.598424],[9.150671,55.598489],[9.150718,55.598515],[9.150761,55.59854],[9.15085,55.59859],[9.150674,55.598704],[9.150413,55.598869],[9.150166,55.599024],[9.149874,55.599209],[9.149809,55.59925],[9.149739,55.599292],[9.149711,55.599307],[9.149683,55.599323],[9.149574,55.599378],[9.149317,55.599512],[9.149112,55.599613],[9.149026,55.599657],[9.148905,55.599717],[9.148715,55.599805],[9.148496,55.599903],[9.148435,55.599931],[9.148256,55.600011],[9.148206,55.600033],[9.148116,55.600075],[9.148033,55.600115],[9.147958,55.600154],[9.147878,55.600197],[9.147775,55.600255],[9.147723,55.600286],[9.147534,55.600399],[9.147466,55.60044],[9.147218,55.60059],[9.147057,55.60068],[9.147027,55.600697],[9.14707,55.600794],[9.147087,55.600832],[9.147147,55.600995],[9.147169,55.601048],[9.147221,55.601185],[9.147246,55.601253],[9.147306,55.601411],[9.147355,55.601554],[9.147375,55.601605],[9.147437,55.601768],[9.147502,55.601947],[9.14757,55.602132],[9.147654,55.602361],[9.147682,55.60244],[9.147756,55.602655],[9.147832,55.602869],[9.147858,55.602946],[9.147915,55.603111],[9.147942,55.603182],[9.148005,55.603365],[9.148029,55.603432],[9.148084,55.603576],[9.148149,55.603763],[9.14817,55.603821],[9.148179,55.603845],[9.148244,55.604016],[9.148359,55.604322],[9.148424,55.604495],[9.148445,55.604562],[9.148456,55.604607],[9.148462,55.604662],[9.14846,55.604707],[9.148454,55.604748],[9.148443,55.604794],[9.148423,55.604849],[9.148397,55.604899],[9.14834,55.604996],[9.148276,55.605093],[9.148246,55.605152],[9.148224,55.605215],[9.148217,55.605266],[9.148218,55.605315],[9.148239,55.605411],[9.148288,55.605534],[9.148362,55.605695],[9.148464,55.60593],[9.148499,55.606022],[9.148526,55.606096],[9.148531,55.606147],[9.148529,55.606169],[9.148525,55.606187],[9.148517,55.606204],[9.148512,55.606215],[9.148502,55.606229],[9.148495,55.606236],[9.148475,55.606256],[9.148455,55.60627],[9.148434,55.606282],[9.148396,55.606299],[9.1483,55.606337],[9.148083,55.606405],[9.147964,55.606443],[9.147628,55.606546],[9.147217,55.606675],[9.146763,55.606817],[9.146474,55.606914],[9.146385,55.606948],[9.146322,55.60698],[9.14628,55.607005],[9.146237,55.607039],[9.146216,55.60706],[9.146181,55.607098],[9.146151,55.607146],[9.146141,55.607163],[9.146135,55.60718],[9.146115,55.607232],[9.146054,55.607434],[9.145988,55.607654],[9.145959,55.607749],[9.145926,55.607847],[9.145865,55.60803],[9.145793,55.60824],[9.145714,55.608477],[9.14564,55.608706],[9.145565,55.608942],[9.145509,55.609116],[9.145436,55.609343],[9.145368,55.609536],[9.145289,55.60978],[9.145203,55.610042],[9.14517,55.610141],[9.145124,55.610279],[9.14505,55.610512],[9.145013,55.610627],[9.145001,55.61066],[9.144956,55.610799],[9.14489,55.611018],[9.144875,55.611063],[9.144834,55.611188],[9.14481,55.61126],[9.144708,55.611574],[9.144587,55.611951],[9.144505,55.612205],[9.144451,55.612367],[9.144417,55.612475],[9.144378,55.612599],[9.14432,55.61276],[9.144263,55.612943],[9.14422,55.613077],[9.144195,55.613197],[9.144185,55.613291],[9.144183,55.613376],[9.14419,55.613453],[9.144209,55.61353],[9.144259,55.613666],[9.144356,55.6139],[9.14442,55.614055],[9.144524,55.61431],[9.144603,55.614514],[9.144714,55.614803],[9.14473,55.614843],[9.144811,55.615049],[9.14489,55.615241],[9.144915,55.615347],[9.144914,55.615422],[9.144903,55.615502],[9.144885,55.615584],[9.144842,55.615697],[9.144757,55.615901],[9.144685,55.616059],[9.144629,55.616173],[9.144601,55.616225],[9.144551,55.616316],[9.144508,55.616378],[9.144452,55.616435],[9.144336,55.616511],[9.144224,55.616583],[9.144113,55.616646],[9.143947,55.616753],[9.143867,55.616802],[9.143701,55.616905],[9.143643,55.616944],[9.143526,55.617023],[9.143423,55.617102],[9.143336,55.617182],[9.143286,55.617245],[9.143257,55.617281],[9.143213,55.617368],[9.143189,55.617432],[9.143127,55.617637],[9.143057,55.617884],[9.142967,55.618221],[9.142881,55.618515],[9.14281,55.61875],[9.142744,55.618978],[9.142644,55.619323],[9.142567,55.619577],[9.142561,55.619596],[9.142509,55.619759],[9.142499,55.619791],[9.14245,55.619936],[9.142414,55.620079],[9.142391,55.620233],[9.14239,55.620272],[9.142386,55.620422],[9.142417,55.620653],[9.142455,55.620846],[9.142459,55.620864],[9.14246,55.62087],[9.142499,55.621045],[9.14255,55.621257],[9.142625,55.621556],[9.142659,55.621702],[9.142671,55.621757],[9.142732,55.621992],[9.142766,55.622138],[9.142775,55.622175],[9.142839,55.622439],[9.142856,55.622541],[9.142898,55.622853],[9.142902,55.623001],[9.142858,55.623008],[9.142818,55.623018],[9.142746,55.623036],[9.142637,55.623078],[9.142569,55.623107],[9.142431,55.623168],[9.142235,55.623265],[9.142311,55.62332],[9.142358,55.623364],[9.142414,55.623436],[9.142465,55.623528],[9.142484,55.623563],[9.142499,55.623589],[9.142593,55.623785],[9.142678,55.623965],[9.142731,55.624074],[9.142771,55.624155],[9.14281,55.624236],[9.142889,55.624395],[9.142987,55.624606],[9.143068,55.624775],[9.143143,55.62493],[9.143155,55.624959],[9.143406,55.625532],[9.14341,55.625542],[9.143446,55.625651],[9.143475,55.625765],[9.143494,55.625893],[9.143521,55.62607],[9.143538,55.626196],[9.143568,55.626411],[9.143605,55.626599],[9.143642,55.626736],[9.143681,55.626845],[9.143713,55.626908],[9.143762,55.627003],[9.143807,55.627077],[9.143846,55.627136],[9.14396,55.627274],[9.144103,55.627429],[9.144286,55.627585],[9.144547,55.627779],[9.144745,55.627897],[9.144991,55.628031],[9.145147,55.628101],[9.145288,55.628157],[9.145446,55.628217],[9.145537,55.62825],[9.14565,55.628291],[9.145812,55.628336],[9.146004,55.628384],[9.146277,55.628445],[9.146315,55.628453],[9.146576,55.62851],[9.146906,55.628579],[9.147339,55.628668],[9.147724,55.628746],[9.148219,55.628844],[9.148716,55.628944],[9.149175,55.629036],[9.149628,55.629128],[9.150294,55.629263],[9.150827,55.62937],[9.151147,55.629432],[9.151622,55.629525],[9.151931,55.629589],[9.152335,55.629669],[9.152646,55.629734],[9.153096,55.629843],[9.15329,55.629897],[9.153474,55.629953],[9.153736,55.630051],[9.154088,55.630193],[9.154503,55.630398],[9.15493,55.630661],[9.155242,55.630907],[9.155391,55.631025],[9.155912,55.631495],[9.156101,55.631682],[9.156371,55.631929],[9.15679,55.632309],[9.157173,55.632655],[9.157477,55.632932],[9.157849,55.633211],[9.15792,55.633265],[9.157986,55.633301],[9.158204,55.63342],[9.158338,55.633484],[9.158444,55.633532],[9.15856,55.633579],[9.158849,55.633682],[9.159009,55.633739],[9.159205,55.633805],[9.159321,55.633844],[9.159384,55.633866],[9.159486,55.63391],[9.159648,55.633977],[9.159699,55.633997],[9.159858,55.634073],[9.160026,55.634157],[9.160209,55.634253],[9.160452,55.634377],[9.160605,55.634455],[9.160814,55.634563],[9.161081,55.634699],[9.16133,55.634827],[9.161605,55.634966],[9.161903,55.63512],[9.162195,55.635268],[9.162503,55.635424],[9.162738,55.635545],[9.162791,55.635572],[9.163036,55.635699],[9.163307,55.63583],[9.163361,55.635851],[9.163504,55.635907],[9.163578,55.635929],[9.163808,55.635998],[9.16404,55.636064],[9.164083,55.636076],[9.164201,55.636129],[9.164238,55.636149],[9.164296,55.636186],[9.164351,55.636228],[9.164385,55.636259],[9.164468,55.636339],[9.164609,55.636476],[9.164793,55.636658],[9.16502,55.636879],[9.165256,55.637108],[9.165553,55.637401],[9.165818,55.63766],[9.166075,55.637912],[9.166292,55.638121],[9.166539,55.63836],[9.166789,55.638605],[9.167123,55.638928],[9.167249,55.639041],[9.167319,55.639104],[9.167497,55.639263],[9.167612,55.63935],[9.167755,55.639465],[9.167913,55.639589],[9.168134,55.639761],[9.168641,55.640161],[9.16903,55.640469],[9.169143,55.640557],[9.169392,55.640753],[9.169939,55.641186],[9.170474,55.641611],[9.170905,55.641953],[9.171397,55.64234],[9.1719,55.642738],[9.172092,55.642889],[9.172497,55.64321],[9.172977,55.643586],[9.173156,55.64373],[9.173597,55.644077],[9.173962,55.644362],[9.174084,55.644461],[9.174227,55.644574],[9.174459,55.644755],[9.174585,55.644851],[9.174743,55.64498],[9.174886,55.645108],[9.174989,55.64521],[9.175009,55.645235],[9.17505,55.645283],[9.175115,55.645379],[9.175187,55.645504],[9.175286,55.645698],[9.175335,55.645797],[9.175386,55.6459],[9.175423,55.645965],[9.17552,55.646115],[9.175626,55.646265],[9.175702,55.646368],[9.175804,55.646489],[9.175833,55.646521],[9.175857,55.646546],[9.176087,55.646802],[9.176452,55.647205],[9.17657,55.647336],[9.176945,55.647742],[9.177236,55.648072],[9.177327,55.648171],[9.177459,55.648317],[9.177654,55.648532],[9.177691,55.648572],[9.178118,55.649044],[9.178519,55.649485],[9.178946,55.649954],[9.179368,55.650419],[9.179521,55.650588],[9.179966,55.651069],[9.180333,55.651463],[9.180711,55.651878],[9.181051,55.652247],[9.1811,55.652304],[9.181255,55.652473],[9.181544,55.652786],[9.181985,55.653265],[9.182169,55.653466],[9.182534,55.653862],[9.182608,55.65394],[9.18301,55.654377],[9.183456,55.654862],[9.183617,55.655035],[9.183956,55.655396],[9.184008,55.655447],[9.184192,55.655626],[9.184253,55.655683],[9.184505,55.65591],[9.184836,55.656202],[9.184978,55.656328],[9.185363,55.656666],[9.18551,55.656798],[9.185764,55.657022],[9.185827,55.657077],[9.186015,55.657242],[9.186223,55.657428],[9.186478,55.657655],[9.186484,55.65766],[9.186535,55.657705],[9.186635,55.657798],[9.186848,55.657983],[9.187106,55.658217],[9.187285,55.658376],[9.187425,55.658501],[9.187564,55.658619],[9.187626,55.658672],[9.187677,55.658715],[9.18782,55.658825],[9.188039,55.658987],[9.188193,55.659101],[9.188299,55.659174],[9.188482,55.659308],[9.188594,55.659386],[9.188707,55.659462],[9.188892,55.659586],[9.189042,55.659687],[9.189206,55.659796],[9.189325,55.659887],[9.189435,55.659973],[9.189505,55.660037],[9.18966,55.660191],[9.189761,55.660291],[9.189918,55.660445],[9.190092,55.660624],[9.190285,55.660817],[9.19049,55.66102],[9.190742,55.661268],[9.190993,55.66151],[9.191114,55.661632],[9.191441,55.661954],[9.191601,55.662112],[9.191935,55.66244],[9.192049,55.662553],[9.192308,55.662808],[9.192544,55.663044],[9.192816,55.663313],[9.193088,55.663581],[9.193169,55.663661],[9.19329,55.66377],[9.193417,55.66386],[9.193512,55.663922],[9.193838,55.664113],[9.194119,55.664288],[9.194175,55.664325],[9.194273,55.664399],[9.194323,55.664448],[9.194339,55.664476],[9.194361,55.664509],[9.194411,55.664611],[9.194427,55.664645],[9.194499,55.664817],[9.194524,55.664875],[9.194543,55.664917],[9.194604,55.665056],[9.194655,55.665174],[9.194683,55.665239],[9.194859,55.665649],[9.194998,55.665961],[9.195053,55.666085],[9.19513,55.66626],[9.19543,55.666925],[9.195472,55.667017],[9.195553,55.667183],[9.195635,55.667366],[9.195754,55.667596],[9.195779,55.667592],[9.195788,55.667591],[9.195844,55.667585],[9.19599,55.667569],[9.196185,55.667545],[9.196788,55.667451],[9.197192,55.667401],[9.197204,55.667399],[9.197716,55.667345],[9.198157,55.667295],[9.198388,55.667265],[9.198743,55.667216],[9.198761,55.667214],[9.198891,55.667196],[9.198942,55.66719],[9.1992,55.667155],[9.199362,55.667133],[9.199586,55.667103],[9.199978,55.667049],[9.200104,55.667031],[9.200229,55.667012],[9.200447,55.666979],[9.200671,55.666941],[9.200934,55.666889],[9.201126,55.66685],[9.201253,55.666823],[9.201356,55.666802],[9.201604,55.666732],[9.201811,55.66666],[9.201961,55.666613],[9.202093,55.66657],[9.202158,55.666625],[9.202324,55.666779],[9.202365,55.66681],[9.202385,55.666829],[9.202406,55.666853],[9.202412,55.666878],[9.202451,55.666964],[9.202459,55.666977],[9.202491,55.667047],[9.202497,55.667066],[9.202588,55.667254],[9.202668,55.667418],[9.202674,55.667428],[9.202801,55.667694],[9.202867,55.66783],[9.202949,55.667998],[9.203015,55.668137],[9.203071,55.66825],[9.203178,55.668469],[9.203209,55.668541],[9.203333,55.668794],[9.203479,55.669083],[9.203604,55.669325],[9.203612,55.669339],[9.203669,55.669439],[9.203743,55.669549],[9.203776,55.669593],[9.203831,55.669657],[9.203854,55.669677],[9.203894,55.669713],[9.203919,55.669735],[9.203975,55.669776],[9.204048,55.669824],[9.204141,55.669873],[9.204446,55.67002],[9.204515,55.670053],[9.204624,55.670106],[9.204921,55.670248],[9.205176,55.67037],[9.205307,55.670434],[9.205429,55.670494],[9.205647,55.6706],[9.205931,55.670734],[9.206153,55.670844],[9.206333,55.670938],[9.2064,55.670975],[9.206449,55.671002],[9.206561,55.671073],[9.206735,55.671202],[9.207002,55.671413],[9.207283,55.671644],[9.207555,55.671862],[9.207723,55.672002],[9.207803,55.672069],[9.207998,55.672222],[9.208361,55.672516],[9.208872,55.672923],[9.209422,55.673362],[9.20998,55.67381],[9.210215,55.67401],[9.210444,55.674206],[9.21082,55.674544],[9.21097,55.674689],[9.21135,55.675049],[9.21168,55.675362],[9.211965,55.675635],[9.212011,55.675679],[9.212261,55.675916],[9.212655,55.676295],[9.213027,55.676648],[9.213104,55.676721],[9.213136,55.676751],[9.213619,55.677204],[9.214043,55.677607],[9.21454,55.678082],[9.214607,55.678147],[9.214653,55.678192],[9.214908,55.67844],[9.215188,55.678706],[9.215321,55.678828],[9.215527,55.679001],[9.215991,55.679331],[9.216287,55.679508],[9.216356,55.679555],[9.216775,55.679819],[9.216935,55.679923],[9.21698,55.679953],[9.217108,55.680028],[9.217515,55.680264],[9.217703,55.680372],[9.217974,55.680534],[9.218306,55.680733],[9.218971,55.681134],[9.219184,55.681265],[9.219305,55.681338],[9.219589,55.681513],[9.22035,55.681971],[9.220892,55.682295],[9.221057,55.682395],[9.22121,55.682488],[9.221715,55.682794],[9.222563,55.683309],[9.222658,55.683366],[9.222767,55.683433],[9.223112,55.68364],[9.223315,55.683763],[9.223468,55.683854],[9.22379,55.684045],[9.223864,55.68409],[9.223989,55.68417],[9.224161,55.684274],[9.224263,55.684335],[9.224339,55.684381],[9.2245,55.684477],[9.224631,55.684556],[9.224798,55.684658],[9.224923,55.684733],[9.225071,55.684823],[9.225238,55.684924],[9.225312,55.68497],[9.225622,55.685158],[9.225706,55.685209],[9.225993,55.685383],[9.226129,55.685466],[9.226283,55.68556],[9.226475,55.685676],[9.226634,55.685772],[9.226895,55.68593],[9.227176,55.686101],[9.227262,55.68615],[9.227531,55.686315],[9.227753,55.686446],[9.227885,55.686529],[9.227964,55.686578],[9.228135,55.68669],[9.228326,55.686825],[9.228502,55.686967],[9.228597,55.68704],[9.228717,55.687137],[9.228769,55.68718],[9.229024,55.687387],[9.229115,55.687461],[9.229334,55.687634],[9.229546,55.687806],[9.229838,55.688045],[9.230113,55.688266],[9.230211,55.688346],[9.230389,55.688489],[9.230549,55.688619],[9.230792,55.688816],[9.231043,55.689016],[9.231283,55.689213],[9.231526,55.689409],[9.231575,55.68945],[9.231742,55.689586],[9.23197,55.689769],[9.232163,55.689928],[9.232414,55.690131],[9.232606,55.690286],[9.232784,55.690432],[9.233028,55.690629],[9.233272,55.690827],[9.23329,55.690842],[9.233322,55.690869],[9.233559,55.69106],[9.233809,55.69126],[9.234029,55.691439],[9.234147,55.691534],[9.234429,55.691768],[9.23453,55.691849],[9.234559,55.691873],[9.234567,55.691879],[9.234756,55.692031],[9.234903,55.692136],[9.235012,55.692203],[9.235148,55.692275],[9.235257,55.692326],[9.235291,55.69234],[9.235407,55.692383],[9.235414,55.692386],[9.235444,55.692397],[9.235592,55.692445],[9.235641,55.69246],[9.235764,55.692491],[9.235898,55.692521],[9.236034,55.692545],[9.236315,55.692588],[9.236361,55.692595],[9.23637,55.692596],[9.236591,55.692628],[9.236649,55.692637],[9.236703,55.692645],[9.237039,55.692691],[9.237337,55.692736],[9.237701,55.692788],[9.238069,55.692839],[9.238445,55.692892],[9.238865,55.692952],[9.238988,55.692969],[9.239387,55.693027],[9.239659,55.693067],[9.239717,55.693075],[9.239783,55.693085],[9.240105,55.693131],[9.240458,55.693181],[9.24098,55.693256],[9.241173,55.693284],[9.241671,55.693354],[9.241815,55.693375],[9.242283,55.693442],[9.242718,55.693505],[9.242939,55.693537],[9.24303,55.693549],[9.243162,55.693568],[9.243207,55.693575],[9.243265,55.693583],[9.243473,55.693612],[9.243753,55.693654],[9.24389,55.693673],[9.243992,55.693688],[9.244355,55.693738],[9.244607,55.693771],[9.244739,55.693787],[9.244896,55.693805],[9.244915,55.693806],[9.245109,55.69382],[9.245437,55.693835],[9.245722,55.693845],[9.245791,55.693847],[9.246022,55.693852],[9.246247,55.693859],[9.246474,55.693863],[9.246628,55.693868],[9.246729,55.693871],[9.246778,55.693872],[9.247039,55.693876],[9.247275,55.693882],[9.247367,55.693885],[9.247575,55.693891],[9.248005,55.6939],[9.2483,55.693907],[9.248438,55.693909],[9.248611,55.693911],[9.248757,55.693907],[9.248769,55.693929],[9.248852,55.694064],[9.248881,55.6941],[9.248944,55.694174],[9.249148,55.694402],[9.249305,55.69458],[9.249411,55.694696],[9.249449,55.69474],[9.249531,55.694834],[9.249701,55.695026],[9.249793,55.695132],[9.249858,55.695206],[9.25002,55.695387],[9.250311,55.695708],[9.250414,55.695823],[9.250539,55.695964],[9.25065,55.696085],[9.250779,55.696229],[9.250937,55.696406],[9.251038,55.696522],[9.25111,55.696602],[9.251184,55.696684],[9.251297,55.696815],[9.251391,55.696922],[9.251395,55.696927],[9.251433,55.696974],[9.251565,55.697127],[9.251655,55.69723],[9.251693,55.697274],[9.251703,55.697282],[9.251725,55.697301],[9.251758,55.697328],[9.251846,55.697373],[9.251947,55.697421],[9.252028,55.697457],[9.252183,55.697513],[9.252269,55.697547],[9.252331,55.697573],[9.252396,55.697607],[9.252439,55.697642],[9.252478,55.697688],[9.252503,55.697731],[9.252515,55.697773],[9.252519,55.697843],[9.252522,55.697889],[9.252526,55.697968],[9.252527,55.698065],[9.252532,55.69825],[9.252535,55.698428],[9.252542,55.698529],[9.252565,55.698623],[9.252584,55.698676],[9.252611,55.698731],[9.252638,55.698763],[9.252665,55.698795],[9.252718,55.698856],[9.252765,55.698899],[9.252847,55.698969],[9.252937,55.699025],[9.2531,55.699115],[9.253273,55.699209],[9.253443,55.699304],[9.253611,55.699393],[9.253692,55.699436],[9.253783,55.699486],[9.253981,55.699593],[9.254216,55.699717],[9.254347,55.699791],[9.254574,55.699908],[9.254671,55.69996],[9.254719,55.699987],[9.254932,55.700106],[9.254997,55.700143],[9.255298,55.700309],[9.255493,55.700418],[9.255541,55.700443],[9.255704,55.700531],[9.255949,55.700671],[9.256027,55.700712],[9.256082,55.70074],[9.256332,55.700877],[9.256602,55.701025],[9.256804,55.701123],[9.256961,55.701184],[9.257108,55.701235],[9.257361,55.701304],[9.257555,55.701355],[9.257793,55.701413],[9.257935,55.701448],[9.258039,55.701472],[9.25817,55.701505],[9.258283,55.701533],[9.25832,55.701542],[9.258446,55.701574],[9.258492,55.701585],[9.25864,55.70163],[9.25867,55.701639],[9.258735,55.701663],[9.258808,55.701698],[9.258886,55.701746],[9.258941,55.701786],[9.258968,55.701808],[9.259016,55.701858],[9.25908,55.701935],[9.259106,55.70197],[9.259128,55.702006],[9.259146,55.702038],[9.259178,55.702116],[9.259193,55.702206],[9.259194,55.702268],[9.259182,55.702358],[9.259134,55.702553],[9.259087,55.702722],[9.259029,55.702933],[9.25894,55.703246],[9.2589,55.703403],[9.258863,55.703553],[9.258833,55.703671],[9.258785,55.703892],[9.258776,55.703985],[9.258783,55.704065],[9.258794,55.70412],[9.258819,55.70419],[9.258839,55.704239],[9.258878,55.704315],[9.258916,55.704371],[9.258961,55.704425],[9.259042,55.704504],[9.259127,55.704576],[9.259236,55.704663],[9.259525,55.704877],[9.259836,55.705092],[9.260024,55.705225],[9.260145,55.705311],[9.260249,55.705381],[9.260571,55.7056],[9.26071,55.705706],[9.260869,55.705827],[9.261087,55.705927],[9.261273,55.706017],[9.261496,55.706142],[9.261582,55.706189],[9.261635,55.706218],[9.261671,55.706238],[9.261714,55.706263],[9.261722,55.706267],[9.261762,55.706288],[9.261972,55.706401],[9.262186,55.706513],[9.262571,55.706724],[9.26306,55.706976],[9.263389,55.707148],[9.263893,55.707412],[9.264546,55.707751],[9.264764,55.707865],[9.265163,55.708083],[9.265275,55.708151],[9.265517,55.7083],[9.265582,55.708341],[9.265903,55.708548],[9.265993,55.708607],[9.266088,55.708673],[9.266371,55.708858],[9.266659,55.709044],[9.266743,55.709098],[9.267013,55.709272],[9.267169,55.709369],[9.267196,55.709387],[9.267369,55.709493],[9.267649,55.70967],[9.267898,55.70982],[9.268114,55.709953],[9.268348,55.710095],[9.268726,55.710328],[9.269064,55.71054],[9.26936,55.71073],[9.269609,55.710894],[9.269856,55.711057],[9.270054,55.711186],[9.270316,55.711358],[9.270474,55.711462],[9.27058,55.711531],[9.270645,55.711573],[9.270749,55.711639],[9.270844,55.7117],[9.271103,55.711864],[9.27119,55.711919],[9.271317,55.711994],[9.271398,55.71204],[9.271596,55.71215],[9.271854,55.712293],[9.27198,55.712361],[9.272214,55.712488],[9.272442,55.712613],[9.272542,55.712667],[9.272783,55.712798],[9.273043,55.712942],[9.273361,55.713114],[9.273455,55.713165],[9.273634,55.71326],[9.273649,55.713267],[9.273781,55.713339],[9.273926,55.713417],[9.273949,55.71343],[9.274187,55.713561],[9.274295,55.71362],[9.274532,55.713748],[9.274783,55.713884],[9.275026,55.714012],[9.275266,55.714139],[9.275348,55.714183],[9.275565,55.714298],[9.275613,55.714325],[9.27575,55.714398],[9.275807,55.714429],[9.275969,55.714518],[9.276092,55.714589],[9.276208,55.714662],[9.276238,55.714681],[9.276326,55.714738],[9.276431,55.714809],[9.276458,55.714829],[9.276531,55.714885],[9.27661,55.714951],[9.276635,55.714971],[9.276762,55.715076],[9.276817,55.715125],[9.27703,55.715316],[9.277063,55.715345],[9.277112,55.715381],[9.277261,55.715491],[9.277399,55.715592],[9.277424,55.71561],[9.27754,55.715708],[9.277585,55.71575],[9.277736,55.715887],[9.277932,55.716083],[9.277991,55.716138],[9.2781,55.716235],[9.278261,55.716374],[9.278406,55.716498],[9.278564,55.716636],[9.278767,55.716811],[9.278955,55.71697],[9.279158,55.71714],[9.279654,55.717166],[9.279806,55.717171],[9.279881,55.717173],[9.279891,55.717173],[9.280221,55.717176],[9.280466,55.717175],[9.28054,55.717174],[9.280942,55.717163],[9.28114,55.717161],[9.281516,55.717148],[9.281535,55.717148],[9.28188,55.717138],[9.281991,55.717134],[9.28232,55.717128],[9.282678,55.717121],[9.282803,55.717117],[9.283185,55.717109],[9.283574,55.717094],[9.283902,55.71708],[9.284004,55.717074],[9.284322,55.717051],[9.284496,55.717038],[9.284613,55.717028],[9.284932,55.717001],[9.285159,55.716982],[9.285244,55.716976],[9.28555,55.716947],[9.285853,55.71692],[9.28617,55.716888],[9.286534,55.716849],[9.286685,55.716832],[9.286719,55.716828],[9.286827,55.716816],[9.287104,55.716783],[9.287416,55.716744],[9.288096,55.716662],[9.288377,55.71663],[9.288524,55.716612],[9.288738,55.716588],[9.289426,55.716506],[9.290114,55.716415],[9.290325,55.716378],[9.290475,55.716354],[9.290611,55.716333],[9.291059,55.716262],[9.291401,55.716208],[9.291464,55.716199],[9.291569,55.716185],[9.291995,55.716122],[9.292133,55.716104],[9.292467,55.716058],[9.292741,55.716026],[9.293087,55.716006],[9.293409,55.715988],[9.293494,55.715983],[9.293746,55.71597],[9.293995,55.715957],[9.294118,55.715951],[9.294221,55.715945],[9.294772,55.715919],[9.294991,55.715908],[9.295242,55.715892],[9.295477,55.715878],[9.295671,55.715868],[9.295814,55.715861],[9.295892,55.715858],[9.296129,55.715853],[9.296283,55.715864],[9.296346,55.715869],[9.296438,55.715883],[9.296565,55.715902],[9.29663,55.715913],[9.29686,55.715964],[9.296948,55.715983],[9.297664,55.716155],[9.297949,55.716227],[9.29826,55.716308],[9.2983,55.716318],[9.298339,55.716327],[9.298587,55.716387],[9.298899,55.716462],[9.299164,55.716531],[9.299246,55.716554],[9.299412,55.716595],[9.299627,55.71665],[9.299865,55.71671],[9.299922,55.716728],[9.300053,55.71677],[9.300556,55.716931],[9.300753,55.716999],[9.30095,55.717069],[9.301063,55.71711],[9.301233,55.717172],[9.301427,55.717243],[9.302038,55.717461],[9.302055,55.717465],[9.302203,55.717515],[9.302239,55.717527],[9.302995,55.717818],[9.303712,55.71808],[9.303973,55.718169],[9.304306,55.718286],[9.304433,55.718334],[9.304664,55.718423],[9.305133,55.718597],[9.305262,55.718645],[9.305499,55.71873],[9.305879,55.718871],[9.306044,55.71893],[9.306154,55.718971],[9.306286,55.719019],[9.306532,55.719115],[9.306861,55.719241],[9.307181,55.71936],[9.307295,55.719404],[9.307534,55.719491],[9.307711,55.719542],[9.307803,55.719566],[9.308028,55.719609],[9.308118,55.719621],[9.30843,55.719647],[9.308881,55.719676],[9.309343,55.719703],[9.309814,55.71973],[9.310586,55.71978],[9.310652,55.719786],[9.310792,55.719798],[9.311012,55.719825],[9.311278,55.719858],[9.311629,55.719901],[9.311888,55.719934],[9.312,55.719948],[9.312336,55.719991],[9.312462,55.720009],[9.312692,55.720046],[9.312758,55.72006],[9.312798,55.720068],[9.312916,55.720095],[9.313055,55.720133],[9.313246,55.720197],[9.313307,55.720219],[9.313353,55.720237],[9.313464,55.72028],[9.313549,55.720312],[9.313795,55.72041],[9.313892,55.720452],[9.314118,55.720554],[9.31419,55.720589],[9.314296,55.720649],[9.314327,55.72067],[9.314482,55.720783],[9.314622,55.720901],[9.314649,55.720928],[9.314685,55.720961],[9.314839,55.721099],[9.314987,55.721223],[9.315094,55.721304],[9.315158,55.721345],[9.315379,55.721477],[9.315613,55.721615],[9.315827,55.72175],[9.316,55.721866],[9.316069,55.721918],[9.316239,55.722053],[9.316262,55.722072],[9.31631,55.722111],[9.31653,55.722299],[9.316617,55.722371],[9.31685,55.722569],[9.31703,55.722721],[9.317229,55.722889],[9.31744,55.723063],[9.31753,55.723139],[9.317659,55.723248],[9.317849,55.723394],[9.317936,55.723454],[9.31823,55.723657],[9.318412,55.723783],[9.31855,55.723875],[9.318663,55.723955],[9.318787,55.724039],[9.318863,55.72409],[9.318918,55.724127],[9.319051,55.724212],[9.319192,55.724299],[9.319335,55.724384],[9.319457,55.724451],[9.319535,55.724489],[9.319643,55.724537],[9.319766,55.724582],[9.319881,55.724622],[9.320031,55.724662],[9.320189,55.724701],[9.320313,55.724728],[9.320543,55.724779],[9.320748,55.724827],[9.320962,55.724876],[9.321165,55.724922],[9.321319,55.724959],[9.321472,55.724997],[9.321609,55.725038],[9.321721,55.725075],[9.321846,55.725119],[9.321985,55.72517],[9.322181,55.725241],[9.322269,55.725275],[9.322437,55.725339],[9.322589,55.725393],[9.322696,55.725427],[9.322749,55.725442],[9.322793,55.725452],[9.322841,55.72546],[9.322915,55.725469],[9.322977,55.725473],[9.323064,55.725471],[9.323134,55.725465],[9.323305,55.72544],[9.323506,55.72541],[9.323767,55.725368],[9.324149,55.725309],[9.324305,55.725286],[9.324465,55.725267],[9.324673,55.725244],[9.324931,55.725221],[9.325199,55.725201],[9.32546,55.725181],[9.325596,55.725167],[9.325735,55.725148],[9.325833,55.725128],[9.326008,55.725078],[9.326044,55.725064],[9.326154,55.725017],[9.326273,55.724952],[9.326381,55.724893],[9.326492,55.72483],[9.326624,55.724756],[9.326746,55.72469],[9.326888,55.724609],[9.327043,55.724526],[9.327167,55.724462],[9.327312,55.724391],[9.327395,55.724353],[9.327506,55.724309],[9.327627,55.724267],[9.327793,55.724219],[9.328008,55.724161],[9.328194,55.724112],[9.328432,55.724048],[9.328666,55.723987],[9.328873,55.723932],[9.32903,55.723891],[9.329236,55.723838],[9.329371,55.723806],[9.329488,55.72378],[9.329545,55.723769],[9.329594,55.723764],[9.329677,55.723757],[9.329741,55.723756],[9.329812,55.723758],[9.329852,55.723762],[9.329866,55.723763],[9.329957,55.723774],[9.33012,55.723803],[9.330312,55.723839],[9.330473,55.723875],[9.330633,55.723911],[9.330805,55.72395],[9.330928,55.723975],[9.331033,55.723994],[9.331133,55.724009],[9.331263,55.724022],[9.33134,55.724024],[9.331474,55.724027],[9.331724,55.724025],[9.331905,55.724022],[9.331999,55.72402],[9.332133,55.724019],[9.332284,55.724019],[9.332368,55.724019],[9.33242,55.724076],[9.332484,55.72414],[9.332561,55.724219],[9.332674,55.724349],[9.332784,55.724473],[9.332873,55.724571],[9.332982,55.724691],[9.333084,55.724804],[9.333175,55.724886],[9.333289,55.724964],[9.333404,55.72502],[9.333584,55.725089],[9.333769,55.725151],[9.333956,55.72521],[9.334147,55.72527],[9.334314,55.725322],[9.334479,55.725371],[9.334643,55.72542],[9.334811,55.725464],[9.334973,55.725503],[9.335169,55.725547],[9.335363,55.725591],[9.335575,55.725633],[9.33575,55.725669],[9.335943,55.725715],[9.336085,55.725749],[9.336188,55.725779],[9.3363,55.725817],[9.336385,55.725848],[9.336471,55.725885],[9.336633,55.725957],[9.336847,55.726048],[9.337072,55.726147],[9.337288,55.726242],[9.337494,55.726336],[9.337692,55.726422],[9.337888,55.72651],[9.338102,55.726606],[9.338305,55.726697],[9.338485,55.726776],[9.338625,55.726839],[9.338811,55.726922],[9.339019,55.72702],[9.339212,55.727103],[9.339403,55.727191],[9.3396,55.727282],[9.339791,55.72737],[9.339953,55.727446],[9.340157,55.727542],[9.34032,55.727616],[9.34037,55.727639],[9.340576,55.727733],[9.340765,55.727819],[9.340963,55.727909],[9.34113,55.727983],[9.341309,55.728065],[9.341503,55.728154],[9.341717,55.728249],[9.341905,55.728332],[9.342096,55.728418],[9.342288,55.728504],[9.342456,55.728581],[9.34262,55.72866],[9.342696,55.728696],[9.34274,55.728717],[9.342797,55.728746],[9.342915,55.728807],[9.343069,55.728886],[9.343218,55.728966],[9.343362,55.729046],[9.343497,55.729119],[9.343625,55.729193],[9.343726,55.72925],[9.344007,55.729413],[9.344498,55.729701],[9.344646,55.729787],[9.344953,55.729983],[9.345221,55.730171],[9.345398,55.730306],[9.345506,55.730387],[9.345756,55.730574],[9.345905,55.730685],[9.346229,55.730925],[9.346501,55.731122],[9.34678,55.73132],[9.347028,55.731486],[9.347094,55.731531],[9.347212,55.731611],[9.347325,55.731687],[9.347637,55.731902],[9.347971,55.732139],[9.348065,55.732217],[9.348341,55.73246],[9.348714,55.732799],[9.349001,55.733061],[9.349225,55.733261],[9.349488,55.733501],[9.349737,55.733727],[9.34981,55.733792],[9.350022,55.733982],[9.350347,55.734273],[9.350473,55.734382],[9.350565,55.734463],[9.350788,55.734653],[9.350918,55.734763],[9.350951,55.734787],[9.351054,55.734865],[9.351193,55.734964],[9.351417,55.735108],[9.351608,55.735229],[9.351806,55.735361],[9.351918,55.735449],[9.352047,55.735569],[9.352199,55.735726],[9.352254,55.735782],[9.352321,55.735832],[9.35242,55.735886],[9.35249,55.735928],[9.352542,55.735959],[9.352607,55.736],[9.3527,55.736079],[9.35274,55.73613],[9.35276,55.73619],[9.352795,55.73632],[9.352822,55.73637],[9.352835,55.736397],[9.352932,55.736515],[9.35302,55.736615],[9.353141,55.736767],[9.353167,55.7368],[9.353306,55.737007],[9.353369,55.737117],[9.353406,55.737205],[9.353415,55.737276],[9.353402,55.737368],[9.353377,55.737602],[9.353373,55.737642],[9.354471,55.737658],[9.354576,55.737659],[9.354898,55.737663],[9.355147,55.737664],[9.355584,55.737659],[9.356039,55.737641],[9.356345,55.737626],[9.356482,55.737618],[9.35686,55.737596],[9.35698,55.737588],[9.357309,55.737569],[9.357447,55.737561],[9.357846,55.737538],[9.358211,55.737516],[9.358357,55.737508],[9.358481,55.7375],[9.358554,55.737497],[9.358707,55.737492],[9.358866,55.737491],[9.358997,55.737496],[9.35904,55.737499],[9.359155,55.73751],[9.359371,55.737533],[9.359461,55.737545],[9.359626,55.737569],[9.359705,55.737584],[9.359857,55.737617],[9.360057,55.737667],[9.360101,55.737679],[9.360285,55.737735],[9.360357,55.737761],[9.360425,55.737786],[9.360626,55.737865],[9.360706,55.737898],[9.360715,55.737902],[9.360948,55.738006],[9.361041,55.738046],[9.361212,55.738119],[9.361362,55.738175],[9.361519,55.738219],[9.361706,55.738257],[9.361965,55.738295],[9.362035,55.738304],[9.362381,55.738343],[9.36274,55.738381],[9.362813,55.738387],[9.363066,55.738398],[9.363267,55.738393],[9.363331,55.738388],[9.363442,55.738379],[9.364069,55.738316],[9.364445,55.738284],[9.364616,55.73827],[9.365139,55.738224],[9.365299,55.738212],[9.365617,55.738193],[9.365864,55.738183],[9.366343,55.738174],[9.366708,55.738172],[9.367244,55.738172],[9.367969,55.73817],[9.368203,55.738172],[9.368972,55.738176],[9.369839,55.738184],[9.370606,55.738192],[9.371091,55.738188],[9.371321,55.738184],[9.371583,55.738178],[9.371731,55.738173],[9.372161,55.73816],[9.372331,55.738154],[9.372748,55.738136],[9.372875,55.738128],[9.372899,55.738126],[9.373159,55.738099],[9.373544,55.738052],[9.374222,55.737968],[9.374582,55.737932],[9.375022,55.7379],[9.375105,55.737896],[9.375384,55.737883],[9.376003,55.737851],[9.376904,55.737815],[9.377268,55.737816],[9.377437,55.737825],[9.377557,55.737843],[9.377931,55.737914],[9.37838,55.738022],[9.379247,55.738157],[9.379388,55.738181],[9.380138,55.738309],[9.380261,55.738328],[9.380766,55.738408],[9.381848,55.73858],[9.382247,55.738645],[9.382515,55.738686],[9.382981,55.73876],[9.3833,55.738811],[9.383613,55.738863],[9.383743,55.738885],[9.383926,55.738914],[9.384056,55.738934],[9.384214,55.73896],[9.385152,55.739115],[9.385243,55.739129],[9.385421,55.739161],[9.385497,55.739171],[9.385517,55.739174],[9.385568,55.73918],[9.385678,55.739191],[9.385761,55.739195],[9.385868,55.739195],[9.385909,55.739193],[9.386206,55.73917],[9.3867,55.739123],[9.386997,55.739096],[9.387272,55.739078],[9.387472,55.739068],[9.38764,55.739062],[9.387749,55.739062],[9.387952,55.73907],[9.388982,55.739141],[9.389227,55.739156],[9.389458,55.73917],[9.38965,55.739182],[9.38998,55.739202],[9.390054,55.739204],[9.39022,55.73921],[9.390386,55.739215],[9.390771,55.739226],[9.390913,55.739229],[9.391688,55.739235],[9.39251,55.739221],[9.393183,55.739203],[9.39332,55.739198],[9.393586,55.739188],[9.39409,55.739173],[9.394451,55.739165],[9.394641,55.739168],[9.394722,55.739169],[9.394796,55.739171],[9.394845,55.739174],[9.395154,55.739196],[9.395574,55.739239],[9.395802,55.739258],[9.395878,55.739264],[9.395908,55.739266],[9.396089,55.739277],[9.39617,55.739281],[9.396473,55.739288],[9.397274,55.739303],[9.397482,55.739307],[9.398257,55.73932],[9.398368,55.739322],[9.398871,55.73933],[9.39906,55.739333],[9.399824,55.739346],[9.399943,55.739348],[9.400329,55.739355],[9.400615,55.739365],[9.400736,55.739376],[9.400795,55.739382],[9.400875,55.739393],[9.400986,55.739411],[9.401071,55.739425],[9.401127,55.739434],[9.401855,55.739575],[9.402798,55.739759],[9.403753,55.739945],[9.404132,55.740017],[9.404715,55.740131],[9.404961,55.740178],[9.405094,55.740204],[9.405561,55.740296],[9.405983,55.74038],[9.406378,55.740454],[9.406793,55.740536],[9.407034,55.740582],[9.40825,55.740819],[9.408402,55.740848],[9.408985,55.740962],[9.409427,55.741048],[9.409558,55.741074],[9.409703,55.741103],[9.409971,55.741156],[9.410155,55.741192],[9.410759,55.741316],[9.411021,55.741379],[9.411629,55.741526],[9.412161,55.741654],[9.412378,55.741703],[9.412757,55.741777],[9.412938,55.741808],[9.413208,55.741855],[9.413737,55.741942],[9.413834,55.741957],[9.413878,55.741966],[9.413938,55.741976],[9.414029,55.741998],[9.414027,55.74205],[9.414023,55.742126],[9.414014,55.742246],[9.414008,55.74239],[9.414006,55.742481],[9.414006,55.742513],[9.414009,55.742643],[9.414008,55.742835],[9.414007,55.742902],[9.414005,55.74295],[9.414002,55.743065],[9.414,55.743091],[9.413999,55.743121],[9.413997,55.743156],[9.413986,55.743243],[9.413959,55.743398],[9.413945,55.743449],[9.413931,55.743497],[9.413889,55.743648],[9.413875,55.743694],[9.413868,55.74371],[9.413854,55.743753],[9.41384,55.743796],[9.413799,55.743912],[9.413769,55.743995],[9.413763,55.744011],[9.413758,55.744027],[9.413734,55.744085],[9.41363,55.744315],[9.413599,55.744383],[9.41357,55.744449],[9.413527,55.744546],[9.413516,55.74458],[9.413497,55.744621],[9.413432,55.744758],[9.413384,55.744864],[9.413366,55.744934],[9.413365,55.74494],[9.413363,55.744976],[9.413312,55.745136],[9.413237,55.745375],[9.413222,55.745427],[9.413161,55.745652],[9.413105,55.745881],[9.4131,55.745905],[9.413099,55.745922],[9.413096,55.745933],[9.413074,55.746014],[9.413062,55.74606],[9.413061,55.746062],[9.413059,55.74607],[9.413011,55.746266],[9.412981,55.746384],[9.412887,55.746756],[9.412839,55.74695],[9.412827,55.746996],[9.412824,55.747008],[9.412823,55.747014],[9.41279,55.747183],[9.41278,55.747261],[9.412781,55.747349],[9.412786,55.74739],[9.412798,55.747465],[9.412813,55.747535],[9.412838,55.74763],[9.412868,55.747717],[9.412895,55.74781],[9.412904,55.747837],[9.412942,55.747943],[9.412986,55.748062],[9.413042,55.748208],[9.413098,55.748353],[9.413159,55.748512],[9.413213,55.748646],[9.413272,55.748788],[9.413306,55.748864],[9.41334,55.748938],[9.413376,55.749006],[9.413393,55.749034],[9.413403,55.749046],[9.413421,55.749059],[9.413437,55.749068],[9.413456,55.749092],[9.413485,55.749147],[9.41351,55.749214],[9.41355,55.749319],[9.413579,55.749399],[9.413578,55.749413],[9.413574,55.749425],[9.413567,55.749436],[9.413554,55.749451],[9.413546,55.749461],[9.413542,55.749469],[9.413545,55.749486],[9.41355,55.749513],[9.413564,55.749549],[9.413567,55.749557],[9.413572,55.749565],[9.413588,55.74958],[9.413611,55.749596],[9.413634,55.749613],[9.413649,55.74964],[9.413698,55.749778],[9.413791,55.750027],[9.413899,55.750317],[9.413913,55.750356],[9.413922,55.750382],[9.413989,55.750569],[9.414088,55.750849],[9.414137,55.751022],[9.41414,55.751054],[9.414136,55.751079],[9.41413,55.751114],[9.414123,55.751153],[9.414148,55.751195],[9.414181,55.751252],[9.414191,55.751264],[9.414227,55.751298],[9.41425,55.751344],[9.414288,55.751413],[9.414298,55.751431],[9.41433,55.751515],[9.41439,55.751677],[9.414425,55.751768],[9.414495,55.751953],[9.414522,55.752024],[9.414581,55.752135],[9.414593,55.752155],[9.414643,55.752237],[9.414698,55.752343],[9.414756,55.75245],[9.414771,55.752477],[9.414843,55.752667],[9.414986,55.752856],[9.415039,55.753003],[9.415071,55.753095],[9.415125,55.75325],[9.415146,55.753309],[9.415162,55.753355],[9.415177,55.753397],[9.415186,55.75343],[9.415213,55.753528],[9.415241,55.753626],[9.415248,55.753653],[9.415255,55.753679],[9.415261,55.753699],[9.415264,55.75371],[9.415266,55.753718],[9.415268,55.753725],[9.415272,55.753738],[9.415308,55.753866],[9.415311,55.753877],[9.41536,55.754037],[9.415397,55.754156],[9.415405,55.754182],[9.415416,55.754212],[9.415535,55.754517],[9.415596,55.754675],[9.415729,55.755012],[9.415801,55.755195],[9.415809,55.755242],[9.415817,55.755283],[9.415812,55.755321],[9.415794,55.755362],[9.415762,55.75542],[9.415705,55.755486],[9.415596,55.755586],[9.415824,55.755614],[9.415932,55.755626],[9.415989,55.755633],[9.416634,55.755706],[9.416655,55.755708],[9.416799,55.755726],[9.41691,55.755739],[9.417095,55.75576],[9.417384,55.755793],[9.417856,55.755854],[9.417872,55.755857],[9.417958,55.755871],[9.418095,55.755893],[9.418182,55.755911],[9.418238,55.755932],[9.418257,55.755944],[9.418273,55.75596],[9.418282,55.755977],[9.418284,55.755993],[9.418282,55.756014],[9.418263,55.756109],[9.418264,55.756202],[9.41831,55.756482],[9.418302,55.756574],[9.41833,55.75664],[9.418415,55.756841],[9.418515,55.757086],[9.41855,55.757169],[9.418559,55.75723],[9.418562,55.757316],[9.418672,55.757404],[9.418708,55.75743],[9.418749,55.757471],[9.418823,55.757545],[9.418924,55.757678],[9.419048,55.757863],[9.419097,55.757954],[9.419131,55.758017],[9.419171,55.758079],[9.419179,55.758091],[9.419276,55.758152],[9.419491,55.758275],[9.419637,55.75835],[9.419751,55.758425],[9.41986,55.758506],[9.419868,55.758516],[9.419932,55.758592],[9.419964,55.758637],[9.419976,55.75867],[9.419974,55.758704],[9.419966,55.758814],[9.419957,55.758846],[9.419942,55.758874],[9.419936,55.758895],[9.419934,55.758919],[9.419938,55.758937],[9.419955,55.758967],[9.420046,55.759079],[9.420017,55.759079],[9.42012,55.759166],[9.420138,55.759182],[9.420163,55.759206],[9.420245,55.759286],[9.420263,55.759306],[9.420304,55.759353],[9.420317,55.759369],[9.420339,55.759402],[9.420375,55.759465],[9.420382,55.759481],[9.420405,55.759531],[9.420424,55.759596],[9.420438,55.759647],[9.420444,55.759712],[9.420447,55.759759],[9.420444,55.759809],[9.420441,55.759863],[9.42042,55.760141],[9.420406,55.760261],[9.420376,55.760576],[9.420361,55.760752],[9.420349,55.760897],[9.420323,55.761216],[9.420314,55.761321],[9.420283,55.761664],[9.420271,55.761811],[9.420244,55.76211],[9.420215,55.762446],[9.420192,55.762705],[9.42018,55.76288],[9.420174,55.762968],[9.420163,55.763059],[9.420159,55.763104],[9.420139,55.763308],[9.420117,55.763618],[9.420111,55.763727],[9.420111,55.76396],[9.42012,55.764134],[9.420126,55.764201],[9.420133,55.764258],[9.420156,55.764387],[9.420163,55.764421],[9.420192,55.764545],[9.420218,55.764639],[9.420227,55.76467],[9.420266,55.764781],[9.420302,55.764873],[9.420317,55.764907],[9.420339,55.764953],[9.420448,55.765163],[9.420589,55.765393],[9.420667,55.765505],[9.420792,55.765666],[9.42096,55.765848],[9.421128,55.766013],[9.421309,55.766179],[9.421455,55.766303],[9.421752,55.766541],[9.421819,55.766598],[9.421926,55.766692],[9.422039,55.766793],[9.422079,55.766818],[9.422116,55.766828],[9.422154,55.76683],[9.422211,55.766827],[9.422321,55.766813],[9.422496,55.766778],[9.422611,55.766762],[9.422717,55.766755],[9.422797,55.766759],[9.422845,55.766772],[9.422912,55.766796],[9.422976,55.766834],[9.423003,55.766869],[9.42302,55.766918],[9.423019,55.766956],[9.423008,55.766987],[9.422977,55.76704],[9.422936,55.767124],[9.422908,55.767192],[9.422859,55.767293],[9.422836,55.767339],[9.422811,55.767397],[9.422833,55.767433],[9.422892,55.767483],[9.422968,55.767545],[9.423108,55.767658],[9.423174,55.767714],[9.423363,55.767881],[9.423597,55.768105],[9.42377,55.768281],[9.423897,55.768418],[9.423951,55.768486],[9.423967,55.768531],[9.424118,55.76874],[9.424192,55.768854],[9.424282,55.76885],[9.424352,55.768972],[9.424663,55.769456],[9.424847,55.769815],[9.424968,55.770093],[9.425064,55.770359],[9.425155,55.770671],[9.42525,55.771162],[9.425283,55.77139],[9.42529,55.771444],[9.425343,55.771827],[9.425388,55.772162],[9.425449,55.772661],[9.425505,55.773075],[9.425551,55.773406],[9.425582,55.77363],[9.425584,55.773641],[9.425631,55.773925],[9.425663,55.774059],[9.425713,55.77422],[9.425716,55.774231],[9.425791,55.774426],[9.425739,55.77462],[9.425744,55.774667],[9.425738,55.774734],[9.425737,55.774743],[9.425718,55.774827],[9.425713,55.774858],[9.425707,55.774927],[9.425705,55.775031],[9.425697,55.775148],[9.425691,55.775182],[9.425686,55.775209],[9.425631,55.775505],[9.425576,55.775733],[9.425553,55.775818],[9.425531,55.77593],[9.425525,55.775961],[9.425361,55.775976],[9.425134,55.775967],[9.42498,55.775959],[9.42486,55.775952],[9.424634,55.775938],[9.424402,55.775922],[9.424231,55.775912],[9.423979,55.775897],[9.42386,55.77589],[9.423684,55.775885],[9.423578,55.775883],[9.423557,55.775883],[9.423371,55.775884],[9.423202,55.775889],[9.423048,55.775894],[9.422843,55.775901],[9.422595,55.775911],[9.422298,55.775922],[9.422003,55.775933],[9.421799,55.77594],[9.42151,55.775951],[9.421233,55.775962],[9.421018,55.77597],[9.420777,55.775977],[9.42058,55.775987],[9.420394,55.775995],[9.420179,55.776003],[9.419934,55.776013],[9.419731,55.776021],[9.419524,55.776029],[9.419174,55.776043],[9.418943,55.776052],[9.418716,55.776062],[9.418475,55.776069],[9.418233,55.77608],[9.418018,55.77609],[9.417846,55.776097],[9.417647,55.776103],[9.417501,55.776108],[9.417359,55.776114],[9.417155,55.776123],[9.416988,55.77613],[9.416841,55.776137],[9.416798,55.776139],[9.416543,55.77615],[9.416101,55.776163],[9.415669,55.776177],[9.415342,55.776191],[9.414976,55.776204],[9.4147,55.776217],[9.414491,55.776219],[9.413651,55.776252],[9.413472,55.776259],[9.412847,55.776286],[9.412715,55.776292],[9.41182,55.776324],[9.410978,55.776353],[9.409985,55.776386],[9.409839,55.776392],[9.408725,55.776435],[9.407953,55.776462],[9.407274,55.776487],[9.407044,55.776495],[9.406703,55.776507],[9.406146,55.776526],[9.405878,55.776536],[9.405631,55.776559],[9.405522,55.776574],[9.405426,55.776593],[9.405256,55.776637],[9.404916,55.776748],[9.404344,55.776952],[9.403989,55.777079],[9.403716,55.777173],[9.40332,55.777312],[9.402889,55.77747],[9.402156,55.777727],[9.40204,55.777773],[9.401999,55.777787],[9.401926,55.777802],[9.401836,55.777814],[9.400884,55.777914],[9.400024,55.778006],[9.399306,55.778077],[9.399015,55.778099],[9.398876,55.778101],[9.398736,55.778091],[9.39863,55.778077],[9.398405,55.778027],[9.398057,55.777938],[9.39775,55.777856],[9.397517,55.777806],[9.397273,55.777755],[9.396873,55.777691],[9.396609,55.777639],[9.396548,55.777626],[9.396474,55.777614],[9.396362,55.777595],[9.396333,55.777591],[9.39622,55.777584],[9.396178,55.777584],[9.396157,55.777583],[9.396077,55.77759],[9.396002,55.777603],[9.395943,55.777619],[9.395884,55.777646],[9.395793,55.777708],[9.395621,55.777846],[9.395401,55.778025],[9.395245,55.778155],[9.395133,55.778239],[9.395039,55.7783],[9.395004,55.778321],[9.394905,55.778369],[9.394825,55.778404],[9.394783,55.77842],[9.394655,55.778466],[9.394543,55.778498],[9.394421,55.778526],[9.394231,55.778559],[9.394149,55.77857],[9.393935,55.778599],[9.393637,55.778631],[9.393133,55.778686],[9.392979,55.778704],[9.3925,55.778754],[9.392007,55.778806],[9.391867,55.77882],[9.391762,55.778832],[9.391286,55.778878],[9.390839,55.778922],[9.390182,55.778984],[9.389954,55.779005],[9.389581,55.779035],[9.389155,55.77907],[9.388563,55.779119],[9.38836,55.779136],[9.387927,55.779174],[9.387386,55.779221],[9.386845,55.779272],[9.386209,55.779334],[9.385717,55.779385],[9.385333,55.779427],[9.384988,55.77947],[9.384512,55.779544],[9.383949,55.779638],[9.383543,55.779703],[9.383435,55.779718],[9.383183,55.779747],[9.382894,55.779772],[9.382642,55.779791],[9.3826,55.779795],[9.38247,55.779805],[9.382375,55.779812],[9.382072,55.779836],[9.381748,55.779857],[9.381506,55.779876],[9.381255,55.77989],[9.380906,55.779904],[9.38067,55.77991],[9.380461,55.77991],[9.38042,55.77991],[9.380139,55.779893],[9.379893,55.779875],[9.379639,55.779874],[9.379426,55.779887],[9.379137,55.779916],[9.378827,55.779949],[9.378798,55.779953],[9.378721,55.779961],[9.378146,55.780025],[9.377762,55.780068],[9.377672,55.780078],[9.377214,55.780139],[9.37694,55.780175],[9.376597,55.780219],[9.376341,55.780253],[9.375946,55.780305],[9.375765,55.780327],[9.375634,55.780347],[9.375522,55.780361],[9.375453,55.780404],[9.375341,55.780463],[9.375234,55.780511],[9.375163,55.780546],[9.375116,55.78057],[9.374908,55.78068],[9.374798,55.780753],[9.374704,55.780821],[9.374682,55.780838],[9.374521,55.780967],[9.374378,55.781101],[9.374211,55.781255],[9.374051,55.781403],[9.373902,55.781539],[9.373766,55.781662],[9.373253,55.78212],[9.37312,55.782243],[9.372994,55.782362],[9.372842,55.782507],[9.372695,55.782661],[9.372462,55.78291],[9.372418,55.782957],[9.372302,55.78308],[9.372169,55.78322],[9.371969,55.783415],[9.371744,55.783632],[9.37149,55.783874],[9.371314,55.784061],[9.371254,55.784133],[9.371192,55.784218],[9.371122,55.784322],[9.371076,55.784408],[9.371031,55.784508],[9.371002,55.784594],[9.370998,55.78462],[9.370981,55.784709],[9.370976,55.784803],[9.370972,55.784946],[9.370971,55.785084],[9.370965,55.785163],[9.370957,55.785221],[9.370936,55.785342],[9.370897,55.785494],[9.370844,55.785651],[9.370797,55.785771],[9.370658,55.786051],[9.370545,55.786256],[9.370471,55.786384],[9.370433,55.78646],[9.370407,55.786523],[9.370396,55.786566],[9.370395,55.786572],[9.370387,55.786613],[9.37038,55.786669],[9.370381,55.786796],[9.370394,55.786894],[9.370417,55.78702],[9.370444,55.787121],[9.370477,55.787219],[9.370521,55.787328],[9.370585,55.78745],[9.370662,55.787578],[9.370754,55.787721],[9.370881,55.7879],[9.370971,55.788044],[9.370997,55.78808],[9.371042,55.788144],[9.371173,55.788317],[9.371266,55.788435],[9.371436,55.788645],[9.371576,55.788811],[9.371744,55.789016],[9.371851,55.789161],[9.371935,55.78929],[9.371964,55.789334],[9.372109,55.78958],[9.372269,55.789894],[9.372415,55.790216],[9.37265,55.790755],[9.372889,55.791293],[9.373052,55.791649],[9.373202,55.791987],[9.373358,55.792363],[9.373485,55.792703],[9.373605,55.793019],[9.373722,55.793313],[9.373923,55.793745],[9.374034,55.794004],[9.374053,55.794076],[9.374063,55.794112],[9.37407,55.794239],[9.374067,55.794334],[9.374056,55.794432],[9.37402,55.794614],[9.373962,55.794891],[9.3739,55.795213],[9.373867,55.795375],[9.373848,55.795469],[9.373823,55.795594],[9.373785,55.795771],[9.373729,55.796021],[9.373684,55.796249],[9.373628,55.796511],[9.373583,55.796718],[9.37354,55.796938],[9.373491,55.79715],[9.373451,55.797351],[9.373436,55.797421],[9.373417,55.797505],[9.373385,55.797675],[9.37335,55.797842],[9.373292,55.798084],[9.373264,55.79821],[9.37324,55.798322],[9.373232,55.798389],[9.373238,55.798485],[9.373255,55.798563],[9.373259,55.79858],[9.373286,55.798659],[9.373329,55.798737],[9.373387,55.798812],[9.37344,55.798869],[9.373528,55.798948],[9.373648,55.799041],[9.373753,55.799113],[9.37378,55.799129],[9.373618,55.799212],[9.373426,55.799297],[9.373182,55.799402],[9.373053,55.799461],[9.372861,55.799549],[9.372682,55.799627],[9.372285,55.799805],[9.372229,55.799833],[9.372039,55.799927],[9.371743,55.800071],[9.371467,55.80023],[9.371228,55.80036],[9.371004,55.800473],[9.371061,55.80051],[9.371091,55.800529],[9.371223,55.800611],[9.371339,55.800697],[9.371365,55.800718],[9.37137,55.800727],[9.371375,55.800741],[9.371375,55.800752],[9.371377,55.800764],[9.371373,55.800771],[9.371366,55.80078],[9.371339,55.800799],[9.371309,55.800816],[9.371226,55.800854],[9.371147,55.800888],[9.37112,55.800908],[9.371109,55.800926],[9.371106,55.800934],[9.371114,55.800948],[9.371165,55.801012],[9.371193,55.801039],[9.371226,55.801069],[9.371283,55.801052],[9.371302,55.801046],[9.371313,55.801052],[9.371468,55.801217],[9.371603,55.801343],[9.371759,55.801476],[9.371838,55.80154],[9.371975,55.801639],[9.372043,55.801678],[9.372201,55.801773],[9.372286,55.801812],[9.372306,55.80182],[9.37225,55.801944],[9.372237,55.801993],[9.372217,55.802062],[9.372129,55.802358],[9.372069,55.802572],[9.372032,55.802686],[9.372009,55.802797],[9.371958,55.803028],[9.371933,55.803136],[9.37189,55.80335],[9.371865,55.803512],[9.37185,55.80364],[9.371811,55.80391],[9.371781,55.804174],[9.371679,55.805044],[9.371663,55.805146],[9.371627,55.805235],[9.371593,55.80531],[9.371557,55.805389],[9.371515,55.805462],[9.371447,55.80556],[9.371375,55.805647],[9.371277,55.805758],[9.371144,55.805915],[9.370987,55.806097],[9.370826,55.806273],[9.370665,55.806458],[9.370516,55.80665],[9.370397,55.806812],[9.370311,55.806953],[9.370244,55.807077],[9.370231,55.807108],[9.370191,55.807198],[9.3701,55.807395],[9.370009,55.807572],[9.369907,55.807755],[9.369748,55.808007],[9.369601,55.808225],[9.369402,55.80854],[9.369293,55.808702],[9.369192,55.808867],[9.369105,55.809026],[9.368994,55.809253],[9.368916,55.809458],[9.368816,55.809752],[9.368726,55.810034],[9.368659,55.810208],[9.368592,55.810369],[9.368542,55.810497],[9.368468,55.810651],[9.36844,55.810718],[9.36835,55.810969],[9.36833,55.811017],[9.368299,55.811068],[9.368262,55.811122],[9.368203,55.811188],[9.368111,55.811281],[9.368098,55.811293],[9.36799,55.811386],[9.367706,55.811635],[9.367439,55.81188],[9.367156,55.812154],[9.366928,55.812378],[9.366907,55.812409],[9.366851,55.81248],[9.36682,55.812508],[9.366738,55.812603],[9.366575,55.812819],[9.366318,55.813134],[9.366057,55.813435],[9.365935,55.813562],[9.365408,55.814124],[9.365275,55.814265],[9.365036,55.814509],[9.364826,55.814709],[9.364733,55.814792],[9.364584,55.814925],[9.364345,55.815113],[9.364138,55.815286],[9.364038,55.815379],[9.363898,55.815514],[9.363716,55.815686],[9.363538,55.815848],[9.363308,55.816051],[9.363077,55.816226],[9.362739,55.816487],[9.362393,55.816756],[9.362267,55.816865],[9.362171,55.816954],[9.36206,55.817065],[9.361876,55.817263],[9.361729,55.817447],[9.361652,55.817561],[9.361552,55.817739],[9.361493,55.817859],[9.361459,55.817929],[9.361363,55.818149],[9.361293,55.818326],[9.361265,55.818428],[9.361244,55.81854],[9.361221,55.81877],[9.361212,55.818985],[9.36122,55.819053],[9.36122,55.819137],[9.361231,55.819293],[9.361252,55.819556],[9.361251,55.81985],[9.361247,55.81994],[9.361229,55.82011],[9.361218,55.820189],[9.361184,55.820334],[9.36116,55.820406],[9.361144,55.820454],[9.361136,55.820478],[9.361124,55.820511],[9.361106,55.820535],[9.361114,55.820543],[9.36112,55.820553],[9.361142,55.820585],[9.361156,55.820613],[9.361166,55.820643],[9.361177,55.820684],[9.361188,55.820748],[9.361295,55.82144],[9.361348,55.821734],[9.361417,55.822083],[9.361425,55.82213],[9.361433,55.82217],[9.361438,55.822198],[9.361503,55.822545],[9.36157,55.82287],[9.361631,55.823185],[9.361701,55.823517],[9.361781,55.823983],[9.361785,55.824007],[9.361845,55.824301],[9.361878,55.824432],[9.361923,55.824598],[9.361984,55.824788],[9.362051,55.824985],[9.362108,55.825176],[9.362177,55.825546],[9.362184,55.825595],[9.362195,55.825774],[9.362198,55.825842],[9.362202,55.825905],[9.362205,55.825939],[9.362207,55.825975],[9.362222,55.826092],[9.362232,55.826155],[9.362243,55.826209],[9.362256,55.826253],[9.362262,55.826272],[9.362278,55.826314],[9.362306,55.826372],[9.362318,55.826397],[9.362335,55.82643],[9.362398,55.826538],[9.362469,55.826654],[9.362502,55.826709],[9.362559,55.82681],[9.362619,55.826921],[9.362667,55.827019],[9.362709,55.827127],[9.362742,55.827212],[9.36276,55.827284],[9.362774,55.827344],[9.362792,55.827482],[9.362802,55.827604],[9.362809,55.827765],[9.362815,55.827884],[9.362816,55.827929],[9.362815,55.828056],[9.362815,55.828122],[9.36281,55.828175],[9.362799,55.828228],[9.362782,55.828286],[9.362776,55.828304],[9.362753,55.82836],[9.362724,55.828417],[9.362683,55.828474],[9.362619,55.828551],[9.362558,55.828615],[9.36251,55.828662],[9.36248,55.82869],[9.362403,55.828765],[9.362313,55.828853],[9.362235,55.828929],[9.362213,55.828952],[9.362187,55.828979],[9.36212,55.829048],[9.362064,55.829108],[9.362054,55.829119],[9.362025,55.829154],[9.362014,55.829168],[9.361976,55.829217],[9.361963,55.829234],[9.361952,55.829249],[9.361925,55.829288],[9.361887,55.829356],[9.361854,55.829434],[9.361845,55.829454],[9.361834,55.829489],[9.361828,55.829507],[9.361808,55.829577],[9.361779,55.829723],[9.361768,55.82978],[9.361743,55.829918],[9.361704,55.830096],[9.361676,55.830233],[9.361656,55.830314],[9.361641,55.830375],[9.361596,55.830547],[9.361581,55.830589],[9.361526,55.830768],[9.361481,55.830896],[9.361443,55.831005],[9.361423,55.831059],[9.361396,55.83116],[9.361373,55.831256],[9.361359,55.831327],[9.361341,55.831446],[9.361337,55.831491],[9.361326,55.831605],[9.361323,55.831646],[9.36132,55.831785],[9.361314,55.831919],[9.361315,55.832032],[9.361317,55.832089],[9.36132,55.832139],[9.361324,55.83219],[9.361334,55.832265],[9.36135,55.832344],[9.361377,55.83245],[9.361404,55.832539],[9.361453,55.832675],[9.361487,55.832757],[9.361513,55.832815],[9.361583,55.832961],[9.361629,55.833056],[9.36165,55.833099],[9.361708,55.83321],[9.361759,55.83331],[9.361803,55.833397],[9.36182,55.833432],[9.361867,55.833531],[9.361916,55.833625],[9.361934,55.833658],[9.361991,55.833766],[9.362046,55.833859],[9.362075,55.833903],[9.362162,55.834034],[9.36218,55.834058],[9.362238,55.834134],[9.362323,55.834239],[9.362423,55.83435],[9.362448,55.834376],[9.362506,55.834434],[9.362579,55.834504],[9.36267,55.834587],[9.362793,55.834697],[9.362878,55.834771],[9.362918,55.834806],[9.363028,55.834906],[9.363133,55.834992],[9.363244,55.835085],[9.363353,55.835179],[9.363536,55.83533],[9.363594,55.835377],[9.363607,55.835388],[9.363844,55.835593],[9.363984,55.835715],[9.364274,55.835967],[9.364288,55.835979],[9.36431,55.836002],[9.364379,55.836074],[9.364424,55.836126],[9.364445,55.836152],[9.364497,55.836222],[9.364523,55.836266],[9.364542,55.836298],[9.364583,55.836382],[9.364611,55.83645],[9.364641,55.836544],[9.364645,55.836558],[9.364649,55.836581],[9.364662,55.836664],[9.364668,55.836746],[9.364668,55.836776],[9.364663,55.836839],[9.364659,55.836868],[9.364645,55.836949],[9.364629,55.837009],[9.364628,55.837014],[9.364613,55.837057],[9.364599,55.837104],[9.364578,55.837164],[9.364565,55.8372],[9.364531,55.837288],[9.364499,55.837374],[9.364491,55.837392],[9.364474,55.837438],[9.364465,55.837468],[9.364452,55.837503],[9.364419,55.837595],[9.364386,55.837682],[9.364361,55.837748],[9.364338,55.837802],[9.364311,55.837868],[9.3643,55.837887],[9.364276,55.837931],[9.364255,55.83797],[9.364227,55.838019],[9.364213,55.838042],[9.36418,55.8381],[9.364118,55.838201],[9.364086,55.838254],[9.364022,55.838359],[9.363962,55.838459],[9.363944,55.838487],[9.363874,55.838602],[9.363824,55.838685],[9.363766,55.838781],[9.363668,55.838948],[9.363629,55.839021],[9.363593,55.839088],[9.36356,55.839161],[9.36353,55.839233],[9.363499,55.839311],[9.363473,55.839393],[9.363452,55.839458],[9.363439,55.83951],[9.363426,55.839573],[9.363415,55.839635],[9.363408,55.839683],[9.363401,55.839736],[9.363394,55.839783],[9.36339,55.839828],[9.363387,55.839878],[9.363387,55.839925],[9.363388,55.839981],[9.363391,55.840048],[9.363397,55.840112],[9.363403,55.840172],[9.363414,55.840252],[9.363426,55.840335],[9.363432,55.840402],[9.363437,55.840443],[9.363439,55.840485],[9.363439,55.840537],[9.363436,55.840582],[9.363432,55.840623],[9.363427,55.840646],[9.363422,55.840671],[9.363415,55.840703],[9.363408,55.840727],[9.363395,55.840766],[9.363385,55.840798],[9.36337,55.840837],[9.363356,55.840874],[9.363336,55.84093],[9.363315,55.840974],[9.363298,55.841006],[9.363237,55.841135],[9.363144,55.841328],[9.36306,55.84149],[9.363005,55.841599],[9.362951,55.841712],[9.362931,55.841755],[9.362913,55.841791],[9.362898,55.841824],[9.362849,55.84192],[9.362807,55.842007],[9.362779,55.842062],[9.362748,55.842125],[9.362701,55.842224],[9.362653,55.842327],[9.362567,55.84251],[9.362532,55.842579],[9.36248,55.842694],[9.362418,55.842827],[9.36241,55.842844],[9.362335,55.842995],[9.362279,55.843107],[9.362225,55.843201],[9.362166,55.843306],[9.362111,55.843404],[9.362057,55.843498],[9.362024,55.843558],[9.361961,55.843667],[9.361906,55.84377],[9.361849,55.843881],[9.361817,55.843948],[9.361774,55.844042],[9.361734,55.844135],[9.361701,55.844227],[9.361677,55.844294],[9.361652,55.844372],[9.361618,55.844482],[9.361587,55.844595],[9.361559,55.84469],[9.361539,55.844777],[9.361513,55.84489],[9.361493,55.844994],[9.361481,55.845077],[9.361474,55.845139],[9.361467,55.845205],[9.361465,55.845266],[9.361464,55.845306],[9.361465,55.845334],[9.361468,55.845374],[9.361472,55.845408],[9.361478,55.845448],[9.361484,55.845495],[9.361492,55.845534],[9.361503,55.845582],[9.361513,55.845627],[9.361531,55.845694],[9.361551,55.845762],[9.361568,55.845819],[9.361586,55.845872],[9.361611,55.845941],[9.361642,55.846022],[9.361671,55.846095],[9.361713,55.84619],[9.36176,55.846297],[9.36177,55.846319],[9.36181,55.846409],[9.361854,55.846508],[9.361884,55.846581],[9.361899,55.846619],[9.361912,55.846653],[9.361942,55.846731],[9.361961,55.846795],[9.361974,55.846856],[9.361983,55.846915],[9.361989,55.846971],[9.361988,55.847026],[9.361986,55.847069],[9.361979,55.847134],[9.361967,55.847207],[9.361961,55.847233],[9.361945,55.8473],[9.361937,55.847332],[9.361902,55.847466],[9.361881,55.847545],[9.361866,55.847603],[9.36184,55.847716],[9.361827,55.847799],[9.361822,55.847827],[9.361811,55.84791],[9.361806,55.847965],[9.361803,55.848029],[9.361803,55.848047],[9.361804,55.848093],[9.361805,55.848116],[9.361809,55.848163],[9.361817,55.848216],[9.361825,55.848266],[9.361839,55.848321],[9.361856,55.848383],[9.361863,55.848411],[9.361867,55.848425],[9.361888,55.848493],[9.361912,55.848558],[9.361923,55.848585],[9.361961,55.84868],[9.362012,55.848794],[9.362029,55.848832],[9.362107,55.848993],[9.362208,55.849202],[9.362249,55.849286],[9.362338,55.849473],[9.362407,55.849627],[9.362494,55.849831],[9.362539,55.849949],[9.362591,55.850085],[9.362645,55.850235],[9.362769,55.850561],[9.362801,55.850653],[9.362854,55.850816],[9.362913,55.850981],[9.362982,55.851179],[9.363006,55.851245],[9.36308,55.851444],[9.363143,55.851592],[9.363188,55.851732],[9.363222,55.85182],[9.363247,55.85189],[9.363291,55.852019],[9.363308,55.852079],[9.363311,55.852091],[9.363317,55.852126],[9.36332,55.852142],[9.363323,55.852164],[9.363328,55.852215],[9.363331,55.852263],[9.363331,55.852353],[9.363329,55.852456],[9.363321,55.852613],[9.363315,55.852765],[9.363312,55.852829],[9.36331,55.852905],[9.363308,55.852988],[9.363302,55.853181],[9.363295,55.853364],[9.363292,55.853427],[9.36329,55.853475],[9.363286,55.853562],[9.363285,55.853701],[9.363278,55.853861],[9.363277,55.853922],[9.363277,55.853934],[9.363269,55.8541],[9.363265,55.854186],[9.363264,55.854255],[9.363263,55.854356],[9.363259,55.854471],[9.363255,55.854567],[9.363253,55.854646],[9.363248,55.854828],[9.363242,55.854988],[9.363235,55.855161],[9.363223,55.855464],[9.363218,55.855569],[9.363209,55.855758],[9.36319,55.856099],[9.363182,55.856298],[9.363185,55.856609],[9.363186,55.856634],[9.363192,55.856838],[9.363193,55.856881],[9.363194,55.856906],[9.36323,55.857155],[9.363234,55.857176],[9.363256,55.857304],[9.363269,55.857375],[9.363304,55.857627],[9.363307,55.857649],[9.363388,55.858303],[9.363425,55.858585],[9.363458,55.85885],[9.363491,55.85915],[9.363495,55.859185],[9.363514,55.859348],[9.363542,55.859536],[9.363548,55.859575],[9.363561,55.859657],[9.36358,55.859779],[9.363621,55.860069],[9.363635,55.860183],[9.36369,55.860595],[9.363704,55.860711],[9.363734,55.860946],[9.363739,55.860984],[9.363749,55.86107],[9.363781,55.86129],[9.363796,55.861374],[9.36382,55.861483],[9.363835,55.861552],[9.363849,55.861601],[9.363898,55.861757],[9.363912,55.861802],[9.363921,55.861831],[9.363992,55.862066],[9.364096,55.86241],[9.364123,55.8625],[9.364243,55.862895],[9.364329,55.863169],[9.364456,55.863549],[9.364497,55.863651],[9.364562,55.863804],[9.364621,55.863936],[9.364665,55.864042],[9.364733,55.86419],[9.364767,55.864259],[9.364796,55.864329],[9.364831,55.864424],[9.364859,55.864505],[9.36488,55.864581],[9.364895,55.864651],[9.364907,55.864758],[9.364909,55.864785],[9.364904,55.865216],[9.364903,55.865252],[9.364896,55.865962],[9.364893,55.866186],[9.364885,55.866407],[9.364896,55.866514],[9.364898,55.866564],[9.364903,55.866632],[9.364911,55.866689],[9.364925,55.866757],[9.364969,55.866928],[9.365015,55.867068],[9.365107,55.867293],[9.365175,55.867416],[9.365193,55.867447],[9.365343,55.867699],[9.365359,55.867746],[9.365512,55.867715],[9.365627,55.86769],[9.365938,55.867634],[9.366206,55.867588],[9.366313,55.867572],[9.366425,55.867557],[9.366516,55.86755],[9.366625,55.867545],[9.366846,55.867537],[9.367001,55.867533],[9.367056,55.868334],[9.367051,55.868392],[9.367036,55.868441],[9.367014,55.868483],[9.366974,55.86853],[9.366936,55.868566],[9.366872,55.868618],[9.366794,55.868665],[9.366712,55.868709],[9.366274,55.868921],[9.36617,55.868975],[9.366128,55.869],[9.366022,55.869069],[9.365916,55.86915],[9.365821,55.869249],[9.365724,55.869389],[9.365691,55.869483],[9.365674,55.869646],[9.365682,55.869713],[9.365696,55.869764],[9.365817,55.870117],[9.365852,55.870205],[9.365933,55.870373],[9.365951,55.87041],[9.366076,55.870649],[9.366157,55.870786],[9.366192,55.870852],[9.366212,55.870894],[9.366224,55.870923],[9.366238,55.870967],[9.366248,55.871007],[9.366258,55.871069],[9.366263,55.871117],[9.366269,55.871218],[9.366273,55.871429],[9.366283,55.871528],[9.366289,55.871579],[9.366299,55.871643],[9.366326,55.87176],[9.366338,55.871812],[9.366354,55.871868],[9.366428,55.872127],[9.366469,55.872264],[9.366475,55.872283],[9.366505,55.872385],[9.366549,55.872533],[9.366592,55.872673],[9.366664,55.872928],[9.366669,55.872948],[9.366713,55.873111],[9.366738,55.873218],[9.366764,55.87334],[9.366776,55.873408],[9.366787,55.873471],[9.366806,55.873583],[9.366817,55.873677],[9.366832,55.873815],[9.366843,55.873915],[9.366855,55.874029],[9.366865,55.874139],[9.36687,55.874247],[9.366872,55.874351],[9.36687,55.874471],[9.366864,55.874572],[9.366853,55.874667],[9.366839,55.874748],[9.366807,55.874879],[9.366776,55.874979],[9.366741,55.875078],[9.366716,55.875135],[9.366683,55.87521],[9.366634,55.875316],[9.366605,55.875379],[9.366578,55.875443],[9.366562,55.875488],[9.366551,55.875533],[9.366544,55.875583],[9.366543,55.875627],[9.366533,55.875659],[9.36652,55.875683],[9.36655,55.875701],[9.366575,55.875718],[9.366609,55.875739],[9.366648,55.875766],[9.366729,55.875826],[9.366915,55.875947],[9.367056,55.876038],[9.367185,55.876123],[9.367328,55.876213],[9.367407,55.876264],[9.367512,55.876337],[9.367626,55.876416],[9.367664,55.876443],[9.367714,55.876482],[9.36778,55.876533],[9.368673,55.877255],[9.368704,55.877279],[9.368971,55.877494],[9.369137,55.877623],[9.369161,55.877642],[9.369305,55.877755],[9.369466,55.877879],[9.369631,55.878005],[9.369736,55.878083],[9.369861,55.878179],[9.370017,55.878297],[9.370166,55.878413],[9.370364,55.878567],[9.370432,55.87862],[9.370534,55.8787],[9.370626,55.87877],[9.370737,55.878854],[9.370868,55.878949],[9.37104,55.879077],[9.371306,55.879275],[9.371376,55.879334],[9.371438,55.879391],[9.371512,55.87947],[9.371574,55.879544],[9.371633,55.879623],[9.371692,55.879708],[9.371751,55.879796],[9.371825,55.879915],[9.371898,55.880029],[9.371968,55.880141],[9.372055,55.880277],[9.37211,55.88036],[9.372167,55.880445],[9.372275,55.88061],[9.372387,55.880779],[9.372451,55.880878],[9.3725,55.880954],[9.37257,55.881059],[9.372695,55.881245],[9.372769,55.881362],[9.372863,55.881516],[9.37289,55.881576],[9.372926,55.881657],[9.372982,55.881815],[9.373039,55.882],[9.373087,55.882168],[9.373149,55.882376],[9.373202,55.882556],[9.373237,55.882684],[9.373284,55.882839],[9.373322,55.882976],[9.373353,55.883082],[9.373391,55.883225],[9.373415,55.883317],[9.373433,55.883383],[9.373463,55.883483],[9.373481,55.883532],[9.373502,55.883574],[9.37352,55.883607],[9.373545,55.883638],[9.373556,55.883651],[9.373589,55.883682],[9.373621,55.88371],[9.373641,55.883725],[9.373688,55.883756],[9.373734,55.88379],[9.373748,55.883801],[9.373798,55.883841],[9.37383,55.883869],[9.373856,55.883898],[9.373892,55.883955],[9.373919,55.88401],[9.373941,55.884068],[9.373969,55.88416],[9.373998,55.884279],[9.37402,55.884366],[9.374039,55.884449],[9.374059,55.884532],[9.374071,55.884583],[9.374075,55.884605],[9.374091,55.884647],[9.374115,55.884698],[9.37414,55.884734],[9.374168,55.884768],[9.374182,55.884781],[9.374226,55.884815],[9.374271,55.884841],[9.374334,55.88487],[9.374363,55.884882],[9.374455,55.884919],[9.374567,55.884959],[9.374705,55.885007],[9.374832,55.885053],[9.374947,55.885093],[9.375075,55.885136],[9.37535,55.885236],[9.37552,55.885299],[9.375639,55.885341],[9.375734,55.885377],[9.375847,55.885419],[9.375954,55.885459],[9.376092,55.885508],[9.376186,55.885542],[9.37631,55.885588],[9.376455,55.885642],[9.376585,55.88569],[9.376716,55.885738],[9.376847,55.885783],[9.376977,55.885829],[9.377116,55.88588],[9.377269,55.885937],[9.377379,55.885978],[9.377496,55.88602],[9.377633,55.886069],[9.377754,55.886114],[9.377891,55.886161],[9.377903,55.886165],[9.378076,55.886227],[9.378144,55.886251],[9.378262,55.886292],[9.378357,55.886325],[9.378453,55.88636],[9.378564,55.8864],[9.378669,55.886438],[9.37877,55.886474],[9.378861,55.886505],[9.378995,55.886552],[9.379118,55.886595],[9.379261,55.886643],[9.379406,55.886695],[9.379534,55.886738],[9.379696,55.886795],[9.379853,55.886848],[9.379973,55.886889],[9.380076,55.886925],[9.380186,55.886962],[9.380275,55.886993],[9.38038,55.887028],[9.380527,55.887081],[9.380651,55.887127],[9.380777,55.887174],[9.380959,55.887248],[9.381049,55.887286],[9.381199,55.887345],[9.381333,55.8874],[9.381458,55.887449],[9.381644,55.887517],[9.381792,55.887566],[9.381906,55.887601],[9.382019,55.887631],[9.382116,55.887655],[9.382223,55.887679],[9.382385,55.887713],[9.382531,55.887744],[9.382748,55.887791],[9.382867,55.887818],[9.383073,55.887862],[9.383228,55.887898],[9.383401,55.88794],[9.383477,55.887966],[9.383555,55.887991],[9.38368,55.888042],[9.383707,55.888052],[9.383845,55.888112],[9.383986,55.888173],[9.384187,55.888263],[9.384269,55.888301],[9.384313,55.888323],[9.384466,55.888393],[9.384597,55.888455],[9.38474,55.888523],[9.384787,55.888543],[9.384878,55.888582],[9.384899,55.888589],[9.384931,55.888604],[9.385018,55.888654],[9.385059,55.888718],[9.385076,55.888741],[9.385148,55.888828],[9.385204,55.888894],[9.385312,55.889029],[9.385421,55.889165],[9.385531,55.889306],[9.385648,55.889458],[9.38576,55.889594],[9.385867,55.889729],[9.385967,55.889855],[9.386076,55.889992],[9.386197,55.890147],[9.386294,55.890274],[9.386391,55.890399],[9.386456,55.890488],[9.386524,55.890585],[9.386588,55.890694],[9.386645,55.890794],[9.386654,55.890813],[9.386705,55.89091],[9.386688,55.890988],[9.386668,55.891031],[9.386656,55.891073],[9.386642,55.891116],[9.386606,55.891162],[9.386554,55.891253],[9.3864,55.891439],[9.386265,55.891594],[9.386108,55.891782],[9.386002,55.891918],[9.385872,55.892089],[9.385797,55.892207],[9.385701,55.892376],[9.385619,55.892523],[9.385487,55.89278],[9.385396,55.892964],[9.385266,55.89325],[9.385223,55.893337],[9.38518,55.893423],[9.385156,55.893494],[9.385062,55.893741],[9.385034,55.893827],[9.38502,55.893885],[9.385007,55.893982],[9.384998,55.894107],[9.384996,55.894308],[9.384997,55.894502],[9.385007,55.894824],[9.385007,55.895009],[9.385012,55.895321],[9.38502,55.895589],[9.385034,55.895882],[9.385053,55.896143],[9.385062,55.896427],[9.385062,55.896436],[9.385057,55.896526],[9.385058,55.896587],[9.385057,55.896614],[9.385052,55.896698],[9.385049,55.896937],[9.385052,55.897187],[9.38506,55.897387],[9.385072,55.897604],[9.385095,55.897759],[9.38512,55.897867],[9.385194,55.898107],[9.385269,55.898343],[9.385332,55.898539],[9.385397,55.898784],[9.385476,55.899056],[9.385553,55.899306],[9.385616,55.899521],[9.385701,55.899773],[9.385754,55.899936],[9.385769,55.899983],[9.385785,55.900034],[9.385822,55.900156],[9.385862,55.900292],[9.385951,55.900508],[9.385977,55.90055],[9.38599,55.900571],[9.386004,55.900595],[9.386037,55.900649],[9.386063,55.900712],[9.386099,55.900801],[9.386115,55.900842],[9.386125,55.900876],[9.386133,55.900913],[9.386139,55.900954],[9.386147,55.901126],[9.386147,55.901323],[9.386142,55.901464],[9.386142,55.901549],[9.386139,55.901731],[9.386125,55.901925],[9.38612,55.902134],[9.386114,55.902314],[9.386103,55.902523],[9.386096,55.90265],[9.38608,55.902859],[9.386071,55.903014],[9.386075,55.903098],[9.386083,55.903164],[9.386112,55.90328],[9.386155,55.903431],[9.386196,55.90355],[9.386227,55.903617],[9.386272,55.903701],[9.386375,55.903865],[9.386475,55.904023],[9.386588,55.904197],[9.386689,55.904362],[9.386799,55.904544],[9.386877,55.904688],[9.386955,55.904791],[9.387079,55.904916],[9.387107,55.904945],[9.387139,55.904972],[9.387173,55.904996],[9.387217,55.905025],[9.387305,55.905089],[9.387446,55.905116],[9.387655,55.905185],[9.387884,55.905263],[9.388119,55.905348],[9.388383,55.905439],[9.388581,55.905507],[9.38879,55.905581],[9.389058,55.905662],[9.389324,55.90575],[9.389594,55.905843],[9.38984,55.905927],[9.39019,55.906034],[9.390411,55.906113],[9.390549,55.906157],[9.390768,55.906226],[9.390957,55.906288],[9.391158,55.906351],[9.391351,55.906414],[9.391536,55.906475],[9.391712,55.906536],[9.39191,55.906603],[9.392102,55.906669],[9.392291,55.906733],[9.392432,55.906778],[9.3925,55.9068],[9.392592,55.906829],[9.392685,55.906859],[9.39289,55.906925],[9.393071,55.906982],[9.393254,55.907037],[9.393403,55.907087],[9.393561,55.907136],[9.393691,55.907177],[9.393745,55.907198],[9.393819,55.907229],[9.39392,55.907281],[9.393977,55.907306],[9.394052,55.907337],[9.394121,55.907364],[9.394192,55.907387],[9.394261,55.907407],[9.394316,55.907421],[9.394378,55.907433],[9.394466,55.907448],[9.39456,55.90746],[9.394719,55.907478],[9.394994,55.907513],[9.395238,55.907543],[9.39553,55.907585],[9.395707,55.907616],[9.395784,55.907629],[9.395959,55.907657],[9.395981,55.90766],[9.396264,55.907702],[9.396456,55.907728],[9.396564,55.907743],[9.396689,55.907772],[9.396814,55.907805],[9.396952,55.907874],[9.397051,55.907935],[9.397155,55.908],[9.397263,55.908071],[9.39747,55.908209],[9.397684,55.90835],[9.397862,55.908471],[9.398105,55.90864],[9.39827,55.908757],[9.398462,55.90889],[9.398609,55.908995],[9.398764,55.909115],[9.398909,55.909232],[9.39905,55.909354],[9.399163,55.909462],[9.399277,55.909571],[9.399354,55.90965],[9.399412,55.909716],[9.399464,55.90978],[9.399573,55.909971],[9.399661,55.910148],[9.399761,55.910308],[9.399831,55.910422],[9.399902,55.910518],[9.4,55.910656],[9.400117,55.91082],[9.400188,55.910926],[9.400306,55.91112],[9.400319,55.911143],[9.400378,55.911247],[9.400448,55.911354],[9.400533,55.911455],[9.400641,55.911571],[9.400706,55.911648],[9.40079,55.911773],[9.400835,55.911845],[9.400871,55.911926],[9.400895,55.912025],[9.400917,55.912115],[9.400926,55.912154],[9.400954,55.912267],[9.401018,55.912521],[9.401097,55.912766],[9.401209,55.913062],[9.401375,55.913512],[9.401463,55.913744],[9.401473,55.91377],[9.401515,55.913881],[9.401589,55.914084],[9.401645,55.914239],[9.401803,55.91464],[9.402029,55.915198],[9.402132,55.915475],[9.402285,55.915871],[9.402454,55.916285],[9.402537,55.916471],[9.402599,55.916592],[9.402683,55.916734],[9.402767,55.916845],[9.402835,55.916935],[9.40294,55.917071],[9.403066,55.917239],[9.403208,55.917439],[9.403347,55.91763],[9.403395,55.917703],[9.403415,55.917735],[9.403433,55.917767],[9.403448,55.9178],[9.403461,55.917833],[9.403472,55.917866],[9.403481,55.917899],[9.403487,55.917933],[9.403492,55.917967],[9.403494,55.918],[9.403493,55.918034],[9.403491,55.918068],[9.403486,55.918101],[9.403479,55.918135],[9.40347,55.918168],[9.403458,55.918201],[9.403444,55.918234],[9.403348,55.918447],[9.403283,55.918596],[9.403276,55.918624],[9.40327,55.918648],[9.403267,55.918686],[9.403266,55.91874],[9.403264,55.918778],[9.403258,55.918888],[9.40324,55.91905],[9.40323,55.919155],[9.403223,55.919245],[9.403239,55.919335],[9.403251,55.919394],[9.403338,55.91965],[9.403363,55.919768],[9.403374,55.919819],[9.403388,55.919872],[9.403417,55.919929],[9.403461,55.919999],[9.403487,55.920035],[9.403523,55.920067],[9.403651,55.920174],[9.403785,55.920262],[9.404162,55.920496],[9.404581,55.920767],[9.404766,55.920891],[9.404953,55.921001],[9.404985,55.92102],[9.405264,55.921192],[9.405294,55.921213],[9.405434,55.921314],[9.405645,55.921464],[9.405758,55.921559],[9.405846,55.921651],[9.405875,55.921687],[9.405891,55.921714],[9.405926,55.921776],[9.405968,55.921864],[9.405991,55.921945],[9.406014,55.922027],[9.406038,55.922251],[9.406073,55.922738],[9.406125,55.923164],[9.406151,55.923288],[9.406159,55.923373],[9.406171,55.923512],[9.406173,55.923642],[9.406169,55.92398],[9.406195,55.924232],[9.406251,55.924419],[9.406323,55.924586],[9.406415,55.924753],[9.406699,55.925206],[9.40682,55.925431],[9.406892,55.925536],[9.407104,55.92578],[9.407364,55.926025],[9.407632,55.926295],[9.407823,55.926492],[9.40809,55.926731],[9.408413,55.926958],[9.408641,55.927111],[9.408753,55.927191],[9.408824,55.927259],[9.408929,55.927388],[9.409007,55.927523],[9.409129,55.927731],[9.409188,55.927784],[9.409241,55.927822],[9.409372,55.927887],[9.40922,55.92806],[9.408946,55.928382],[9.408678,55.928722],[9.408661,55.92877],[9.408613,55.928817],[9.408599,55.928837],[9.408495,55.928998],[9.408367,55.929209],[9.408201,55.92951],[9.408026,55.929847],[9.407931,55.930031],[9.407812,55.930238],[9.407684,55.930459],[9.407497,55.930753],[9.407454,55.930819],[9.407403,55.930883],[9.407298,55.930975],[9.407213,55.931055],[9.407192,55.931105],[9.407244,55.931105],[9.407431,55.931102],[9.407548,55.931105],[9.407641,55.931114],[9.407752,55.931123],[9.407659,55.931376],[9.407409,55.932023],[9.407215,55.93254],[9.406816,55.933582],[9.406309,55.93489],[9.406209,55.935166],[9.406187,55.935222],[9.405965,55.935808],[9.405552,55.936893],[9.405274,55.937601],[9.40483,55.938778],[9.404753,55.938982],[9.40459,55.939378],[9.404312,55.940113],[9.403755,55.941595],[9.403696,55.941753],[9.403556,55.942101],[9.403395,55.942542],[9.403252,55.942897],[9.403204,55.942998],[9.403114,55.943242],[9.403019,55.943342],[9.402809,55.943761],[9.402711,55.943966],[9.402696,55.944056],[9.402331,55.944654],[9.40225,55.944834],[9.402215,55.9449],[9.402108,55.945104],[9.402066,55.945183],[9.402048,55.9453],[9.401703,55.94579],[9.401663,55.945847],[9.401275,55.94638],[9.400914,55.946839],[9.400689,55.947088],[9.400174,55.947669],[9.399614,55.948277],[9.399013,55.948922],[9.398557,55.949435],[9.398487,55.949514],[9.398155,55.949925],[9.397891,55.9503],[9.397684,55.9504],[9.39757,55.950504],[9.397235,55.950765],[9.39701,55.950936],[9.396646,55.951221],[9.39637,55.951463],[9.396187,55.951652],[9.395989,55.951875],[9.395786,55.952141],[9.395642,55.952378],[9.395515,55.952601],[9.395311,55.953049],[9.395102,55.953563],[9.394848,55.954189],[9.394513,55.955004],[9.394343,55.955399],[9.394254,55.955596],[9.394243,55.955629],[9.394198,55.955749],[9.394178,55.955805],[9.394031,55.956177],[9.393971,55.956318],[9.393963,55.956337],[9.393892,55.956504],[9.393724,55.956922],[9.39368,55.957015],[9.393493,55.957477],[9.393477,55.957515],[9.39346,55.957553],[9.393334,55.957845],[9.393214,55.958134],[9.393088,55.95843],[9.392961,55.95873],[9.392909,55.958884],[9.39281,55.959127],[9.392769,55.95924],[9.392695,55.959474],[9.392652,55.959686],[9.392612,55.959896],[9.392582,55.960092],[9.392577,55.960306],[9.39258,55.960451],[9.392595,55.960629],[9.392617,55.960772],[9.392645,55.960909],[9.392684,55.961073],[9.392742,55.961265],[9.392822,55.961466],[9.392867,55.961562],[9.392937,55.961708],[9.393077,55.962005],[9.393209,55.962278],[9.393233,55.962328],[9.393284,55.962449],[9.393303,55.962482],[9.393479,55.962844],[9.393729,55.963377],[9.39384,55.96361],[9.393903,55.963751],[9.393951,55.963873],[9.393994,55.963971],[9.394053,55.964104],[9.394095,55.964199],[9.394202,55.964493],[9.394351,55.96487],[9.394467,55.965134],[9.394557,55.965369],[9.394686,55.965687],[9.394721,55.965782],[9.394805,55.966015],[9.394882,55.966204],[9.394912,55.966261],[9.394951,55.966336],[9.395028,55.966441],[9.395064,55.96649],[9.395087,55.966562],[9.395118,55.96661],[9.395274,55.966801],[9.39537,55.966948],[9.395387,55.966973],[9.395413,55.967013],[9.395447,55.967063],[9.395591,55.967281],[9.395664,55.967381],[9.395836,55.96762],[9.395888,55.967689],[9.395982,55.967775],[9.396188,55.967906],[9.395977,55.96803],[9.395926,55.968085],[9.395879,55.968164],[9.395869,55.968194],[9.395859,55.968274],[9.395857,55.968292],[9.395842,55.968371],[9.395776,55.968693],[9.395693,55.969077],[9.395685,55.969111],[9.395657,55.9692],[9.395617,55.969366],[9.395569,55.969579],[9.39553,55.96981],[9.395513,55.969906],[9.395396,55.970565],[9.395229,55.971495],[9.39472,55.974069],[9.394703,55.974154],[9.394667,55.974338],[9.394583,55.974792],[9.394578,55.974823],[9.394417,55.97567],[9.394313,55.976212],[9.394279,55.976383],[9.394257,55.976489],[9.394248,55.976538],[9.394206,55.976752],[9.394132,55.977127],[9.393948,55.977958],[9.393939,55.977997],[9.393911,55.97818],[9.393932,55.97826],[9.393937,55.978329],[9.393929,55.978376],[9.39388,55.978505],[9.393799,55.978725],[9.393703,55.978985],[9.393625,55.979254],[9.393532,55.9796],[9.393485,55.979819],[9.39348,55.979844],[9.393603,55.979849],[9.393558,55.980063],[9.393479,55.980444],[9.393468,55.980504],[9.393372,55.981027],[9.393244,55.981689],[9.393142,55.98222],[9.393054,55.982678],[9.393012,55.982899],[9.392954,55.98317],[9.392887,55.983434],[9.392798,55.983698],[9.392701,55.983954],[9.392588,55.984219],[9.392462,55.984473],[9.392397,55.984594],[9.392324,55.984723],[9.392171,55.98496],[9.391986,55.985233],[9.391807,55.985478],[9.391618,55.98572],[9.391429,55.985954],[9.391225,55.986201],[9.390931,55.986553],[9.390816,55.986516],[9.390668,55.98663],[9.39032,55.987012],[9.390002,55.987358],[9.389644,55.987751],[9.389403,55.988025],[9.389351,55.988092],[9.389606,55.98816],[9.389846,55.988221],[9.389859,55.98823],[9.38987,55.988239],[9.389869,55.98826],[9.389811,55.988485],[9.389744,55.988718],[9.389718,55.989031],[9.389725,55.98936],[9.389744,55.989513],[9.389763,55.989585],[9.389856,55.989939],[9.389848,55.989994],[9.389785,55.990085],[9.389898,55.99015],[9.389946,55.990237],[9.389992,55.990361],[9.390062,55.99055],[9.390228,55.991037],[9.390348,55.991366],[9.390511,55.991831],[9.390622,55.992185],[9.390673,55.992434],[9.39071,55.99253],[9.390891,55.992723],[9.391236,55.993033],[9.391687,55.993438],[9.392079,55.993838],[9.39228,55.994016],[9.392475,55.994153],[9.392605,55.994229],[9.392798,55.994316],[9.393186,55.994488],[9.39336,55.994587],[9.393524,55.994733],[9.393661,55.994894],[9.393833,55.995099],[9.394014,55.99527],[9.394227,55.995402],[9.394466,55.995511],[9.394802,55.99562],[9.395054,55.995685],[9.39536,55.995751],[9.395808,55.995827],[9.396131,55.995878],[9.396612,55.995984],[9.397101,55.996093],[9.397443,55.996135],[9.397799,55.996153],[9.398488,55.996155],[9.399147,55.996165],[9.39965,55.996195],[9.400319,55.996258],[9.400521,55.996289],[9.400775,55.99635],[9.400958,55.996417],[9.401185,55.996517],[9.401424,55.996632],[9.401684,55.996768],[9.401841,55.996861],[9.401956,55.996941],[9.402042,55.997033],[9.402123,55.997143],[9.402226,55.997331],[9.402389,55.997631],[9.402572,55.997951],[9.40276,55.99827],[9.402923,55.998539],[9.403009,55.998694],[9.403232,55.999072],[9.403349,55.999292],[9.403413,55.999403],[9.403837,55.999204],[9.404247,55.999031],[9.404665,55.998874],[9.404994,55.998767],[9.405213,55.998691],[9.405886,55.998471],[9.406808,55.998164],[9.407472,55.997939],[9.407646,55.99788],[9.407869,55.998006],[9.408422,55.998395],[9.408828,55.998679],[9.409218,55.998953],[9.409924,55.999441],[9.410602,55.999911],[9.410957,56.000156],[9.411304,56.000396],[9.411926,56.000827],[9.412792,56.001434],[9.413111,56.001648],[9.413189,56.001703],[9.413266,56.001759],[9.413575,56.00198],[9.416007,56.003665],[9.416594,56.004066],[9.417598,56.00477],[9.417652,56.004803],[9.418736,56.005569],[9.41913,56.005853],[9.419679,56.006239],[9.419945,56.00642],[9.420996,56.007151],[9.421049,56.007187],[9.422209,56.008001],[9.422413,56.008141],[9.422766,56.008389],[9.422989,56.00854],[9.423428,56.008848],[9.424086,56.0093],[9.424621,56.009661],[9.425195,56.010063],[9.425503,56.010274],[9.425924,56.010569],[9.426461,56.010947],[9.42666,56.011087],[9.426858,56.011226],[9.427065,56.011366],[9.427238,56.011372],[9.42754,56.011344],[9.428116,56.011273],[9.428577,56.011215],[9.428828,56.011184],[9.429025,56.011172],[9.429188,56.011182],[9.429361,56.011216],[9.42949,56.011257],[9.429598,56.01131],[9.429745,56.011396],[9.429875,56.011486],[9.42999,56.011573],[9.430062,56.011654],[9.430107,56.011737],[9.430127,56.011836],[9.430124,56.011997],[9.430118,56.012165],[9.430132,56.012276],[9.430171,56.01236],[9.430227,56.012433],[9.4303,56.012489],[9.430365,56.012529],[9.430491,56.012587],[9.430858,56.012709],[9.431395,56.012876],[9.431587,56.012941],[9.431951,56.013082],[9.432451,56.013281],[9.432628,56.013355],[9.432901,56.01348],[9.43308,56.013583],[9.43319,56.013658],[9.433262,56.013718],[9.433344,56.013808],[9.433399,56.013905],[9.433438,56.013995],[9.43346,56.014087],[9.433462,56.014213],[9.433445,56.014325],[9.433438,56.01439],[9.433461,56.014491],[9.433554,56.014702],[9.433671,56.014972],[9.433801,56.01528],[9.433916,56.015573],[9.43403,56.015856],[9.434093,56.016021],[9.434143,56.016202],[9.434155,56.016268],[9.434181,56.016501],[9.434199,56.016631],[9.434228,56.016732],[9.434284,56.016867],[9.434371,56.01703],[9.43447,56.017197],[9.434619,56.017439],[9.434752,56.017657],[9.434868,56.017828],[9.434958,56.017937],[9.434989,56.018008],[9.435016,56.018112],[9.435013,56.018143],[9.435009,56.018174],[9.435056,56.018226],[9.435071,56.01827],[9.435132,56.0185],[9.435181,56.018717],[9.435207,56.018861],[9.435208,56.018966],[9.435183,56.019058],[9.435154,56.019158],[9.43514,56.019211],[9.435141,56.019281],[9.435155,56.019352],[9.435193,56.019431],[9.435237,56.019491],[9.435311,56.019571],[9.435544,56.01978],[9.435574,56.01981],[9.435776,56.02001],[9.435985,56.020225],[9.436242,56.020512],[9.436576,56.020904],[9.436898,56.021298],[9.437183,56.021639],[9.437491,56.022022],[9.437684,56.022266],[9.437868,56.022516],[9.437992,56.02267],[9.438082,56.022764],[9.43821,56.02288],[9.438343,56.02299],[9.438523,56.023137],[9.438697,56.02328],[9.438814,56.023394],[9.438898,56.023492],[9.438982,56.023613],[9.439045,56.023733],[9.439107,56.02386],[9.439112,56.02387],[9.439199,56.024052],[9.439286,56.024224],[9.439334,56.0243],[9.439432,56.024451],[9.439579,56.02467],[9.439767,56.024947],[9.43983,56.025046],[9.439885,56.02516],[9.439939,56.025287],[9.440017,56.025493],[9.440086,56.025691],[9.440153,56.02589],[9.440216,56.026098],[9.440261,56.026306],[9.440301,56.026478],[9.44034,56.026623],[9.440385,56.026772],[9.440414,56.026839],[9.440446,56.02692],[9.440525,56.027072],[9.440615,56.02723],[9.440715,56.027398],[9.440836,56.027576],[9.440967,56.027778],[9.441099,56.027989],[9.441193,56.028142],[9.441268,56.028277],[9.441334,56.028425],[9.44139,56.028566],[9.44145,56.028779],[9.441491,56.028943],[9.441519,56.029109],[9.441557,56.02939],[9.441604,56.029633],[9.44164,56.029786],[9.441693,56.029934],[9.441762,56.030067],[9.441859,56.030216],[9.441974,56.030345],[9.442184,56.030546],[9.442454,56.030798],[9.442573,56.030923],[9.442632,56.030991],[9.442701,56.031073],[9.44286,56.031275],[9.44301,56.031503],[9.443194,56.031769],[9.443395,56.032063],[9.443647,56.032432],[9.443842,56.032724],[9.444034,56.033009],[9.444119,56.033138],[9.444319,56.03344],[9.444539,56.033765],[9.444553,56.033786],[9.44474,56.034058],[9.444919,56.034321],[9.444988,56.034422],[9.445091,56.034575],[9.445252,56.034811],[9.445451,56.035104],[9.445634,56.035378],[9.445813,56.035644],[9.445996,56.035919],[9.44606,56.036019],[9.446198,56.036221],[9.446317,56.036407],[9.446377,56.036485],[9.446436,56.036562],[9.446508,56.036644],[9.446555,56.036683],[9.446615,56.036729],[9.44668,56.036776],[9.446767,56.03683],[9.446867,56.036879],[9.447045,56.036959],[9.447405,56.037102],[9.447924,56.037305],[9.448103,56.037377],[9.448239,56.037435],[9.448339,56.03749],[9.44843,56.037552],[9.448506,56.037619],[9.448585,56.037726],[9.448698,56.037944],[9.448764,56.038081],[9.448969,56.038488],[9.44917,56.038857],[9.449419,56.039305],[9.449619,56.039688],[9.449788,56.040015],[9.449805,56.040045],[9.449822,56.040075],[9.449887,56.040183],[9.449922,56.040242],[9.450055,56.04049],[9.450081,56.040548],[9.450243,56.04087],[9.450308,56.040972],[9.450332,56.041061],[9.450474,56.041014],[9.450561,56.040988],[9.450808,56.040925],[9.451037,56.040879],[9.451247,56.040847],[9.451317,56.040828],[9.451332,56.040824],[9.451396,56.040805],[9.451438,56.04079],[9.451513,56.040846],[9.451654,56.040957],[9.451748,56.041031],[9.451855,56.041117],[9.45197,56.041206],[9.452073,56.041285],[9.452157,56.041357],[9.452207,56.041413],[9.452251,56.041473],[9.452269,56.041501],[9.452295,56.041565],[9.452327,56.04167],[9.452359,56.041777],[9.452397,56.041877],[9.452422,56.041935],[9.452456,56.041995],[9.4525,56.042056],[9.452563,56.042124],[9.452654,56.042191],[9.45275,56.042253],[9.452892,56.042323],[9.453135,56.042418],[9.453432,56.042516],[9.453665,56.042606],[9.453823,56.042666],[9.454036,56.042779],[9.454336,56.042947],[9.45449,56.043022],[9.454644,56.04308],[9.454804,56.043123],[9.454997,56.043161],[9.455248,56.043188],[9.455546,56.043209],[9.455817,56.043219],[9.456019,56.043235],[9.45613,56.04325],[9.456256,56.043274],[9.456351,56.043308],[9.456443,56.043358],[9.456521,56.043415],[9.456581,56.043479],[9.456611,56.043562],[9.456635,56.043729],[9.456631,56.044188],[9.456616,56.044457],[9.456606,56.044646],[9.456604,56.044715],[9.456592,56.045122],[9.456557,56.045574],[9.456501,56.045851],[9.45641,56.046254],[9.456345,56.046517],[9.456292,56.046662],[9.45622,56.046776],[9.456098,56.046941],[9.455882,56.047195],[9.45579,56.047299],[9.455584,56.047507],[9.45532,56.047705],[9.455023,56.047927],[9.454923,56.04801],[9.454882,56.048056],[9.454848,56.048138],[9.45482,56.048252],[9.454798,56.048477],[9.454788,56.048777],[9.454785,56.048862],[9.454779,56.049104],[9.454778,56.049155],[9.454787,56.049571],[9.454799,56.049686],[9.454831,56.049805],[9.454896,56.049939],[9.454967,56.050065],[9.455068,56.050197],[9.455185,56.050333],[9.455315,56.050488],[9.455476,56.050675],[9.455676,56.050897],[9.455869,56.051109],[9.456065,56.051334],[9.456184,56.051481],[9.45631,56.051663],[9.456445,56.051892],[9.456616,56.052225],[9.456685,56.05235],[9.456915,56.052781],[9.457109,56.053168],[9.457264,56.05346],[9.457358,56.053676],[9.457374,56.053765],[9.457406,56.053933],[9.457404,56.054086],[9.457326,56.054349],[9.457201,56.054711],[9.457164,56.054852],[9.457167,56.054944],[9.457173,56.055048],[9.457213,56.055151],[9.457302,56.055285],[9.457436,56.055424],[9.457821,56.05571],[9.458156,56.055961],[9.45823,56.056012],[9.458575,56.05626],[9.458793,56.05642],[9.459382,56.056853],[9.459824,56.057175],[9.460191,56.057441],[9.460442,56.05762],[9.460622,56.057725],[9.460704,56.057765],[9.460885,56.057839],[9.461112,56.057899],[9.461378,56.057941],[9.461607,56.057959],[9.462009,56.057959],[9.462518,56.057952],[9.463209,56.057943],[9.46344,56.057949],[9.463735,56.057975],[9.463953,56.058004],[9.464134,56.058041],[9.464291,56.058087],[9.464441,56.058142],[9.464578,56.058214],[9.464703,56.058285],[9.464919,56.058453],[9.465088,56.058597],[9.465239,56.058741],[9.465474,56.059008],[9.465762,56.059407],[9.465987,56.059711],[9.466253,56.060081],[9.466563,56.060529],[9.466738,56.060805],[9.466924,56.061159],[9.467129,56.0616],[9.467288,56.061943],[9.467518,56.062421],[9.467688,56.062778],[9.467748,56.062916],[9.468001,56.063462],[9.468191,56.063846],[9.468375,56.06403],[9.468483,56.064138],[9.468697,56.064292],[9.468817,56.06444],[9.468856,56.064558],[9.468854,56.064757],[9.468861,56.0649],[9.468905,56.064995],[9.468998,56.065092],[9.469125,56.065214],[9.469189,56.065305],[9.469229,56.065412],[9.469236,56.065607],[9.469252,56.0659],[9.46928,56.066272],[9.469322,56.066812],[9.469376,56.067373],[9.46939,56.06755],[9.469407,56.067751],[9.469448,56.068165],[9.469487,56.068556],[9.469523,56.068912],[9.469525,56.06894],[9.469677,56.069514],[9.469799,56.069948],[9.469834,56.070077],[9.470038,56.070755],[9.470168,56.071197],[9.470323,56.07176],[9.47046,56.072231],[9.470578,56.072622],[9.470658,56.072955],[9.47068,56.073075],[9.470702,56.073353],[9.470738,56.073782],[9.470754,56.07398],[9.470769,56.074279],[9.470798,56.074683],[9.470813,56.074852],[9.470836,56.075129],[9.470877,56.075605],[9.470918,56.076113],[9.470941,56.076523],[9.470976,56.076884],[9.470997,56.077163],[9.471022,56.077477],[9.471037,56.077661],[9.471066,56.078162],[9.471095,56.07849],[9.471126,56.078779],[9.471185,56.07925],[9.471193,56.079305],[9.47124,56.079636],[9.471305,56.080117],[9.471318,56.080503],[9.471301,56.080777],[9.471275,56.08106],[9.471232,56.081508],[9.471195,56.081875],[9.47118,56.082068],[9.471145,56.082488],[9.471138,56.082644],[9.471083,56.083156],[9.471053,56.083538],[9.471023,56.083893],[9.470981,56.084235],[9.470977,56.084412],[9.470996,56.084552],[9.471081,56.084788],[9.471342,56.085366],[9.471508,56.085721],[9.471722,56.086194],[9.471727,56.086205],[9.471918,56.086622],[9.471921,56.086629],[9.472076,56.086967],[9.472088,56.086994],[9.47227,56.087391],[9.472361,56.087571],[9.472538,56.087906],[9.472587,56.088066],[9.472584,56.088223],[9.472504,56.088418],[9.472378,56.088589],[9.472135,56.088885],[9.471847,56.089225],[9.471614,56.089483],[9.471483,56.089626],[9.471276,56.089834],[9.471065,56.090043],[9.470945,56.090167],[9.470863,56.090273],[9.470807,56.090365],[9.470752,56.090524],[9.470685,56.090786],[9.470678,56.09081],[9.470603,56.091157],[9.470515,56.091508],[9.470538,56.091603],[9.470499,56.091687],[9.470401,56.09187],[9.470282,56.092082],[9.469973,56.092566],[9.469782,56.092901],[9.469526,56.093319],[9.469266,56.093752],[9.469244,56.093781],[9.469131,56.093933],[9.46902,56.094082],[9.469008,56.094097],[9.468738,56.094433],[9.468239,56.095038],[9.467938,56.095335],[9.467275,56.095974],[9.466897,56.096327],[9.466567,56.096642],[9.466344,56.096859],[9.466221,56.09701],[9.466187,56.097068],[9.466157,56.097123],[9.466128,56.0972],[9.466089,56.097327],[9.466011,56.097688],[9.465953,56.097886],[9.465867,56.09814],[9.465819,56.098298],[9.465714,56.098632],[9.465627,56.098816],[9.466038,56.098965],[9.466632,56.099175],[9.467273,56.099408],[9.468,56.099666],[9.468821,56.099964],[9.469337,56.100166],[9.469539,56.100275],[9.469723,56.100413],[9.469887,56.100609],[9.469958,56.100741],[9.469999,56.1009],[9.469997,56.10106],[9.469939,56.101259],[9.469762,56.10174],[9.469628,56.102116],[9.469556,56.102354],[9.469545,56.102581],[9.469567,56.10278],[9.469573,56.102812],[9.469616,56.102937],[9.469375,56.103039],[9.469177,56.103158],[9.469039,56.10327],[9.46887,56.103436],[9.46857,56.103771],[9.468439,56.103921],[9.468075,56.104325],[9.467786,56.10464],[9.46753,56.104889],[9.467334,56.105065],[9.467148,56.105202],[9.466519,56.105644],[9.466062,56.105969],[9.4655,56.106366],[9.465208,56.106573],[9.465149,56.106625],[9.464848,56.106959],[9.464796,56.107023],[9.464503,56.107387],[9.464099,56.107886],[9.463636,56.10846],[9.463254,56.108923],[9.463049,56.109208],[9.462971,56.109345],[9.462867,56.109668],[9.462688,56.110207],[9.462559,56.110585],[9.462474,56.110838],[9.462355,56.111172],[9.462306,56.111425],[9.462257,56.11172],[9.462245,56.111889],[9.462201,56.112195],[9.462158,56.112534],[9.462119,56.112889],[9.462088,56.113138],[9.462035,56.113467],[9.461981,56.113804],[9.461935,56.11411],[9.461901,56.114293],[9.461839,56.11463],[9.461789,56.11491],[9.461778,56.115084],[9.46179,56.115231],[9.461818,56.115323],[9.461887,56.115496],[9.462101,56.115962],[9.462431,56.116689],[9.462619,56.11713],[9.462801,56.117533],[9.462901,56.117768],[9.463041,56.118085],[9.463129,56.118278],[9.463189,56.118409],[9.463309,56.118674],[9.463531,56.119154],[9.463609,56.119345],[9.463633,56.119491],[9.463624,56.119624],[9.463554,56.119859],[9.463436,56.120274],[9.463296,56.120747],[9.463214,56.121025],[9.463042,56.121616],[9.462922,56.122036],[9.462901,56.122249],[9.462932,56.122371],[9.463001,56.122502],[9.463111,56.122635],[9.463417,56.122876],[9.463856,56.123171],[9.464026,56.12329],[9.463719,56.123455],[9.463368,56.123665],[9.463021,56.123854],[9.462594,56.124088],[9.462389,56.124208],[9.462012,56.124426],[9.461559,56.12468],[9.461059,56.124957],[9.460744,56.12516],[9.460518,56.125352],[9.460338,56.125575],[9.460243,56.125779],[9.460199,56.125994],[9.46021,56.126158],[9.460262,56.126359],[9.460417,56.126591],[9.460647,56.126842],[9.460949,56.127164],[9.461328,56.127561],[9.461716,56.127932],[9.461886,56.128121],[9.462342,56.128595],[9.462404,56.128666],[9.462711,56.128985],[9.462919,56.129205],[9.463079,56.129377],[9.463167,56.129497],[9.46333,56.129752],[9.463437,56.129964],[9.46348,56.130069],[9.463557,56.130326],[9.463612,56.130612],[9.463644,56.130949],[9.463635,56.131144],[9.463622,56.131211],[9.463573,56.131326],[9.463521,56.131416],[9.463422,56.131534],[9.46329,56.131653],[9.463029,56.131873],[9.462848,56.132053],[9.462827,56.132077],[9.462718,56.132219],[9.462635,56.132382],[9.462632,56.132387],[9.462591,56.132555],[9.46257,56.132712],[9.462575,56.132836],[9.462598,56.13297],[9.462644,56.133105],[9.462722,56.133249],[9.462892,56.133502],[9.462971,56.133611],[9.463053,56.133725],[9.463139,56.133818],[9.463231,56.133912],[9.463343,56.134012],[9.46347,56.134115],[9.463673,56.134267],[9.463806,56.134355],[9.464031,56.134492],[9.4642,56.134585],[9.464402,56.134678],[9.464602,56.134765],[9.464846,56.134859],[9.465006,56.134923],[9.465175,56.134999],[9.465269,56.13505],[9.465368,56.135122],[9.465489,56.135224],[9.4657,56.135428],[9.465891,56.135611],[9.465963,56.135687],[9.466001,56.135732],[9.466052,56.135797],[9.466105,56.135899],[9.466142,56.135972],[9.466185,56.136057],[9.466269,56.136205],[9.466336,56.136322],[9.466372,56.136385],[9.466411,56.136434],[9.466439,56.136465],[9.466502,56.136521],[9.466618,56.136613],[9.466722,56.1367],[9.466752,56.136728],[9.46677,56.13676],[9.466777,56.13679],[9.466776,56.136815],[9.466746,56.136846],[9.466681,56.136913],[9.466632,56.136975],[9.466641,56.137012],[9.466653,56.137045],[9.466691,56.13709],[9.466802,56.137189],[9.46695,56.137322],[9.467006,56.137389],[9.467048,56.137451],[9.467081,56.13752],[9.467133,56.137634],[9.467207,56.137783],[9.46749,56.138299],[9.467583,56.138487],[9.467624,56.138663],[9.467625,56.138741],[9.467616,56.138833],[9.467591,56.138939],[9.467565,56.139014],[9.467519,56.139092],[9.467399,56.139221],[9.46714,56.139469],[9.466992,56.139596],[9.46687,56.139683],[9.466689,56.139794],[9.466436,56.139947],[9.465933,56.14022],[9.465552,56.140395],[9.465358,56.140535],[9.465182,56.14069],[9.464834,56.141084],[9.464484,56.14151],[9.464258,56.141759],[9.464027,56.141963],[9.463641,56.142172],[9.463437,56.142294],[9.463382,56.142344],[9.46336,56.142362],[9.463222,56.142506],[9.463103,56.142671],[9.463049,56.142777],[9.462996,56.142937],[9.462904,56.143221],[9.462864,56.143386],[9.462834,56.143555],[9.462819,56.14374],[9.462769,56.143868],[9.462691,56.143995],[9.462527,56.14418],[9.462401,56.144367],[9.462298,56.144548],[9.462204,56.14477],[9.462151,56.144925],[9.462094,56.14514],[9.462053,56.14535],[9.462023,56.145672],[9.461993,56.146004],[9.461987,56.146101],[9.461987,56.14624],[9.462003,56.146358],[9.462055,56.146468],[9.46214,56.146626],[9.46209,56.146645],[9.462044,56.146661],[9.462007,56.146694],[9.461936,56.146876],[9.461897,56.146975],[9.461769,56.146963],[9.461663,56.146955],[9.461578,56.146952],[9.461473,56.146951],[9.461391,56.14695],[9.461291,56.146949],[9.461192,56.146946],[9.461083,56.146941],[9.460997,56.146935],[9.460892,56.146927],[9.460786,56.146919],[9.46069,56.14691],[9.460586,56.146901],[9.46048,56.146891],[9.460408,56.146885],[9.460309,56.146877],[9.460203,56.146868],[9.460109,56.14686],[9.460008,56.14685],[9.459907,56.146841],[9.459805,56.146831],[9.459706,56.146821],[9.459601,56.146811],[9.459518,56.146802],[9.459432,56.146792],[9.459358,56.146783],[9.459253,56.146771],[9.459169,56.146761],[9.459089,56.146752],[9.458984,56.146739],[9.458884,56.146727],[9.458807,56.146717],[9.458712,56.146706],[9.45861,56.146694],[9.45851,56.146683],[9.458411,56.146672],[9.458314,56.146662],[9.458219,56.146652],[9.458138,56.146644],[9.458034,56.146633],[9.457944,56.146623],[9.457842,56.146611],[9.457742,56.146599],[9.457643,56.146587],[9.457568,56.146576],[9.457465,56.146562],[9.457365,56.146547],[9.457283,56.146534],[9.45719,56.146519],[9.457093,56.146504],[9.456997,56.146488],[9.456913,56.146475],[9.456808,56.146458],[9.456729,56.146446],[9.456625,56.146429],[9.45655,56.146417],[9.456452,56.146402],[9.456355,56.146387],[9.456269,56.146373],[9.456161,56.146357],[9.456079,56.146344],[9.456006,56.146332],[9.455921,56.146318],[9.455843,56.146306],[9.455745,56.14629],[9.455646,56.146274],[9.455555,56.146261],[9.455458,56.146245],[9.455437,56.146288],[9.455428,56.146363],[9.455428,56.146515],[9.455424,56.146623],[9.455421,56.146738],[9.455407,56.146787],[9.455357,56.146861],[9.455333,56.146884],[9.455299,56.146926],[9.455261,56.146967],[9.455224,56.147009],[9.455178,56.147062],[9.455136,56.147115],[9.455106,56.147167],[9.455087,56.147215],[9.455073,56.147273],[9.455069,56.147333],[9.455078,56.147392],[9.455089,56.147445],[9.455105,56.1475],[9.455121,56.147556],[9.455134,56.147601],[9.455151,56.147661],[9.455167,56.147716],[9.455181,56.147764],[9.455199,56.14782],[9.455212,56.147865],[9.455225,56.147908],[9.455242,56.147968],[9.455247,56.147984],[9.455251,56.147996],[9.455273,56.148069],[9.455288,56.148114],[9.455308,56.14817],[9.455332,56.148228],[9.455357,56.148283],[9.455384,56.148342],[9.455413,56.148398],[9.455444,56.148454],[9.455469,56.148497],[9.455494,56.148541],[9.455521,56.148588],[9.455546,56.14863],[9.455574,56.148677],[9.455609,56.148735],[9.45564,56.148787],[9.455671,56.148839],[9.455705,56.148895],[9.455731,56.14894],[9.455763,56.148994],[9.455787,56.149035],[9.455822,56.149093],[9.455855,56.149149],[9.455887,56.149202],[9.455914,56.149247],[9.455949,56.149303],[9.45598,56.149351],[9.456012,56.149403],[9.456047,56.149457],[9.456077,56.149502],[9.456108,56.149547],[9.456137,56.149588],[9.456172,56.149637],[9.45621,56.14969],[9.45625,56.149743],[9.45628,56.149784],[9.456323,56.14984],[9.456363,56.14989],[9.456398,56.149933],[9.456432,56.149973],[9.456467,56.150016],[9.456506,56.150061],[9.456545,56.150107],[9.45659,56.150158],[9.45663,56.150203],[9.456666,56.150243],[9.456715,56.150295],[9.456764,56.150347],[9.45681,56.150395],[9.456857,56.150444],[9.456865,56.150453],[9.456925,56.150511],[9.456741,56.150561],[9.456591,56.150599],[9.45634,56.150662],[9.456196,56.150702],[9.45609,56.150735],[9.456,56.150771],[9.45592,56.150811],[9.455855,56.150849],[9.455789,56.150894],[9.455738,56.150939],[9.455695,56.150984],[9.455634,56.151065],[9.455564,56.151167],[9.45551,56.151247],[9.455449,56.151338],[9.455388,56.151428],[9.455325,56.151522],[9.45526,56.15162],[9.455203,56.151703],[9.455153,56.151778],[9.4551,56.151851],[9.455035,56.151927],[9.454973,56.151991],[9.454904,56.152049],[9.454823,56.152106],[9.454749,56.15215],[9.454624,56.152227],[9.454488,56.1523],[9.454441,56.152325],[9.454425,56.152334],[9.454211,56.152453],[9.453958,56.15259],[9.453833,56.152649],[9.453737,56.152686],[9.453646,56.152715],[9.453541,56.152739],[9.453438,56.152757],[9.453292,56.152779],[9.453109,56.152803],[9.452944,56.152822],[9.452839,56.152829],[9.452746,56.152829],[9.452653,56.152824],[9.452531,56.152815],[9.452313,56.1528],[9.452149,56.152792],[9.452044,56.152791],[9.451883,56.152794],[9.451757,56.152799],[9.451569,56.152814],[9.451399,56.152833],[9.451253,56.152857],[9.45112,56.152883],[9.450959,56.152921],[9.450826,56.152957],[9.450674,56.153003],[9.450505,56.153065],[9.450456,56.153079],[9.450279,56.153161],[9.45013,56.153224],[9.450004,56.153278],[9.449924,56.153313],[9.449806,56.153355],[9.449504,56.153456],[9.449537,56.153486],[9.449354,56.153545],[9.449055,56.15364],[9.448805,56.153718],[9.448604,56.15378],[9.448333,56.153864],[9.448157,56.15392],[9.448131,56.153928],[9.447921,56.153993],[9.447735,56.15405],[9.44748,56.154129],[9.447179,56.154222],[9.446996,56.154282],[9.446789,56.154347],[9.446638,56.154389],[9.446619,56.154395],[9.446332,56.154483],[9.446085,56.154558],[9.445951,56.154591],[9.445934,56.154596],[9.445817,56.154618],[9.445633,56.154648],[9.445437,56.154673],[9.44529,56.15469],[9.445259,56.154693],[9.445025,56.154708],[9.444732,56.154731],[9.444372,56.154756],[9.444057,56.154779],[9.443826,56.154795],[9.443741,56.1548],[9.443358,56.154824],[9.4432,56.154835],[9.443092,56.154841],[9.442833,56.154859],[9.442628,56.154873],[9.44242,56.15489],[9.442361,56.154894],[9.44222,56.154905],[9.442056,56.154927],[9.441933,56.154948],[9.441755,56.154989],[9.441578,56.155039],[9.441397,56.1551],[9.441235,56.155161],[9.441187,56.155181],[9.44113,56.155206],[9.441012,56.155258],[9.440835,56.155334],[9.440636,56.155417],[9.440546,56.155446],[9.440462,56.155459],[9.440395,56.155465],[9.440261,56.155468],[9.440192,56.155467],[9.439972,56.155464],[9.439904,56.155463],[9.439698,56.155459],[9.439476,56.155452],[9.439232,56.155446],[9.439084,56.155441],[9.439033,56.155438],[9.439018,56.155437],[9.438923,56.155429],[9.438928,56.155491],[9.438932,56.155533],[9.438942,56.155595],[9.438966,56.155703],[9.438973,56.155785],[9.438976,56.155803],[9.43899,56.155894],[9.439005,56.155969],[9.439012,56.156007],[9.439032,56.15611],[9.439057,56.156256],[9.439082,56.156375],[9.439093,56.156524],[9.439089,56.156584],[9.43908,56.156624],[9.43903,56.156749],[9.438986,56.156831],[9.438849,56.157129],[9.438661,56.157495],[9.438556,56.157734],[9.438516,56.157951],[9.438511,56.1581],[9.438536,56.15826],[9.438638,56.158677],[9.438741,56.159129],[9.438846,56.159536],[9.438992,56.160092],[9.439084,56.160436],[9.439188,56.160799],[9.43923,56.161017],[9.439229,56.161127],[9.439186,56.161393],[9.43914,56.161614],[9.439035,56.162084],[9.438931,56.162542],[9.438838,56.162987],[9.438766,56.163354],[9.438701,56.163648],[9.438639,56.163956],[9.438536,56.164447],[9.43846,56.164719],[9.438383,56.164882],[9.438164,56.165227],[9.437964,56.165534],[9.437658,56.166014],[9.437375,56.166493],[9.437154,56.16688],[9.436808,56.16747],[9.436499,56.167987],[9.436082,56.168707],[9.435774,56.169228],[9.43574,56.169286],[9.435548,56.169623],[9.435215,56.170205],[9.434897,56.170784],[9.434657,56.171229],[9.434415,56.171689],[9.434168,56.172162],[9.434082,56.172327],[9.433928,56.17264],[9.43376,56.172945],[9.433386,56.173602],[9.433033,56.174198],[9.432919,56.17439],[9.432795,56.174607],[9.432501,56.175124],[9.432146,56.175757],[9.431896,56.176202],[9.43132,56.177196],[9.431195,56.177415],[9.43099,56.177781],[9.430695,56.178289],[9.430483,56.178738],[9.430201,56.179369],[9.429962,56.179883],[9.429865,56.180064],[9.429808,56.180169],[9.429653,56.180363],[9.429518,56.180483],[9.429467,56.180523],[9.42937,56.180598],[9.429145,56.18073],[9.428616,56.181047],[9.428284,56.181253],[9.427987,56.181462],[9.427547,56.181806],[9.427158,56.182128],[9.426964,56.182337],[9.426172,56.183289],[9.425598,56.183985],[9.425292,56.184355],[9.42465,56.185111],[9.424293,56.185544],[9.424126,56.185739],[9.423982,56.18588],[9.423853,56.18599],[9.423739,56.186072],[9.423407,56.186285],[9.423109,56.186453],[9.422315,56.186913],[9.422072,56.187054],[9.420991,56.187694],[9.420152,56.188195],[9.419505,56.188605],[9.418784,56.189091],[9.418326,56.189431],[9.418091,56.189632],[9.417561,56.190106],[9.416873,56.19069],[9.416607,56.190896],[9.416172,56.19125],[9.416036,56.191381],[9.415971,56.19146],[9.415919,56.191519],[9.415888,56.191558],[9.41585,56.191617],[9.41582,56.191675],[9.4158,56.191727],[9.415771,56.191792],[9.415747,56.19186],[9.415721,56.191939],[9.415703,56.192006],[9.415678,56.192104],[9.415658,56.192178],[9.415648,56.192256],[9.415524,56.192261],[9.415307,56.192269],[9.415152,56.192276],[9.415099,56.192278],[9.414876,56.192286],[9.414618,56.192296],[9.414301,56.192308],[9.414181,56.192313],[9.414078,56.192318],[9.41399,56.192327],[9.413898,56.192335],[9.413877,56.192338],[9.413814,56.192345],[9.413744,56.192358],[9.413647,56.192378],[9.413578,56.192394],[9.413526,56.192406],[9.413477,56.192418],[9.413425,56.192434],[9.41331,56.192473],[9.413062,56.192564],[9.412802,56.192657],[9.412564,56.192743],[9.412259,56.192853],[9.412048,56.19293],[9.411908,56.192982],[9.411827,56.193011],[9.411774,56.193031],[9.411708,56.193059],[9.411653,56.193087],[9.411603,56.193113],[9.41155,56.193146],[9.411491,56.193198],[9.411459,56.193237],[9.411437,56.193269],[9.411418,56.193305],[9.411398,56.193357],[9.411353,56.193489],[9.411284,56.193686],[9.411225,56.193857],[9.411167,56.194027],[9.411114,56.194179],[9.411098,56.194231],[9.411075,56.194301],[9.411033,56.194427],[9.411006,56.194492],[9.410993,56.194546],[9.410984,56.194601],[9.410832,56.194625],[9.410726,56.194638],[9.410616,56.194651],[9.410533,56.19466],[9.410498,56.194664],[9.410458,56.194667],[9.410375,56.194675],[9.410296,56.194681],[9.410043,56.194698],[9.409976,56.194701],[9.409891,56.194706],[9.409728,56.194716],[9.40961,56.194724],[9.409521,56.19473],[9.409457,56.194737],[9.409404,56.194742],[9.409347,56.194749],[9.409122,56.194781],[9.408915,56.194813],[9.408794,56.194832],[9.408696,56.194846],[9.408594,56.194859],[9.408507,56.194868],[9.408423,56.194872],[9.408361,56.194873],[9.408293,56.194871],[9.408232,56.194867],[9.408166,56.19486],[9.408094,56.19485],[9.408019,56.194837],[9.407971,56.194829],[9.407848,56.194808],[9.407742,56.194788],[9.407602,56.194763],[9.407392,56.194725],[9.407177,56.194688],[9.406927,56.194641],[9.406756,56.19461],[9.406488,56.194562],[9.406316,56.194531],[9.406173,56.194507],[9.40608,56.194492],[9.40598,56.19448],[9.405897,56.194472],[9.405802,56.194463],[9.405726,56.194459],[9.405656,56.194455],[9.405356,56.194445],[9.405065,56.194434],[9.404843,56.194426],[9.404491,56.194413],[9.404241,56.194401],[9.403983,56.194387],[9.403637,56.194364],[9.403399,56.19435],[9.403144,56.194331],[9.402874,56.194314],[9.402841,56.194312],[9.402543,56.194294],[9.402399,56.194285],[9.402115,56.194267],[9.40181,56.194245],[9.401471,56.194222],[9.401324,56.194212],[9.401008,56.194191],[9.400585,56.194161],[9.400328,56.194142],[9.400114,56.194126],[9.399806,56.194101],[9.399583,56.194083],[9.399499,56.194075],[9.399214,56.19405],[9.398935,56.194027],[9.398664,56.194004],[9.398374,56.193981],[9.398364,56.19398],[9.398263,56.193972],[9.397963,56.193954],[9.397957,56.193954],[9.397669,56.19394],[9.397388,56.193928],[9.397105,56.193917],[9.396878,56.193908],[9.396645,56.193901],[9.396429,56.193894],[9.39632,56.19389],[9.396253,56.193888],[9.395969,56.193878],[9.395758,56.193872],[9.395542,56.193864],[9.395257,56.193855],[9.395063,56.193848],[9.394797,56.193838],[9.394496,56.193828],[9.394226,56.193819],[9.39414,56.193816],[9.393847,56.193805],[9.393591,56.193797],[9.393384,56.193789],[9.393231,56.193783],[9.393104,56.193776],[9.392923,56.193762],[9.392909,56.193787],[9.392893,56.193809],[9.39287,56.193824],[9.392841,56.193834],[9.392686,56.19387],[9.39248,56.193916],[9.392322,56.193952],[9.392175,56.193986],[9.392066,56.194011],[9.391909,56.194045],[9.39178,56.194075],[9.391644,56.194106],[9.391501,56.194138],[9.391395,56.194163],[9.391278,56.19419],[9.391105,56.194231],[9.390975,56.194262],[9.390849,56.194295],[9.390744,56.194324],[9.390621,56.194358],[9.390538,56.194381],[9.39041,56.194417],[9.390277,56.194454],[9.390104,56.194501],[9.390001,56.194528],[9.389941,56.194544],[9.389767,56.194593],[9.389637,56.194629],[9.389546,56.194655],[9.389397,56.194699],[9.3892,56.194755],[9.389029,56.194806],[9.388864,56.194853],[9.388726,56.194893],[9.388572,56.194935],[9.388432,56.194973],[9.388288,56.195012],[9.388179,56.19504],[9.388068,56.195066],[9.387868,56.19511],[9.387669,56.195152],[9.387437,56.195197],[9.387166,56.195252],[9.386962,56.195292],[9.386732,56.195335],[9.386461,56.195389],[9.386259,56.195426],[9.386016,56.195473],[9.38582,56.195509],[9.385599,56.195551],[9.38538,56.195594],[9.385202,56.195629],[9.385039,56.195658],[9.384885,56.195689],[9.384747,56.195716],[9.384617,56.195741],[9.384385,56.195788],[9.384126,56.19584],[9.383899,56.195885],[9.383671,56.19593],[9.383415,56.195985],[9.383179,56.196034],[9.38297,56.196074],[9.382765,56.196114],[9.382641,56.196139],[9.382386,56.196189],[9.382134,56.19624],[9.381838,56.196299],[9.381529,56.196362],[9.381236,56.19642],[9.380955,56.196477],[9.380677,56.196532],[9.380439,56.196578],[9.380181,56.196627],[9.379896,56.196683],[9.379628,56.196735],[9.379358,56.196789],[9.379037,56.196851],[9.378755,56.196905],[9.378497,56.196956],[9.378343,56.196986],[9.378067,56.197041],[9.377674,56.197116],[9.377398,56.19717],[9.376991,56.197253],[9.376659,56.197318],[9.376351,56.197379],[9.376097,56.197428],[9.375752,56.197489],[9.37552,56.197529],[9.375284,56.197565],[9.375064,56.197595],[9.374783,56.197634],[9.374532,56.197668],[9.374328,56.197695],[9.374054,56.197732],[9.373818,56.19776],[9.373546,56.197792],[9.373311,56.197817],[9.373063,56.197842],[9.372898,56.197858],[9.372657,56.19788],[9.372398,56.19791],[9.372154,56.197945],[9.372002,56.197978],[9.371821,56.198025],[9.371616,56.198086],[9.371378,56.198165],[9.371142,56.198243],[9.37095,56.198305],[9.370659,56.198398],[9.370517,56.198444],[9.370309,56.198505],[9.370054,56.198576],[9.36982,56.19864],[9.369556,56.198706],[9.369319,56.198758],[9.369005,56.198824],[9.368721,56.198882],[9.368483,56.198927],[9.368302,56.198964],[9.367959,56.199029],[9.367776,56.199063],[9.367581,56.1991],[9.367164,56.19918],[9.366486,56.199311],[9.365969,56.199413],[9.36539,56.199527],[9.364834,56.199632],[9.364132,56.199768],[9.363842,56.199836],[9.363728,56.199886],[9.363688,56.199916],[9.363636,56.199976],[9.363492,56.200162],[9.363217,56.200498],[9.362966,56.20082],[9.362686,56.201159],[9.362449,56.201454],[9.362176,56.201795],[9.361949,56.202072],[9.361696,56.202391],[9.361411,56.202749],[9.361177,56.20304],[9.361029,56.203222],[9.360825,56.203475],[9.360711,56.203618],[9.360521,56.203853],[9.360334,56.20409],[9.360103,56.204371],[9.359851,56.204684],[9.359615,56.204977],[9.359395,56.205242],[9.359182,56.20551],[9.358936,56.205813],[9.358711,56.206104],[9.358557,56.206289],[9.358392,56.206486],[9.358215,56.206675],[9.358,56.206866],[9.357798,56.207043],[9.357487,56.207305],[9.357194,56.207547],[9.356898,56.207791],[9.356526,56.208092],[9.356201,56.208353],[9.35585,56.20864],[9.355425,56.208976],[9.355103,56.209235],[9.35484,56.209454],[9.354578,56.209677],[9.354294,56.209917],[9.354017,56.210156],[9.353781,56.210361],[9.353688,56.210468],[9.353573,56.210608],[9.353544,56.210687],[9.353484,56.210869],[9.353382,56.211195],[9.353257,56.211573],[9.353156,56.211893],[9.353037,56.212241],[9.352924,56.212638],[9.352803,56.213013],[9.352709,56.213327],[9.352624,56.213589],[9.352586,56.213736],[9.352472,56.214088],[9.352385,56.214367],[9.352368,56.214418],[9.352292,56.21464],[9.35217,56.214958],[9.352103,56.215132],[9.351989,56.21543],[9.351827,56.215813],[9.351819,56.215887],[9.351788,56.215966],[9.351753,56.216038],[9.35173,56.216084],[9.35164,56.216307],[9.35155,56.216492],[9.351485,56.216594],[9.351403,56.216709],[9.351298,56.216815],[9.351273,56.216836],[9.351176,56.21692],[9.350867,56.217136],[9.350603,56.217307],[9.350467,56.217396],[9.350338,56.21748],[9.35025,56.217541],[9.349937,56.217742],[9.349716,56.217887],[9.349465,56.218049],[9.349349,56.218128],[9.349149,56.218261],[9.34885,56.21845],[9.348569,56.218635],[9.348301,56.218808],[9.348094,56.218964],[9.347954,56.219098],[9.347892,56.219174],[9.347832,56.21926],[9.347761,56.219394],[9.347665,56.219576],[9.347492,56.219892],[9.34734,56.220182],[9.347192,56.220444],[9.347073,56.220669],[9.346966,56.220845],[9.34685,56.221068],[9.346704,56.221331],[9.346632,56.221427],[9.346559,56.221512],[9.346405,56.22166],[9.346282,56.221757],[9.345969,56.221985],[9.345686,56.222196],[9.345416,56.22239],[9.345018,56.222676],[9.344684,56.222925],[9.344497,56.223062],[9.344374,56.223153],[9.344062,56.223385],[9.343962,56.223463],[9.343651,56.223695],[9.343324,56.223941],[9.343084,56.224107],[9.342755,56.22432],[9.342581,56.224424],[9.342538,56.224449],[9.342379,56.224548],[9.342,56.224781],[9.34169,56.22497],[9.341284,56.22521],[9.340855,56.225476],[9.340543,56.225677],[9.340255,56.225882],[9.339959,56.226112],[9.339876,56.226178],[9.339632,56.226349],[9.339377,56.226536],[9.339173,56.226684],[9.339073,56.226755],[9.338869,56.226906],[9.338839,56.226928],[9.338586,56.227119],[9.338385,56.227273],[9.338144,56.227449],[9.337796,56.227715],[9.337474,56.227961],[9.337105,56.228234],[9.336763,56.228492],[9.336547,56.228657],[9.336466,56.228717],[9.336168,56.22894],[9.335825,56.229198],[9.335486,56.229451],[9.335153,56.229704],[9.334793,56.229972],[9.334469,56.230213],[9.334429,56.230244],[9.334375,56.230286],[9.334112,56.230474],[9.334071,56.230504],[9.334019,56.230543],[9.333883,56.230644],[9.333636,56.230834],[9.333329,56.231055],[9.333013,56.231293],[9.332641,56.231567],[9.332333,56.231794],[9.332043,56.232007],[9.33186,56.232144],[9.331751,56.232237],[9.331667,56.232327],[9.331581,56.232471],[9.33154,56.232552],[9.331508,56.23263],[9.331471,56.23272],[9.331456,56.232756],[9.331389,56.232952],[9.33131,56.233161],[9.331269,56.233255],[9.331195,56.233378],[9.331124,56.233473],[9.33106,56.233545],[9.330965,56.233645],[9.330843,56.233766],[9.330639,56.233957],[9.33028,56.23429],[9.329987,56.234567],[9.329876,56.234672],[9.329621,56.234911],[9.329346,56.235172],[9.329023,56.235475],[9.328692,56.235785],[9.328251,56.236197],[9.32768,56.236732],[9.327332,56.237058],[9.326927,56.237442],[9.326783,56.237584],[9.326934,56.237629],[9.327624,56.237828],[9.328553,56.238093],[9.329318,56.238311],[9.330421,56.238626],[9.331014,56.238795],[9.331479,56.238928],[9.332119,56.239112],[9.332479,56.239217],[9.332633,56.239261],[9.332908,56.239335],[9.333146,56.239392],[9.33332,56.239427],[9.333599,56.239473],[9.333868,56.239515],[9.3341,56.239548],[9.334647,56.239627],[9.335146,56.239699],[9.335731,56.239785],[9.336186,56.239852],[9.336315,56.239871],[9.336714,56.239929],[9.336918,56.239963],[9.337082,56.239998],[9.337247,56.240042],[9.337359,56.24008],[9.337476,56.240125],[9.337661,56.240205],[9.337765,56.240262],[9.337846,56.240313],[9.33796,56.240395],[9.338062,56.240475],[9.338139,56.240554],[9.338198,56.24063],[9.338258,56.240721],[9.338306,56.240811],[9.338325,56.240871],[9.338351,56.240964],[9.338362,56.241059],[9.338356,56.241142],[9.338347,56.241215],[9.33833,56.24128],[9.3383,56.241342],[9.338277,56.241381],[9.338245,56.241425],[9.338225,56.241451],[9.338085,56.241617],[9.33787,56.241875],[9.337655,56.242138],[9.337521,56.242304],[9.337257,56.242582],[9.336979,56.242883],[9.336973,56.24289],[9.336895,56.242986],[9.336749,56.243173],[9.336568,56.243421],[9.336379,56.243677],[9.336185,56.243954],[9.335923,56.244322],[9.33557,56.244819],[9.335452,56.244986],[9.335364,56.245106],[9.335265,56.245231],[9.335193,56.245313],[9.335102,56.245405],[9.33503,56.245473],[9.334949,56.24554],[9.334832,56.245622],[9.334717,56.245695],[9.334565,56.24578],[9.334349,56.245896],[9.334101,56.246019],[9.333916,56.246118],[9.33383,56.246169],[9.333754,56.246216],[9.333686,56.246266],[9.333537,56.246382],[9.333381,56.246507],[9.33321,56.246644],[9.333035,56.246783],[9.332732,56.247024],[9.332659,56.247091],[9.332596,56.247155],[9.332557,56.247211],[9.332499,56.247301],[9.332452,56.24744],[9.332358,56.247807],[9.332262,56.248191],[9.332157,56.248605],[9.332128,56.248753],[9.332108,56.24892],[9.332094,56.249104],[9.332092,56.249354],[9.332095,56.249724],[9.332099,56.250079],[9.332094,56.250519],[9.332103,56.250728],[9.332112,56.250817],[9.332127,56.250904],[9.332159,56.251005],[9.3323,56.251378],[9.332321,56.251453],[9.332325,56.251469],[9.332377,56.251657],[9.332388,56.251731],[9.332392,56.251759],[9.332397,56.251791],[9.332408,56.251869],[9.332424,56.252146],[9.332425,56.252427],[9.332428,56.252839],[9.332446,56.253118],[9.332483,56.253329],[9.332555,56.253622],[9.332679,56.254076],[9.332818,56.254583],[9.332935,56.254999],[9.333009,56.255262],[9.333118,56.255633],[9.333234,56.25602],[9.333299,56.256238],[9.333313,56.256325],[9.333313,56.25649],[9.333306,56.256596],[9.333282,56.256995],[9.333286,56.257141],[9.333311,56.257397],[9.333374,56.257904],[9.33343,56.258301],[9.333465,56.258551],[9.333527,56.258896],[9.333564,56.259093],[9.333586,56.259207],[9.333612,56.259393],[9.333618,56.259433],[9.333649,56.259676],[9.33368,56.259949],[9.333711,56.26022],[9.333724,56.260322],[9.333731,56.260408],[9.333731,56.260433],[9.333741,56.260584],[9.333761,56.260794],[9.333791,56.261013],[9.333826,56.261166],[9.333844,56.261221],[9.333896,56.261332],[9.333981,56.261478],[9.33425,56.261928],[9.334517,56.262377],[9.334782,56.262821],[9.334939,56.263085],[9.33524,56.263586],[9.335423,56.2639],[9.33543,56.263911],[9.335648,56.264278],[9.335942,56.264772],[9.336207,56.265213],[9.336425,56.265594],[9.336594,56.265885],[9.336721,56.266089],[9.336911,56.266413],[9.336981,56.266522],[9.337099,56.266715],[9.337322,56.267098],[9.337538,56.267453],[9.337579,56.267536],[9.3376,56.267579],[9.33761,56.267613],[9.337616,56.267648],[9.337621,56.267726],[9.33761,56.267849],[9.337555,56.268058],[9.337491,56.268255],[9.337425,56.268482],[9.337374,56.268664],[9.337309,56.268896],[9.337238,56.26914],[9.33723,56.269178],[9.337221,56.269218],[9.337219,56.269256],[9.337214,56.269332],[9.337221,56.269422],[9.337229,56.269482],[9.337259,56.269625],[9.337317,56.269852],[9.337393,56.270159],[9.337495,56.270525],[9.337614,56.270963],[9.337703,56.271287],[9.337732,56.271419],[9.337741,56.271497],[9.337743,56.271607],[9.337738,56.271672],[9.337706,56.271862],[9.337664,56.272106],[9.33763,56.27227],[9.337588,56.2725],[9.337546,56.272728],[9.337511,56.272922],[9.337454,56.273212],[9.337435,56.273348],[9.337394,56.273626],[9.337372,56.273725],[9.337316,56.274013],[9.337275,56.274213],[9.337234,56.274451],[9.33721,56.274635],[9.3372,56.274788],[9.337174,56.274993],[9.33715,56.275165],[9.337122,56.275304],[9.33707,56.275508],[9.337008,56.275768],[9.336948,56.275988],[9.336861,56.276304],[9.336792,56.27657],[9.336703,56.276876],[9.336627,56.277125],[9.336546,56.277409],[9.336488,56.277605],[9.336463,56.277683],[9.336412,56.277826],[9.336359,56.277966],[9.336274,56.278139],[9.336183,56.278327],[9.336088,56.27851],[9.336017,56.278652],[9.335929,56.278835],[9.33583,56.279033],[9.335796,56.279093],[9.335704,56.279269],[9.335548,56.279578],[9.335434,56.279797],[9.335356,56.279955],[9.335274,56.280117],[9.335175,56.280318],[9.335077,56.280509],[9.334968,56.280736],[9.334839,56.280994],[9.334773,56.281125],[9.334689,56.281291],[9.334545,56.281568],[9.334445,56.28177],[9.334406,56.281848],[9.334385,56.281888],[9.334368,56.281924],[9.334343,56.281977],[9.334314,56.282029],[9.334243,56.282136],[9.334163,56.282237],[9.334108,56.282312],[9.334022,56.282411],[9.333987,56.28245],[9.333968,56.282471],[9.333903,56.282534],[9.33384,56.282599],[9.333789,56.282652],[9.33378,56.282661],[9.333745,56.282697],[9.333736,56.282706],[9.333621,56.282818],[9.333474,56.28296],[9.333459,56.282973],[9.333339,56.283095],[9.333267,56.283171],[9.333224,56.283217],[9.333048,56.283393],[9.332995,56.283447],[9.332868,56.283575],[9.332787,56.283655],[9.3327,56.283744],[9.332693,56.283751],[9.332612,56.283836],[9.332559,56.283892],[9.33247,56.283978],[9.332404,56.284042],[9.332338,56.284106],[9.332255,56.284194],[9.33223,56.284219],[9.332153,56.284298],[9.332128,56.284323],[9.332022,56.284431],[9.331941,56.284518],[9.33183,56.284633],[9.331783,56.284683],[9.33178,56.284687],[9.331759,56.28471],[9.331736,56.284741],[9.331716,56.284768],[9.331662,56.284839],[9.331647,56.28486],[9.331612,56.284911],[9.331602,56.284927],[9.331597,56.284935],[9.331583,56.284956],[9.331578,56.284965],[9.331563,56.28499],[9.331547,56.285018],[9.331526,56.285058],[9.331519,56.285071],[9.331471,56.285166],[9.331413,56.285285],[9.331366,56.285382],[9.331302,56.285522],[9.331301,56.285526],[9.331246,56.285654],[9.331228,56.285697],[9.331206,56.285761],[9.331194,56.285813],[9.331189,56.285859],[9.331184,56.285905],[9.331184,56.285971],[9.331192,56.286018],[9.3312,56.286066],[9.331206,56.286086],[9.331211,56.286102],[9.331219,56.286131],[9.331356,56.286112],[9.331519,56.286088],[9.331546,56.286136],[9.331576,56.286203],[9.331621,56.286301],[9.331644,56.286362],[9.331678,56.28645],[9.331713,56.286558],[9.331721,56.286586],[9.331749,56.286679],[9.331761,56.286718],[9.331795,56.286828],[9.331807,56.286865],[9.331821,56.28691],[9.331862,56.287034],[9.331895,56.287129],[9.331937,56.287233],[9.331964,56.287302],[9.332005,56.287389],[9.332013,56.287404],[9.332062,56.287502],[9.332123,56.287615],[9.332208,56.287781],[9.332279,56.287918],[9.332305,56.287975],[9.332396,56.288138],[9.33251,56.288353],[9.332529,56.288387],[9.332605,56.288526],[9.332654,56.288623],[9.332668,56.288651],[9.332716,56.288726],[9.332766,56.288794],[9.332894,56.288926],[9.332903,56.288935],[9.333033,56.28904],[9.333191,56.289168],[9.333372,56.289323],[9.333376,56.289327],[9.333426,56.289369],[9.333557,56.289478],[9.333621,56.289532],[9.33387,56.289731],[9.333905,56.28976],[9.334002,56.289838],[9.33401,56.289844],[9.33407,56.289895],[9.334119,56.289933],[9.334289,56.29007],[9.334385,56.290149],[9.334466,56.290224],[9.334528,56.290286],[9.334549,56.290308],[9.334699,56.290476],[9.334707,56.290486],[9.334708,56.290487],[9.334868,56.290667],[9.334989,56.290801],[9.334998,56.290811],[9.335032,56.29085],[9.335067,56.290889],[9.33531,56.291158],[9.33539,56.291249],[9.335525,56.291401],[9.335727,56.291624],[9.335854,56.291769],[9.335902,56.291822],[9.336015,56.291945],[9.336149,56.29209],[9.336322,56.292263],[9.336596,56.29252],[9.3369,56.292798],[9.337017,56.292911],[9.337122,56.293017],[9.337187,56.293087],[9.337316,56.293239],[9.337425,56.293397],[9.337531,56.293577],[9.337611,56.29374],[9.337694,56.293961],[9.337757,56.294158],[9.337825,56.294385],[9.337918,56.294723],[9.338056,56.295185],[9.338124,56.295443],[9.338179,56.295643],[9.338235,56.295849],[9.338299,56.29606],[9.338401,56.296417],[9.338528,56.296901],[9.338546,56.296974],[9.338614,56.297243],[9.338685,56.297532],[9.338707,56.297615],[9.338762,56.297826],[9.338868,56.298253],[9.338969,56.298628],[9.338983,56.298676],[9.338993,56.298717],[9.339005,56.298762],[9.339012,56.298783],[9.339067,56.299019],[9.339073,56.299044],[9.339097,56.29913],[9.33915,56.299352],[9.339193,56.299517],[9.33924,56.299694],[9.339275,56.299833],[9.339321,56.300029],[9.339395,56.300321],[9.339465,56.300585],[9.339522,56.30079],[9.3396,56.301034],[9.339695,56.301296],[9.33977,56.30148],[9.339774,56.30149],[9.33984,56.30165],[9.33994,56.301868],[9.340035,56.302056],[9.340098,56.30218],[9.34017,56.302302],[9.340339,56.302586],[9.340353,56.30261],[9.340483,56.302819],[9.340565,56.302962],[9.340595,56.303017],[9.34061,56.303045],[9.34065,56.303111],[9.340661,56.30313],[9.340388,56.303184],[9.340352,56.303191],[9.340159,56.303225],[9.340029,56.303247],[9.339696,56.3033],[9.339515,56.303335],[9.339556,56.30341],[9.339668,56.303579],[9.339825,56.303819],[9.339969,56.304041],[9.34005,56.304163],[9.340139,56.304298],[9.340143,56.304305],[9.340173,56.304349],[9.340246,56.304448],[9.340285,56.304501],[9.340385,56.304632],[9.340543,56.304876],[9.340719,56.305186],[9.34092,56.305546],[9.341103,56.305873],[9.341196,56.306042],[9.341221,56.306112],[9.341245,56.30619],[9.341291,56.306405],[9.341313,56.306537],[9.341334,56.306644],[9.34135,56.30677],[9.341343,56.306835],[9.341316,56.306905],[9.341267,56.306983],[9.341148,56.307115],[9.340988,56.307291],[9.340882,56.307417],[9.340762,56.307578],[9.34071,56.307679],[9.340675,56.307766],[9.340635,56.307885],[9.340616,56.308002],[9.340616,56.308145],[9.340642,56.308272],[9.340664,56.308356],[9.340694,56.308417],[9.340766,56.308517],[9.340833,56.308586],[9.340892,56.308633],[9.340987,56.308694],[9.341157,56.308801],[9.341415,56.308973],[9.341563,56.309082],[9.341675,56.309172],[9.341782,56.30926],[9.342022,56.309505],[9.342223,56.309717],[9.342292,56.309794],[9.34234,56.309859],[9.342453,56.310017],[9.342563,56.310184],[9.342669,56.310346],[9.342832,56.310591],[9.34299,56.310825],[9.343243,56.311205],[9.343511,56.311608],[9.343648,56.31181],[9.34368,56.311856],[9.343719,56.311903],[9.34375,56.311937],[9.343825,56.312005],[9.343922,56.31209],[9.344074,56.312207],[9.344407,56.312461],[9.344735,56.312714],[9.345083,56.312977],[9.345517,56.313311],[9.345819,56.313538],[9.346043,56.313708],[9.346181,56.313825],[9.346152,56.313837],[9.346026,56.313904],[9.345969,56.313958],[9.345898,56.314023],[9.345741,56.314167],[9.345529,56.314354],[9.345273,56.314579],[9.344962,56.314855],[9.344683,56.3151],[9.344423,56.315328],[9.344089,56.315617],[9.343957,56.315732],[9.34387,56.315808],[9.343788,56.315876],[9.343694,56.315952],[9.343525,56.316108],[9.343257,56.316346],[9.343069,56.316514],[9.342787,56.316768],[9.342554,56.316973],[9.342328,56.317178],[9.342004,56.317467],[9.341777,56.317667],[9.341552,56.317866],[9.341312,56.318072],[9.341022,56.318327],[9.340755,56.318562],[9.340453,56.318824],[9.340212,56.31905],[9.340161,56.319104],[9.340123,56.319142],[9.340065,56.319232],[9.339982,56.319386],[9.339774,56.319744],[9.339568,56.320121],[9.339388,56.320451],[9.339279,56.320635],[9.339107,56.320922],[9.338989,56.321068],[9.338778,56.321313],[9.33866,56.32145],[9.338577,56.321543],[9.338424,56.321712],[9.338282,56.321872],[9.338178,56.321986],[9.338058,56.322123],[9.337953,56.322243],[9.337867,56.322343],[9.337814,56.322399],[9.337776,56.322443],[9.337679,56.322551],[9.337621,56.322617],[9.337593,56.322649],[9.337579,56.322665],[9.337509,56.322742],[9.337496,56.322756],[9.337466,56.322791],[9.337383,56.322882],[9.337372,56.322894],[9.337301,56.322976],[9.337224,56.32306],[9.33718,56.32311],[9.337134,56.323157],[9.337072,56.32322],[9.33703,56.32325],[9.336965,56.323294],[9.336874,56.323345],[9.336815,56.323376],[9.336593,56.323477],[9.336332,56.323594],[9.336162,56.323672],[9.336158,56.323674],[9.335924,56.323773],[9.335827,56.323811],[9.335721,56.323841],[9.335673,56.323856],[9.33574,56.323946],[9.335833,56.324085],[9.335893,56.324189],[9.335924,56.324262],[9.335982,56.324408],[9.336033,56.324573],[9.336089,56.32479],[9.336142,56.325003],[9.336158,56.325067],[9.336207,56.325255],[9.336255,56.325437],[9.336283,56.32556],[9.336326,56.325756],[9.336383,56.325962],[9.336437,56.326164],[9.336465,56.326269],[9.33653,56.326521],[9.336598,56.326798],[9.336421,56.326805],[9.336245,56.326806],[9.336123,56.326804],[9.335919,56.326794],[9.335811,56.326786],[9.335568,56.326763],[9.335463,56.326754],[9.335315,56.326739],[9.335024,56.326713],[9.334934,56.326706],[9.334857,56.326705],[9.33478,56.326707],[9.334749,56.32671],[9.334713,56.326712],[9.334552,56.326728],[9.334454,56.326746],[9.334306,56.326779],[9.334101,56.32683],[9.333973,56.326865],[9.333954,56.326842],[9.333944,56.326835],[9.333939,56.326832],[9.333931,56.326831],[9.33392,56.326831],[9.333896,56.326833],[9.333783,56.326853],[9.333739,56.326861],[9.333708,56.326863],[9.333668,56.326863],[9.333627,56.326861],[9.333593,56.326856],[9.333578,56.326852],[9.333562,56.326847],[9.333537,56.326832],[9.333522,56.326822],[9.33351,56.326809],[9.333498,56.326794],[9.333488,56.326772],[9.333473,56.326717],[9.333453,56.326609],[9.333439,56.326503],[9.333437,56.32647],[9.333439,56.326443],[9.333442,56.32643],[9.333448,56.326418],[9.33346,56.326405],[9.333473,56.326392],[9.333496,56.326377],[9.33353,56.326363],[9.333586,56.326343],[9.333621,56.326328],[9.333635,56.326317],[9.333645,56.326304],[9.333646,56.326289],[9.333638,56.326274],[9.333621,56.326259],[9.333603,56.326254],[9.333589,56.326253],[9.333518,56.326254],[9.333474,56.326254],[9.333428,56.326255],[9.333424,56.326255],[9.333215,56.326259],[9.332991,56.326264],[9.332946,56.326265],[9.332923,56.326266],[9.332915,56.32627],[9.332917,56.32628],[9.332923,56.32629],[9.332936,56.326302],[9.332954,56.326319],[9.332969,56.326354],[9.332992,56.326454],[9.333014,56.326563],[9.333034,56.326669],[9.333054,56.326795],[9.333062,56.326871],[9.333059,56.326918],[9.333052,56.326941],[9.333036,56.32697],[9.333012,56.326996],[9.332975,56.32702],[9.332917,56.327047],[9.332845,56.327073],[9.332754,56.327099],[9.332707,56.327114],[9.332669,56.327129],[9.332594,56.327169],[9.332571,56.327185],[9.332567,56.327195],[9.33257,56.327203],[9.332583,56.327229],[9.332193,56.327332],[9.331752,56.327449],[9.331134,56.327613],[9.330384,56.327811],[9.32955,56.328028],[9.328894,56.328202],[9.328083,56.328416],[9.327493,56.328581],[9.327123,56.328696],[9.326634,56.328855],[9.325994,56.329066],[9.325499,56.329227],[9.325107,56.329359],[9.324997,56.329398],[9.324817,56.329466],[9.32473,56.329504],[9.324628,56.329552],[9.324537,56.329597],[9.324409,56.329675],[9.324288,56.329751],[9.32414,56.329866],[9.323865,56.330092],[9.323681,56.330249],[9.323444,56.330451],[9.323412,56.330479],[9.32314,56.330704],[9.322909,56.330899],[9.32278,56.331007],[9.322473,56.331266],[9.322325,56.331393],[9.322214,56.33148],[9.322084,56.331584],[9.322019,56.331633],[9.321927,56.331695],[9.321825,56.331757],[9.321701,56.331825],[9.321609,56.331872],[9.321504,56.331919],[9.321404,56.331962],[9.321278,56.33201],[9.321169,56.332049],[9.320978,56.332112],[9.320684,56.332215],[9.3204,56.332308],[9.320152,56.332392],[9.319987,56.33245],[9.319812,56.332516],[9.319747,56.332542],[9.319674,56.332572],[9.31959,56.332608],[9.319496,56.332652],[9.319384,56.33271],[9.319261,56.332777],[9.319146,56.332842],[9.318993,56.332929],[9.318862,56.333005],[9.318739,56.333076],[9.318561,56.333177],[9.318473,56.333227],[9.318283,56.33333],[9.31811,56.333428],[9.317983,56.333502],[9.317865,56.33357],[9.317739,56.333641],[9.317498,56.333777],[9.317303,56.333889],[9.317102,56.334001],[9.316855,56.334138],[9.316663,56.334246],[9.316514,56.334329],[9.316412,56.334389],[9.316331,56.334434],[9.316188,56.334521],[9.316058,56.334612],[9.315943,56.334705],[9.315841,56.334791],[9.315701,56.334916],[9.315627,56.334971],[9.315564,56.335015],[9.315478,56.335075],[9.315354,56.335151],[9.315217,56.33523],[9.315101,56.335286],[9.314965,56.335349],[9.314883,56.335383],[9.314758,56.335432],[9.314622,56.335476],[9.314502,56.335516],[9.314397,56.335549],[9.314263,56.335582],[9.314154,56.335609],[9.314011,56.335643],[9.313767,56.335698],[9.31359,56.335735],[9.313551,56.335743],[9.313415,56.335778],[9.313244,56.335832],[9.313159,56.335858],[9.313092,56.33588],[9.312674,56.336023],[9.312589,56.336056],[9.312386,56.336134],[9.312282,56.336181],[9.31225,56.336195],[9.312063,56.336274],[9.311792,56.336391],[9.31154,56.336493],[9.311234,56.336609],[9.310984,56.336699],[9.310705,56.336801],[9.310477,56.336884],[9.310248,56.336964],[9.310042,56.337038],[9.309816,56.337119],[9.309652,56.337187],[9.309563,56.337229],[9.309501,56.337258],[9.309343,56.337359],[9.309114,56.337511],[9.308892,56.337667],[9.30867,56.337822],[9.308438,56.337988],[9.308216,56.338146],[9.308013,56.338287],[9.30783,56.338414],[9.307677,56.338512],[9.307499,56.338622],[9.307292,56.33875],[9.307047,56.338895],[9.306837,56.339018],[9.306621,56.339148],[9.306374,56.339297],[9.306144,56.339434],[9.305906,56.339574],[9.305639,56.339737],[9.305382,56.339887],[9.305106,56.340044],[9.304901,56.34016],[9.304617,56.340313],[9.304369,56.340433],[9.30428,56.340472],[9.304199,56.340497],[9.304065,56.340532],[9.303987,56.340547],[9.303899,56.340558],[9.3038,56.340567],[9.30369,56.340574],[9.303501,56.340578],[9.303308,56.340575],[9.302934,56.340574],[9.302506,56.34057],[9.302077,56.340566],[9.301671,56.340564],[9.301318,56.340561],[9.30121,56.340561],[9.301027,56.340562],[9.30092,56.340565],[9.300784,56.340573],[9.300647,56.340585],[9.300431,56.340612],[9.300221,56.34065],[9.300026,56.340696],[9.300141,56.340775],[9.300276,56.340865],[9.300448,56.340984],[9.300572,56.34107],[9.300735,56.341172],[9.300923,56.341295],[9.301091,56.341401],[9.301236,56.34149],[9.301247,56.341497],[9.301353,56.341565],[9.301391,56.34159],[9.301544,56.341693],[9.301669,56.341784],[9.30174,56.341842],[9.301813,56.341915],[9.301875,56.341998],[9.301935,56.342085],[9.30202,56.342228],[9.302034,56.34225],[9.302127,56.34242],[9.302133,56.342492],[9.302128,56.342538],[9.302118,56.342575],[9.302089,56.342619],[9.302037,56.342677],[9.302017,56.342701],[9.30196,56.342766],[9.301876,56.342849],[9.30168,56.343051],[9.301454,56.343283],[9.301301,56.343442],[9.301115,56.34363],[9.300925,56.34382],[9.300808,56.343943],[9.300666,56.344088],[9.300498,56.344259],[9.300354,56.344405],[9.300196,56.344568],[9.300071,56.344699],[9.299945,56.34483],[9.299839,56.344938],[9.299771,56.345008],[9.299687,56.345095],[9.299554,56.345222],[9.29946,56.345319],[9.2994,56.345381],[9.299299,56.34549],[9.2992,56.345591],[9.299107,56.345685],[9.299033,56.345762],[9.298973,56.345826],[9.298856,56.345942],[9.298753,56.346051],[9.298639,56.34617],[9.298519,56.346304],[9.298427,56.346409],[9.298345,56.34651],[9.298279,56.346609],[9.298239,56.346685],[9.298202,56.346764],[9.298153,56.346877],[9.298105,56.346983],[9.298057,56.347089],[9.298008,56.347196],[9.297956,56.34731],[9.297908,56.347411],[9.297868,56.347505],[9.297822,56.347608],[9.297769,56.347727],[9.297706,56.347854],[9.297647,56.347981],[9.297581,56.348122],[9.297527,56.34823],[9.297464,56.348354],[9.297391,56.348501],[9.297301,56.348677],[9.297219,56.348838],[9.297164,56.348948],[9.297103,56.349072],[9.297034,56.34921],[9.296964,56.349343],[9.296902,56.349465],[9.296829,56.349612],[9.296753,56.34976],[9.296701,56.349865],[9.296692,56.349882],[9.296641,56.349976],[9.296587,56.350087],[9.296521,56.350223],[9.296433,56.350397],[9.296362,56.350535],[9.296296,56.350664],[9.296231,56.350783],[9.296169,56.350906],[9.296138,56.350979],[9.296081,56.351094],[9.296004,56.351243],[9.295903,56.351442],[9.29582,56.351617],[9.295737,56.351782],[9.295673,56.351915],[9.295597,56.352065],[9.295528,56.352194],[9.295479,56.352278],[9.29543,56.352347],[9.295378,56.352416],[9.295341,56.352467],[9.295262,56.35255],[9.295147,56.352653],[9.295004,56.352785],[9.294838,56.352926],[9.294687,56.35306],[9.294458,56.353263],[9.294286,56.353415],[9.294121,56.353561],[9.293973,56.353691],[9.293813,56.353829],[9.293609,56.354006],[9.293439,56.354156],[9.293278,56.354294],[9.293122,56.35442],[9.293027,56.354501],[9.292965,56.354533],[9.292861,56.354568],[9.292877,56.35459],[9.292996,56.354759],[9.293152,56.354988],[9.29319,56.355043],[9.293439,56.355399],[9.293729,56.355805],[9.293962,56.356135],[9.294072,56.356292],[9.294268,56.356564],[9.294472,56.356857],[9.294642,56.3571],[9.294753,56.357256],[9.294877,56.357428],[9.294984,56.357577],[9.295042,56.357658],[9.295099,56.357737],[9.295311,56.358037],[9.295441,56.358227],[9.295557,56.358396],[9.295565,56.358408],[9.295593,56.358456],[9.295639,56.358546],[9.295718,56.358714],[9.29579,56.358888],[9.295807,56.358928],[9.295847,56.359019],[9.29587,56.35907],[9.295956,56.35926],[9.29603,56.359434],[9.296104,56.359603],[9.296138,56.359679],[9.296199,56.359817],[9.296217,56.359864],[9.296276,56.360019],[9.296292,56.360062],[9.296302,56.360103],[9.296317,56.360161],[9.296334,56.360248],[9.29635,56.360344],[9.296353,56.36039],[9.296355,56.360403],[9.296355,56.360415],[9.296358,56.360483],[9.296355,56.360573],[9.29647,56.360587],[9.29652,56.3606],[9.296607,56.360633],[9.296734,56.360701],[9.296869,56.360813],[9.296978,56.360924],[9.297141,56.3611],[9.297417,56.361407],[9.297572,56.361586],[9.297663,56.3617],[9.297811,56.361889],[9.297976,56.362092],[9.297988,56.362107],[9.298089,56.362265],[9.298135,56.362408],[9.298187,56.362622],[9.298195,56.36265],[9.29821,56.362699],[9.298272,56.362814],[9.29841,56.363051],[9.298494,56.36319],[9.298517,56.36322],[9.298575,56.36327],[9.298831,56.36347],[9.298982,56.363588],[9.299074,56.363588],[9.299106,56.363588],[9.29922,56.363584],[9.299351,56.363587],[9.299519,56.363589],[9.299954,56.363558],[9.300501,56.363505],[9.300744,56.363495],[9.300908,56.363496],[9.300971,56.3635],[9.301096,56.363506],[9.301197,56.363562],[9.301233,56.363583],[9.301354,56.363656],[9.301407,56.363717],[9.301627,56.363981],[9.301822,56.3642],[9.302002,56.364381],[9.302214,56.364563],[9.30248,56.364763],[9.30281,56.364968],[9.303108,56.36511],[9.303369,56.365215],[9.303393,56.365224],[9.303469,56.365248],[9.303636,56.365299],[9.303899,56.365373],[9.304266,56.36547],[9.304494,56.365544],[9.304711,56.365645],[9.305027,56.365798],[9.305144,56.365858],[9.305328,56.365921],[9.305533,56.365993],[9.305929,56.366141],[9.306079,56.366192],[9.306248,56.366252],[9.306571,56.366355],[9.306824,56.36644],[9.30717,56.366553],[9.307411,56.36663],[9.307662,56.366704],[9.307888,56.36677],[9.308302,56.366887],[9.308561,56.366976],[9.30872,56.367038],[9.308816,56.367088],[9.308921,56.367153],[9.309044,56.36725],[9.309132,56.367346],[9.309228,56.367489],[9.30937,56.3677],[9.309512,56.36789],[9.309585,56.367957],[9.309716,56.368041],[9.309898,56.368161],[9.310078,56.3683],[9.310279,56.368463],[9.310442,56.368567],[9.310646,56.368668],[9.310789,56.368721],[9.310935,56.368759],[9.311131,56.368829],[9.311283,56.368886],[9.31155,56.368973],[9.311749,56.369021],[9.311921,56.369048],[9.312361,56.369134],[9.312623,56.369192],[9.312735,56.369211],[9.312853,56.36922],[9.313046,56.369231],[9.313231,56.369224],[9.313415,56.3692],[9.31358,56.369176],[9.313834,56.36912],[9.313987,56.369088],[9.314109,56.369073],[9.31422,56.369071],[9.314378,56.369094],[9.314578,56.369131],[9.314787,56.369176],[9.315261,56.369296],[9.31557,56.36938],[9.315861,56.369464],[9.316076,56.369524],[9.316336,56.369582],[9.316533,56.369606],[9.316729,56.369611],[9.316921,56.369607],[9.317184,56.369584],[9.317353,56.369563],[9.317479,56.369531],[9.317623,56.369472],[9.317719,56.369417],[9.317778,56.369383],[9.317856,56.369407],[9.317992,56.369445],[9.318034,56.369456],[9.318166,56.369509],[9.318259,56.369566],[9.318347,56.369634],[9.318419,56.369713],[9.318425,56.369724],[9.318441,56.36975],[9.318461,56.369785],[9.318485,56.369858],[9.318502,56.369937],[9.318509,56.370053],[9.318514,56.370162],[9.318499,56.370357],[9.318521,56.370489],[9.318556,56.370628],[9.31859,56.370721],[9.31864,56.370809],[9.318693,56.370897],[9.318751,56.370949],[9.318846,56.371008],[9.318935,56.371035],[9.319062,56.371046],[9.319237,56.371041],[9.319494,56.371025],[9.319642,56.371026],[9.319647,56.371024],[9.319735,56.370984],[9.319783,56.370963],[9.319885,56.371026],[9.320062,56.371137],[9.320339,56.3713],[9.320479,56.371375],[9.320648,56.371447],[9.320855,56.371532],[9.32104,56.371613],[9.321207,56.371683],[9.321444,56.371785],[9.32162,56.371861],[9.321673,56.371884],[9.321985,56.372013],[9.322217,56.372112],[9.322481,56.372225],[9.322756,56.372344],[9.323008,56.372459],[9.323193,56.372552],[9.323263,56.372592],[9.323334,56.372633],[9.32346,56.372709],[9.323501,56.372733],[9.323602,56.372794],[9.323773,56.372904],[9.323796,56.372919],[9.32396,56.373026],[9.324124,56.373136],[9.324262,56.373225],[9.324325,56.373266],[9.324588,56.37344],[9.324695,56.373515],[9.324773,56.373569],[9.324853,56.373621],[9.324923,56.373667],[9.325124,56.373804],[9.32535,56.373954],[9.325484,56.374045],[9.325559,56.374096],[9.325778,56.374243],[9.326088,56.374451],[9.3263,56.374598],[9.326544,56.374766],[9.326824,56.374954],[9.327114,56.375153],[9.327396,56.375346],[9.327612,56.375473],[9.327887,56.375614],[9.328137,56.375741],[9.328379,56.375862],[9.328669,56.376009],[9.328779,56.376067],[9.329006,56.376182],[9.329308,56.376334],[9.329507,56.376432],[9.329684,56.376515],[9.329887,56.376605],[9.330009,56.376657],[9.330191,56.376727],[9.330404,56.376803],[9.330591,56.376857],[9.330661,56.376876],[9.33073,56.376893],[9.330856,56.376921],[9.330976,56.376944],[9.331097,56.376962],[9.331215,56.376978],[9.331381,56.376999],[9.331792,56.377041],[9.332475,56.377094],[9.332592,56.377108],[9.332662,56.377118],[9.33274,56.377135],[9.332819,56.37716],[9.332918,56.377196],[9.333063,56.377263],[9.333206,56.377339],[9.333401,56.377448],[9.333466,56.377494],[9.333508,56.377528],[9.333553,56.377582],[9.333595,56.377656],[9.333615,56.377728],[9.333627,56.37782],[9.333631,56.37794],[9.33363,56.378121],[9.333625,56.37825],[9.333621,56.378287],[9.333618,56.37833],[9.333597,56.378463],[9.333561,56.378557],[9.333533,56.378617],[9.333521,56.378645],[9.33349,56.378713],[9.333416,56.378842],[9.333324,56.378973],[9.333212,56.379113],[9.33312,56.379214],[9.333023,56.379291],[9.332918,56.379353],[9.332805,56.379414],[9.332669,56.37947],[9.332465,56.379535],[9.332272,56.379593],[9.332024,56.379672],[9.33189,56.379726],[9.331792,56.379771],[9.331693,56.37983],[9.331598,56.379898],[9.331519,56.379976],[9.331464,56.380043],[9.331401,56.380142],[9.331357,56.380238],[9.331336,56.380311],[9.331322,56.380401],[9.331332,56.380572],[9.331346,56.380726],[9.331354,56.38079],[9.331364,56.380867],[9.331381,56.381017],[9.331392,56.381133],[9.331406,56.381287],[9.331417,56.38143],[9.331422,56.381491],[9.331449,56.381577],[9.331476,56.381647],[9.331517,56.381718],[9.331588,56.381796],[9.331694,56.381877],[9.331833,56.381963],[9.331965,56.382043],[9.332061,56.382112],[9.332181,56.382208],[9.332271,56.382291],[9.332364,56.382392],[9.332451,56.382498],[9.332606,56.382702],[9.332706,56.38282],[9.33281,56.382936],[9.332916,56.383037],[9.3331,56.38322],[9.333185,56.383308],[9.333245,56.383385],[9.333283,56.383449],[9.333303,56.383521],[9.333314,56.383598],[9.333308,56.383669],[9.333288,56.383732],[9.333225,56.38384],[9.333156,56.383925],[9.333057,56.384033],[9.333014,56.384099],[9.332986,56.384143],[9.33297,56.384183],[9.332963,56.384234],[9.33297,56.384316],[9.332987,56.384376],[9.333022,56.384437],[9.333074,56.384494],[9.333113,56.384528],[9.333132,56.384544],[9.333194,56.384584],[9.333274,56.384628],[9.333383,56.384675],[9.33354,56.384732],[9.333705,56.384793],[9.333835,56.384849],[9.333994,56.384914],[9.334229,56.385021],[9.33436,56.385091],[9.334479,56.385159],[9.33458,56.385226],[9.334664,56.385291],[9.334784,56.385395],[9.334878,56.385489],[9.334978,56.385601],[9.335051,56.385701],[9.33511,56.385776],[9.335197,56.385897],[9.335268,56.386004],[9.335365,56.386137],[9.335436,56.386238],[9.335542,56.386378],[9.335633,56.386502],[9.33568,56.386595],[9.335725,56.386696],[9.335754,56.386786],[9.335781,56.386877],[9.335826,56.386989],[9.335866,56.387059],[9.335913,56.387131],[9.335997,56.387215],[9.336166,56.387356],[9.336295,56.387454],[9.336502,56.387595],[9.336699,56.38772],[9.336841,56.387799],[9.337012,56.387891],[9.337116,56.387947],[9.33722,56.388009],[9.337318,56.388073],[9.337434,56.388162],[9.337523,56.388245],[9.337634,56.38836],[9.337718,56.388458],[9.337786,56.388556],[9.337804,56.388591],[9.337843,56.388665],[9.33789,56.388768],[9.337943,56.388893],[9.337971,56.388953],[9.338004,56.38901],[9.338018,56.389027],[9.338059,56.389076],[9.3381,56.389117],[9.33815,56.389155],[9.338235,56.389208],[9.338564,56.389383],[9.338939,56.389575],[9.339275,56.389762],[9.339583,56.389932],[9.339935,56.39012],[9.34011,56.390218],[9.340248,56.39031],[9.340407,56.390427],[9.340621,56.390585],[9.340872,56.390781],[9.341039,56.390911],[9.341114,56.390972],[9.341299,56.391116],[9.341424,56.391212],[9.341661,56.39138],[9.341849,56.391506],[9.342057,56.391638],[9.342227,56.391746],[9.342407,56.391844],[9.342523,56.391889],[9.342591,56.391911],[9.342699,56.391939],[9.342804,56.391955],[9.343077,56.39199],[9.343175,56.392013],[9.343244,56.392048],[9.343274,56.392079],[9.34329,56.39213],[9.343274,56.3923],[9.343257,56.392426],[9.343251,56.392472],[9.343217,56.392692],[9.34321,56.392761],[9.343195,56.39291],[9.343168,56.393139],[9.343159,56.393265],[9.343184,56.393344],[9.343192,56.393386],[9.343319,56.393398],[9.343587,56.393424],[9.343696,56.393439],[9.343762,56.393468],[9.34383,56.393457],[9.343905,56.393445],[9.344059,56.393433],[9.344581,56.393463],[9.344667,56.393471],[9.344817,56.393502],[9.344908,56.393523],[9.344938,56.393534],[9.345241,56.393639],[9.345667,56.393834],[9.346162,56.394063],[9.346725,56.394309],[9.34713,56.394494],[9.347697,56.394738],[9.348192,56.394963],[9.348579,56.395135],[9.348544,56.395208],[9.348525,56.395386],[9.348529,56.395818],[9.34854,56.396099],[9.348542,56.396417],[9.348552,56.396701],[9.348558,56.397017],[9.348562,56.397365],[9.348551,56.397731],[9.348577,56.397945],[9.348633,56.398018],[9.348753,56.398095],[9.349044,56.3982],[9.349295,56.398277],[9.349389,56.398322],[9.349457,56.398365],[9.349481,56.398413],[9.349504,56.398584],[9.349522,56.398726],[9.349557,56.398993],[9.349589,56.399195],[9.349621,56.399275],[9.349659,56.399315],[9.349671,56.399325],[9.349684,56.399335],[9.349695,56.399343],[9.349709,56.399353],[9.349783,56.399388],[9.349882,56.399431],[9.349932,56.399479],[9.349951,56.399535],[9.349941,56.399574],[9.349919,56.399637],[9.350089,56.399706],[9.35058,56.39992],[9.350994,56.40011],[9.35143,56.400329],[9.351849,56.400543],[9.352322,56.400803],[9.352738,56.40105],[9.353161,56.401314],[9.353232,56.401361],[9.353579,56.401588],[9.353943,56.401849],[9.354225,56.402057],[9.354408,56.4022],[9.354579,56.402339],[9.354787,56.402506],[9.354954,56.402646],[9.355108,56.402785],[9.355271,56.402932],[9.355449,56.403101],[9.355585,56.403239],[9.355744,56.403397],[9.35585,56.403523],[9.355998,56.403679],[9.356138,56.40385],[9.356324,56.404074],[9.356503,56.40429],[9.356659,56.404482],[9.356818,56.404673],[9.356952,56.404839],[9.357086,56.405004],[9.357235,56.405186],[9.357383,56.405373],[9.357529,56.405551],[9.357653,56.405704],[9.357771,56.405853],[9.357926,56.406045],[9.358079,56.406231],[9.358201,56.406384],[9.358339,56.406542],[9.358465,56.4067],[9.358604,56.40687],[9.358625,56.406895],[9.358742,56.407035],[9.358896,56.407231],[9.359019,56.407375],[9.359155,56.407543],[9.359279,56.407695],[9.359403,56.40785],[9.359536,56.408018],[9.359658,56.408166],[9.359781,56.408311],[9.359902,56.408468],[9.360032,56.408625],[9.360216,56.408852],[9.360315,56.408974],[9.360395,56.409072],[9.360511,56.409215],[9.360613,56.409339],[9.360623,56.409352],[9.360756,56.409511],[9.360902,56.40969],[9.361004,56.409819],[9.361179,56.410038],[9.361461,56.410385],[9.361619,56.410577],[9.361716,56.410702],[9.361801,56.410812],[9.361833,56.41085],[9.36197,56.411007],[9.362121,56.411184],[9.362202,56.41127],[9.362317,56.411394],[9.362545,56.411634],[9.362754,56.411841],[9.36301,56.412088],[9.363311,56.412352],[9.363643,56.412622],[9.363797,56.412744],[9.364029,56.41292],[9.364272,56.413101],[9.364595,56.413328],[9.365021,56.413611],[9.365321,56.4138],[9.365717,56.414033],[9.366224,56.414314],[9.366637,56.41453],[9.367006,56.414712],[9.367361,56.414881],[9.367698,56.41504],[9.368148,56.415248],[9.368534,56.415428],[9.368929,56.415613],[9.369353,56.415812],[9.369781,56.416007],[9.370212,56.416209],[9.370587,56.416385],[9.370651,56.416413],[9.371077,56.416606],[9.371468,56.416791],[9.371969,56.417025],[9.372456,56.417249],[9.373018,56.417508],[9.37352,56.417743],[9.374069,56.418003],[9.374609,56.418252],[9.375091,56.418479],[9.375735,56.418776],[9.376179,56.418986],[9.376674,56.419226],[9.377171,56.419481],[9.377448,56.419628],[9.377584,56.4197],[9.378006,56.419939],[9.378511,56.420241],[9.378762,56.420403],[9.379082,56.420607],[9.379307,56.420756],[9.379559,56.420926],[9.379925,56.421188],[9.380219,56.421411],[9.380437,56.421584],[9.380547,56.421673],[9.380752,56.421841],[9.380831,56.421905],[9.381143,56.422176],[9.381467,56.422465],[9.381587,56.422567],[9.38168,56.422557],[9.381682,56.422569],[9.381699,56.422691],[9.38178,56.422704],[9.381815,56.422718],[9.381833,56.42273],[9.381843,56.422742],[9.38185,56.422754],[9.381871,56.422836],[9.381878,56.422849],[9.381891,56.422863],[9.382004,56.422965],[9.382206,56.423148],[9.382432,56.423347],[9.382675,56.423565],[9.38283,56.4237],[9.382972,56.423829],[9.383121,56.423963],[9.38332,56.424139],[9.383502,56.424298],[9.38369,56.424461],[9.383823,56.42458],[9.384011,56.424748],[9.384162,56.424883],[9.384346,56.425048],[9.384472,56.425162],[9.384653,56.425323],[9.384781,56.425434],[9.385023,56.425644],[9.385245,56.425844],[9.385333,56.425923],[9.385424,56.426006],[9.385765,56.426306],[9.385993,56.426508],[9.386349,56.426833],[9.386466,56.426938],[9.386827,56.427255],[9.387061,56.427458],[9.387084,56.427478],[9.387269,56.427635],[9.387491,56.427808],[9.38783,56.428056],[9.38806,56.42821],[9.388338,56.428388],[9.388649,56.428581],[9.389052,56.42881],[9.389419,56.429009],[9.389687,56.429146],[9.389722,56.429162],[9.389753,56.429177],[9.389866,56.429229],[9.389992,56.429287],[9.390103,56.429339],[9.39014,56.429356],[9.390223,56.429394],[9.390417,56.429482],[9.390856,56.429661],[9.3912,56.429802],[9.391437,56.429895],[9.391736,56.430015],[9.392044,56.430136],[9.392389,56.430275],[9.392668,56.430388],[9.392851,56.43046],[9.392872,56.43047],[9.392905,56.430486],[9.393082,56.430568],[9.393296,56.430679],[9.393573,56.430826],[9.393766,56.43093],[9.393804,56.43095],[9.393937,56.431028],[9.394046,56.431092],[9.394289,56.431239],[9.394535,56.431398],[9.394743,56.431546],[9.394932,56.431686],[9.395172,56.431866],[9.395326,56.431991],[9.395465,56.432109],[9.395667,56.43229],[9.395826,56.432436],[9.395958,56.432567],[9.396008,56.432616],[9.396099,56.432714],[9.396249,56.432892],[9.396395,56.433064],[9.396434,56.433114],[9.396437,56.433117],[9.396523,56.433226],[9.396629,56.433373],[9.396721,56.433505],[9.396818,56.433655],[9.396901,56.433786],[9.396985,56.43393],[9.397083,56.434104],[9.397168,56.434273],[9.397179,56.434295],[9.397272,56.434464],[9.397361,56.434629],[9.397434,56.434774],[9.397508,56.434912],[9.39759,56.435065],[9.397654,56.435184],[9.397713,56.435311],[9.397824,56.435538],[9.397921,56.43573],[9.397928,56.435743],[9.39802,56.435923],[9.398135,56.436137],[9.398257,56.436374],[9.398369,56.4366],[9.398497,56.436849],[9.398653,56.437141],[9.398765,56.437338],[9.398801,56.437422],[9.398823,56.437455],[9.398884,56.437579],[9.398972,56.437762],[9.399068,56.437933],[9.399162,56.438098],[9.399233,56.438221],[9.399325,56.438364],[9.399432,56.438518],[9.399559,56.438691],[9.399683,56.438853],[9.399834,56.439036],[9.399994,56.439222],[9.400146,56.439385],[9.400282,56.439527],[9.400382,56.439629],[9.40055,56.439785],[9.400716,56.439941],[9.400882,56.440098],[9.40104,56.440236],[9.40124,56.440408],[9.401411,56.440553],[9.401554,56.44068],[9.40172,56.440827],[9.401912,56.440991],[9.402122,56.441169],[9.402313,56.441337],[9.402474,56.441482],[9.402517,56.441521],[9.402549,56.44155],[9.402582,56.44158],[9.402634,56.441626],[9.402737,56.441726],[9.402785,56.441796],[9.402999,56.442061],[9.40314,56.442284],[9.403209,56.442419],[9.403231,56.442461],[9.403291,56.442619],[9.403336,56.442758],[9.403376,56.442951],[9.403392,56.443083],[9.403396,56.443257],[9.40339,56.443387],[9.403374,56.443521],[9.403331,56.443703],[9.4033,56.443793],[9.403262,56.443901],[9.403242,56.443949],[9.403191,56.444032],[9.403152,56.444072],[9.403128,56.444089],[9.403091,56.444109],[9.403064,56.444117],[9.403005,56.44413],[9.402966,56.444135],[9.4029,56.444138],[9.40277,56.444146],[9.402751,56.444149],[9.402726,56.444156],[9.4027,56.444167],[9.40268,56.444181],[9.402667,56.444197],[9.402653,56.444226],[9.402654,56.444235],[9.402667,56.444264],[9.402681,56.444281],[9.402696,56.444291],[9.40271,56.444298],[9.402879,56.444343],[9.402953,56.444359],[9.403052,56.444381],[9.403116,56.444394],[9.403267,56.444426],[9.403195,56.444495],[9.403112,56.444566],[9.403021,56.444668],[9.402917,56.444783],[9.402841,56.444872],[9.402789,56.444933],[9.40279,56.444954],[9.402871,56.444986],[9.402959,56.445021],[9.402878,56.445085],[9.402791,56.445162],[9.402632,56.44528],[9.402457,56.445414],[9.402307,56.445522],[9.401972,56.445741],[9.401736,56.445888],[9.401539,56.445993],[9.401503,56.446014],[9.401414,56.446067],[9.401323,56.446125],[9.401288,56.446148],[9.401145,56.446231],[9.400994,56.446314],[9.400788,56.446415],[9.400599,56.446504],[9.400399,56.446599],[9.400258,56.44666],[9.400245,56.446665],[9.400188,56.446689],[9.399958,56.446778],[9.399755,56.446857],[9.399667,56.44689],[9.399585,56.446921],[9.399371,56.447001],[9.399218,56.447057],[9.39904,56.447123],[9.398881,56.447181],[9.398774,56.447221],[9.398522,56.447312],[9.398361,56.447375],[9.39813,56.447457],[9.397932,56.447533],[9.397963,56.44755],[9.398086,56.447667],[9.398122,56.447696],[9.398393,56.447602],[9.398467,56.447583],[9.398572,56.447566],[9.398661,56.44757],[9.398732,56.447585],[9.398797,56.447614],[9.398915,56.447668],[9.398987,56.447709],[9.399029,56.447732],[9.399064,56.447716],[9.399118,56.447701],[9.399163,56.447697],[9.399226,56.4477],[9.399263,56.447706],[9.399307,56.44772],[9.399332,56.447733],[9.399392,56.447708],[9.399426,56.447694],[9.399445,56.447687],[9.399479,56.447675],[9.39968,56.447602],[9.399984,56.447507],[9.400384,56.447388],[9.400946,56.447222],[9.401397,56.44709],[9.401416,56.447085],[9.401431,56.447082],[9.401461,56.447074],[9.401513,56.447061],[9.401568,56.447047],[9.401579,56.447044],[9.401648,56.447026],[9.401645,56.447012],[9.401647,56.446995],[9.401654,56.446978],[9.401667,56.446963],[9.401685,56.446949],[9.401705,56.446939],[9.401726,56.446929],[9.401749,56.446921],[9.401776,56.446916],[9.401803,56.446913],[9.401831,56.446913],[9.401858,56.446915],[9.401884,56.44692],[9.40191,56.446927],[9.401929,56.446935],[9.401948,56.446947],[9.401964,56.44696],[9.401976,56.446974],[9.401982,56.446988],[9.401985,56.447003],[9.402058,56.446999],[9.402073,56.446998],[9.402133,56.446994],[9.402146,56.446993],[9.402187,56.446996],[9.402254,56.447],[9.402358,56.447005],[9.402596,56.447046],[9.402927,56.447113],[9.403103,56.447147],[9.40345,56.447216],[9.403583,56.447241],[9.403928,56.447306],[9.403962,56.447312],[9.404316,56.447374],[9.404379,56.447383],[9.404569,56.447407],[9.404638,56.447416],[9.404709,56.447425],[9.404703,56.447447],[9.404712,56.447477],[9.404731,56.447506],[9.404761,56.44753],[9.404783,56.447539],[9.404803,56.447549],[9.40485,56.447562],[9.404907,56.447569],[9.40497,56.447566],[9.404988,56.447562],[9.405014,56.447598],[9.405045,56.447639],[9.405069,56.447672],[9.405117,56.447723],[9.405197,56.447785],[9.405223,56.447795],[9.405304,56.447828],[9.405375,56.447846],[9.405433,56.447858],[9.405526,56.447865],[9.405689,56.447871],[9.405725,56.447867],[9.405772,56.447863],[9.405875,56.447848],[9.40619,56.447799],[9.406553,56.447738],[9.406608,56.447729],[9.406671,56.447722],[9.406756,56.447722],[9.406814,56.447726],[9.406914,56.447738],[9.407029,56.447763],[9.407087,56.447785],[9.407116,56.447797],[9.407131,56.447805],[9.407212,56.447849],[9.407269,56.4479],[9.407318,56.447952],[9.407418,56.448119],[9.407481,56.448194],[9.407488,56.448203],[9.407521,56.448242],[9.407533,56.448255],[9.40767,56.448418],[9.407797,56.448585],[9.40783,56.44862],[9.407918,56.448715],[9.408047,56.448846],[9.408126,56.448918],[9.408216,56.44895],[9.408285,56.448959],[9.408519,56.448981],[9.408795,56.449001],[9.409001,56.449014],[9.409054,56.449015],[9.40909,56.449015],[9.409166,56.449015],[9.409291,56.449012],[9.409387,56.449004],[9.409514,56.448984],[9.409753,56.448942],[9.409865,56.448935],[9.409971,56.448938],[9.409946,56.449052],[9.409871,56.44924],[9.409856,56.449285],[9.409839,56.449337],[9.410037,56.449365],[9.410143,56.449379],[9.410373,56.449407],[9.410434,56.449415],[9.410812,56.449448],[9.410996,56.449457],[9.411064,56.449702],[9.411053,56.449767],[9.411038,56.449825],[9.411053,56.449926],[9.411086,56.450065],[9.411188,56.450063],[9.41129,56.450062],[9.411332,56.45024],[9.411341,56.450486],[9.411333,56.450558],[9.41188,56.450518],[9.411333,56.450558],[9.411341,56.450486],[9.411332,56.45024],[9.41129,56.450062],[9.411308,56.450061],[9.411413,56.450045],[9.411661,56.450009],[9.411957,56.449961],[9.41225,56.449914],[9.412611,56.449855],[9.412696,56.449843],[9.413019,56.449786],[9.413089,56.449773],[9.413207,56.449754],[9.413289,56.449742],[9.413355,56.449735],[9.413446,56.449731],[9.413546,56.449733],[9.413562,56.449734],[9.413618,56.449738],[9.41372,56.449751],[9.4138,56.449766],[9.413871,56.449784],[9.41394,56.449806],[9.413978,56.449822],[9.41405,56.449851],[9.414248,56.449943],[9.414409,56.450026],[9.414811,56.450195],[9.414985,56.450263],[9.415099,56.450303],[9.415162,56.450326],[9.415341,56.450378],[9.415449,56.450396],[9.415678,56.450426],[9.415892,56.450442],[9.415994,56.450445],[9.416135,56.450435],[9.416327,56.450411],[9.416689,56.450369],[9.416955,56.450347],[9.417226,56.450315],[9.417627,56.45027],[9.418048,56.450222],[9.418417,56.450177],[9.418639,56.450152],[9.418749,56.45014],[9.419206,56.450084],[9.41946,56.450054],[9.419631,56.450034],[9.420005,56.449989],[9.420515,56.449943],[9.420895,56.449927],[9.421442,56.449863],[9.421907,56.449808],[9.422251,56.449768],[9.422782,56.449705],[9.423261,56.449649],[9.423643,56.449606],[9.423645,56.449606],[9.423963,56.449569],[9.42394,56.449502],[9.423934,56.449485],[9.423923,56.44946],[9.423882,56.449371],[9.423801,56.449199],[9.423783,56.449159],[9.423701,56.449185],[9.423679,56.449202],[9.423673,56.44922],[9.42368,56.449264],[9.423699,56.449345],[9.423718,56.449402],[9.423689,56.449427],[9.423671,56.449451],[9.423671,56.449469],[9.423677,56.44949],[9.42369,56.44953],[9.423733,56.449663],[9.423745,56.4497],[9.423754,56.449728],[9.423771,56.449743],[9.423809,56.44975],[9.423853,56.44975],[9.423902,56.449749],[9.424031,56.449732],[9.424234,56.44971],[9.424369,56.449698],[9.424409,56.449689],[9.424428,56.449687],[9.424482,56.44968],[9.424558,56.449687],[9.424739,56.449709],[9.424911,56.449734],[9.425061,56.449763],[9.425204,56.449796],[9.425345,56.44985],[9.425457,56.449911],[9.425596,56.450002],[9.425757,56.450117],[9.425897,56.45021],[9.426079,56.450339],[9.426143,56.450374],[9.426216,56.450412],[9.426288,56.450451],[9.426442,56.450472],[9.42657,56.450554],[9.426815,56.450697],[9.426968,56.450796],[9.42708,56.45088],[9.427156,56.450947],[9.427237,56.451035],[9.427328,56.451147],[9.427421,56.451271],[9.427536,56.451422],[9.427703,56.451637],[9.427862,56.451844],[9.428022,56.452052],[9.428119,56.452175],[9.428154,56.45222],[9.428257,56.452349],[9.428376,56.452474],[9.428552,56.452652],[9.428741,56.452841],[9.428955,56.453076],[9.429152,56.453302],[9.429338,56.453534],[9.429524,56.453786],[9.429716,56.45404],[9.42988,56.454278],[9.430027,56.454479],[9.430059,56.454517],[9.430135,56.454612],[9.430201,56.454686],[9.430273,56.454746],[9.430332,56.45479],[9.430396,56.454829],[9.430502,56.454886],[9.430688,56.454986],[9.430885,56.455088],[9.431007,56.455162],[9.431086,56.45522],[9.431166,56.455289],[9.431234,56.45536],[9.431301,56.455444],[9.43139,56.455583],[9.431455,56.455699],[9.431493,56.455776],[9.431523,56.455836],[9.431578,56.455954],[9.431598,56.456009],[9.43161,56.456046],[9.431656,56.456195],[9.431711,56.456373],[9.431754,56.45653],[9.431767,56.456579],[9.431826,56.456777],[9.431882,56.456962],[9.431921,56.457134],[9.431982,56.457362],[9.432049,56.45757],[9.432102,56.457706],[9.432166,56.45786],[9.432268,56.458078],[9.432356,56.458265],[9.43243,56.458421],[9.432456,56.458473],[9.4325,56.458561],[9.432551,56.458671],[9.432602,56.458815],[9.432629,56.458938],[9.43265,56.45906],[9.432663,56.459131],[9.432674,56.459193],[9.432677,56.459207],[9.432632,56.459252],[9.432614,56.459295],[9.432578,56.459383],[9.432524,56.459497],[9.432499,56.459555],[9.432486,56.45961],[9.432481,56.459669],[9.432488,56.459726],[9.432502,56.459779],[9.432541,56.459856],[9.432602,56.459942],[9.432715,56.460081],[9.432816,56.460209],[9.432937,56.46036],[9.433054,56.460507],[9.433183,56.460673],[9.433298,56.460819],[9.433432,56.460985],[9.433506,56.461096],[9.433543,56.461165],[9.433596,56.461277],[9.433664,56.461424],[9.433705,56.461494],[9.433732,56.461525],[9.433758,56.461542],[9.433786,56.461555],[9.433774,56.461616],[9.433752,56.461708],[9.43374,56.461809],[9.433742,56.461919],[9.433758,56.462084],[9.433772,56.462322],[9.433771,56.462423],[9.433762,56.46254],[9.433741,56.462748],[9.433737,56.462816],[9.43377,56.463004],[9.433795,56.463098],[9.433833,56.463201],[9.433911,56.463389],[9.434001,56.463598],[9.434073,56.463773],[9.434168,56.463976],[9.434226,56.464083],[9.434338,56.464278],[9.434433,56.464451],[9.434513,56.464612],[9.434554,56.464705],[9.434624,56.464936],[9.434659,56.465058],[9.434663,56.465072],[9.434709,56.465223],[9.434755,56.465353],[9.434804,56.465476],[9.434856,56.465587],[9.434924,56.465715],[9.434962,56.465778],[9.435009,56.465856],[9.435064,56.465933],[9.435093,56.465973],[9.43518,56.466091],[9.435296,56.466244],[9.435363,56.466347],[9.435408,56.46643],[9.435433,56.46649],[9.435442,56.466527],[9.435465,56.466538],[9.435472,56.466641],[9.435483,56.466832],[9.435477,56.466913],[9.435405,56.467018],[9.435267,56.46721],[9.435181,56.467318],[9.435157,56.46735],[9.434952,56.467622],[9.434791,56.467817],[9.434724,56.467906],[9.434652,56.468],[9.434508,56.468202],[9.434495,56.468227],[9.434516,56.468257],[9.434549,56.468306],[9.434711,56.468291],[9.434795,56.468271],[9.4351,56.468244],[9.435219,56.468241],[9.435526,56.468215],[9.435627,56.468205],[9.43565,56.468201],[9.435873,56.468164],[9.436005,56.468147],[9.436043,56.468142],[9.436139,56.468133],[9.436432,56.468104],[9.436905,56.468061],[9.437012,56.468051],[9.437104,56.468044],[9.43767,56.467994],[9.438118,56.467952],[9.438138,56.46795],[9.43817,56.467947],[9.438693,56.467899],[9.438905,56.467879],[9.439219,56.467848],[9.43969,56.467799],[9.439922,56.467775],[9.440095,56.467757],[9.440526,56.467713],[9.440797,56.467685],[9.441165,56.467646],[9.441395,56.467622],[9.441478,56.467614],[9.441974,56.467564],[9.442527,56.46751],[9.443144,56.467444],[9.443515,56.467408],[9.44369,56.467391],[9.444296,56.467326],[9.444503,56.467305],[9.444827,56.467271],[9.445415,56.467208],[9.445614,56.467189],[9.445632,56.467241],[9.445649,56.46727],[9.445666,56.46729],[9.445699,56.467318],[9.445731,56.467338],[9.445776,56.467357],[9.445858,56.467377],[9.446043,56.467412],[9.446195,56.467434],[9.446313,56.467442],[9.44639,56.46744],[9.446929,56.467395],[9.447257,56.467368],[9.447693,56.467341],[9.44827,56.467302],[9.448837,56.467263],[9.449359,56.467224],[9.449695,56.467202],[9.449849,56.467193],[9.450073,56.467184],[9.450173,56.467183],[9.450316,56.467182],[9.450337,56.467182],[9.4505,56.46718],[9.450697,56.467179],[9.450814,56.467179],[9.450904,56.46718],[9.451524,56.467195],[9.45192,56.467203],[9.452632,56.467218],[9.453312,56.467231],[9.453358,56.467232],[9.453729,56.467243],[9.454292,56.467258],[9.454636,56.467268],[9.455079,56.467268],[9.455291,56.467269],[9.455685,56.467273],[9.45593,56.467276],[9.456107,56.467276],[9.456288,56.467278],[9.456359,56.467274],[9.45642,56.467263],[9.456626,56.467202],[9.45682,56.467135],[9.457067,56.467045],[9.457081,56.46704],[9.457346,56.466946],[9.457531,56.466873],[9.457757,56.466779],[9.458002,56.466699],[9.458291,56.466612],[9.458496,56.466558],[9.458577,56.466536],[9.458765,56.466491],[9.458808,56.46648],[9.459054,56.466436],[9.459074,56.466506],[9.459111,56.466606],[9.459188,56.466746],[9.459257,56.466852],[9.459378,56.467039],[9.459411,56.467033],[9.459446,56.467031],[9.459484,56.467034],[9.459509,56.467039],[9.45952,56.467041],[9.459552,56.467053],[9.459578,56.467069],[9.459595,56.467086],[9.459601,56.467096],[9.459605,56.467104],[9.459608,56.467121],[9.459606,56.467138],[9.459592,56.46716],[9.459929,56.467221],[9.460126,56.467247],[9.460271,56.467258],[9.460418,56.467264],[9.460569,56.467266],[9.46089,56.467269],[9.46131,56.467273],[9.461568,56.467275],[9.461603,56.467276],[9.462387,56.467279],[9.462804,56.467279],[9.463404,56.467283],[9.464092,56.467284],[9.46471,56.467284],[9.465417,56.467286],[9.466287,56.467287],[9.466802,56.46729],[9.467205,56.467292],[9.467865,56.467292],[9.468733,56.467293],[9.468963,56.467294],[9.469293,56.467295],[9.469704,56.467296],[9.469865,56.467296],[9.470017,56.467295],[9.4702,56.467292],[9.470521,56.467284],[9.470882,56.46727],[9.471161,56.467259],[9.471713,56.467236],[9.472301,56.467211],[9.472953,56.467183],[9.473518,56.467159],[9.474122,56.467123],[9.474242,56.467113],[9.474358,56.467104],[9.474783,56.467074],[9.475317,56.467036],[9.475586,56.467006],[9.476067,56.466938],[9.476101,56.467023],[9.476131,56.467096],[9.47621,56.467291],[9.476822,56.467208],[9.477206,56.467158],[9.477628,56.467102],[9.477992,56.467057],[9.478431,56.467002],[9.478782,56.466957],[9.479104,56.466921],[9.479405,56.466881],[9.479568,56.46686],[9.479709,56.466846],[9.480107,56.466807],[9.480531,56.466768],[9.480802,56.466744],[9.481281,56.466706],[9.481623,56.466671],[9.481932,56.466643],[9.482298,56.466611],[9.482658,56.466585],[9.483013,56.466559],[9.483441,56.466533],[9.483707,56.46652],[9.483997,56.466511],[9.484354,56.466495],[9.484705,56.466475],[9.485156,56.466449],[9.48541,56.466434],[9.485671,56.466419],[9.485946,56.466403],[9.486104,56.466393],[9.48626,56.466379],[9.486447,56.466356],[9.486677,56.466327],[9.486848,56.466307],[9.487059,56.466287],[9.487246,56.466271],[9.487486,56.466257],[9.487726,56.466251],[9.488004,56.466247],[9.488257,56.466245],[9.488548,56.466239],[9.488786,56.466235],[9.48904,56.466228],[9.489358,56.466223],[9.489582,56.466214],[9.489924,56.466204],[9.490168,56.466198],[9.490563,56.466191],[9.490789,56.466189],[9.490999,56.466189],[9.491231,56.466189],[9.491413,56.466186],[9.491545,56.466178],[9.491697,56.466162],[9.491813,56.46614],[9.491944,56.466109],[9.492073,56.466074],[9.492426,56.465987],[9.492664,56.465935],[9.492737,56.465927],[9.492815,56.465927],[9.492912,56.465938],[9.49298,56.465953],[9.493079,56.465979],[9.493308,56.466054],[9.493625,56.466154],[9.493826,56.466211],[9.49395,56.466239],[9.494083,56.466259],[9.49415,56.466268],[9.494841,56.466313],[9.495528,56.466362],[9.49602,56.466396],[9.496474,56.466429],[9.49683,56.466452],[9.496944,56.466459],[9.497259,56.466478],[9.497748,56.466504],[9.498188,56.466527],[9.498585,56.466555],[9.498909,56.466581],[9.498957,56.466584],[9.499371,56.466619],[9.499441,56.466625],[9.499775,56.466652],[9.500184,56.46669],[9.500618,56.46673],[9.501059,56.466768],[9.501743,56.466828],[9.50238,56.466887],[9.502649,56.466911],[9.502771,56.466911],[9.502899,56.466904],[9.502948,56.467001],[9.503031,56.467159],[9.503127,56.467343],[9.503164,56.467416],[9.503201,56.467486],[9.503291,56.467667],[9.503324,56.467736],[9.503402,56.467894],[9.503438,56.467982],[9.503453,56.468026],[9.503458,56.468043],[9.50347,56.4681],[9.503474,56.468171],[9.503472,56.468281],[9.503461,56.468424],[9.503444,56.468597],[9.50343,56.468786],[9.503414,56.468958],[9.503397,56.469147],[9.503382,56.469319],[9.50337,56.469465],[9.503358,56.469618],[9.503361,56.469747],[9.503376,56.469853],[9.50341,56.469957],[9.50344,56.470025],[9.503471,56.470076],[9.503523,56.470154],[9.503574,56.470218],[9.503691,56.470359],[9.503788,56.470474],[9.503882,56.470584],[9.503955,56.470668],[9.504065,56.470794],[9.504145,56.470888],[9.504147,56.47089],[9.504259,56.47102],[9.504334,56.471107],[9.504469,56.471262],[9.504567,56.471379],[9.504683,56.47151],[9.504789,56.471631],[9.504818,56.471663],[9.504911,56.471775],[9.505005,56.471882],[9.505105,56.471997],[9.50522,56.472137],[9.505348,56.472284],[9.505454,56.472412],[9.505565,56.472546],[9.505663,56.472652],[9.505684,56.472675],[9.505803,56.472814],[9.505939,56.472971],[9.506099,56.47316],[9.506196,56.473281],[9.506296,56.473403],[9.506304,56.473412],[9.506421,56.473574],[9.506471,56.473652],[9.506505,56.473716],[9.506532,56.473773],[9.506556,56.47384],[9.506583,56.47393],[9.5066,56.474021],[9.506616,56.474136],[9.506631,56.474275],[9.506645,56.474451],[9.506658,56.474618],[9.506669,56.474781],[9.506671,56.474826],[9.50669,56.475055],[9.506702,56.475211],[9.506715,56.475374],[9.506719,56.47543],[9.506739,56.475707],[9.506752,56.475913],[9.506753,56.476006],[9.506741,56.476144],[9.506717,56.476303],[9.506681,56.476425],[9.506621,56.47658],[9.506534,56.476777],[9.506445,56.476965],[9.506385,56.477087],[9.506333,56.477206],[9.50628,56.477337],[9.506241,56.47746],[9.506227,56.477546],[9.50622,56.477665],[9.506222,56.477755],[9.506257,56.47791],[9.506312,56.478062],[9.506339,56.478119],[9.506388,56.478208],[9.506435,56.478279],[9.506552,56.47843],[9.50668,56.47858],[9.506871,56.478799],[9.506877,56.478806],[9.507081,56.479032],[9.507107,56.479062],[9.507376,56.479357],[9.507574,56.479576],[9.507883,56.479931],[9.508178,56.480305],[9.508182,56.480309],[9.508399,56.480638],[9.508618,56.480983],[9.508853,56.481357],[9.509057,56.48168],[9.509301,56.482056],[9.509489,56.482345],[9.509679,56.482611],[9.509834,56.482785],[9.509997,56.482946],[9.510102,56.483049],[9.510452,56.483382],[9.510464,56.483393],[9.510594,56.483514],[9.510643,56.483566],[9.510665,56.483598],[9.510691,56.483646],[9.510704,56.483685],[9.510829,56.483717],[9.510914,56.483749],[9.511166,56.483888],[9.51142,56.484026],[9.511662,56.484162],[9.511897,56.484294],[9.512052,56.484395],[9.512162,56.484476],[9.512295,56.484581],[9.512422,56.484683],[9.512566,56.484796],[9.512794,56.484974],[9.512974,56.485107],[9.513192,56.485269],[9.513317,56.485358],[9.513472,56.485456],[9.513689,56.485581],[9.513888,56.485684],[9.514066,56.485768],[9.514166,56.485813],[9.514326,56.48588],[9.514483,56.485934],[9.514579,56.485962],[9.514696,56.485989],[9.514797,56.486005],[9.515016,56.486029],[9.515237,56.48605],[9.515538,56.486082],[9.515671,56.486103],[9.515806,56.48613],[9.515906,56.48616],[9.51601,56.486199],[9.516146,56.486278],[9.51624,56.48635],[9.516379,56.486464],[9.51647,56.486537],[9.516485,56.486549],[9.516593,56.486636],[9.516774,56.486773],[9.516983,56.48693],[9.517176,56.487072],[9.517354,56.487199],[9.517531,56.487334],[9.517769,56.487506],[9.517924,56.487623],[9.518116,56.487766],[9.51832,56.487921],[9.518512,56.488065],[9.518746,56.488243],[9.518991,56.488428],[9.519144,56.488552],[9.519247,56.48863],[9.519388,56.488746],[9.519557,56.488878],[9.519661,56.488948],[9.519756,56.489011],[9.51985,56.489056],[9.519922,56.489088],[9.520048,56.489133],[9.520182,56.489173],[9.520341,56.48921],[9.520589,56.489258],[9.520901,56.489313],[9.521185,56.489357],[9.521365,56.489375],[9.521571,56.489391],[9.521679,56.489395],[9.522055,56.489411],[9.522347,56.489422],[9.522578,56.489433],[9.522761,56.489441],[9.522891,56.489458],[9.523018,56.489475],[9.522982,56.489518],[9.522926,56.489599],[9.522908,56.489632],[9.522865,56.489743],[9.522822,56.489909],[9.522773,56.490067],[9.522736,56.490243],[9.522715,56.490309],[9.522694,56.490374],[9.522675,56.490527],[9.522664,56.490623],[9.522671,56.490687],[9.522682,56.490733],[9.52276,56.490883],[9.522878,56.491065],[9.522923,56.491137],[9.522962,56.491201],[9.523036,56.491317],[9.523112,56.491428],[9.52322,56.491577],[9.523294,56.491705],[9.523328,56.491786],[9.523344,56.491864],[9.523352,56.491968],[9.523346,56.492043],[9.523339,56.492065],[9.523321,56.49213],[9.523287,56.492201],[9.523246,56.492266],[9.523189,56.492335],[9.523059,56.492459],[9.522898,56.492604],[9.522673,56.492806],[9.522408,56.493053],[9.522209,56.493246],[9.522082,56.493371],[9.522008,56.493439],[9.521861,56.493544],[9.521728,56.49363],[9.521604,56.493704],[9.521421,56.493807],[9.521176,56.493956],[9.521083,56.49401],[9.520811,56.494168],[9.520423,56.494401],[9.520138,56.494576],[9.519992,56.494663],[9.519768,56.494796],[9.519586,56.494901],[9.519392,56.495006],[9.519214,56.495093],[9.518953,56.495202],[9.518638,56.495338],[9.518453,56.495417],[9.518234,56.495514],[9.517914,56.495644],[9.517733,56.495717],[9.517537,56.495776],[9.517407,56.495813],[9.517149,56.495867],[9.516747,56.495944],[9.516235,56.496054],[9.515833,56.496146],[9.515793,56.496155],[9.51549,56.496231],[9.515122,56.496326],[9.514862,56.496395],[9.514582,56.496465],[9.514381,56.496516],[9.514324,56.496529],[9.514201,56.496557],[9.514059,56.496585],[9.513964,56.496601],[9.513867,56.496618],[9.51374,56.496637],[9.513376,56.496693],[9.512948,56.496757],[9.512854,56.496771],[9.512594,56.496811],[9.512305,56.496857],[9.51204,56.496897],[9.511855,56.496921],[9.511564,56.496954],[9.51131,56.496978],[9.511026,56.497],[9.510766,56.497023],[9.510606,56.49704],[9.510413,56.497062],[9.510248,56.497085],[9.510132,56.497109],[9.510024,56.497132],[9.509907,56.497166],[9.509758,56.49721],[9.509706,56.49723],[9.509677,56.49724],[9.509614,56.497266],[9.50939,56.497358],[9.509068,56.497491],[9.509038,56.497503],[9.50878,56.497611],[9.50852,56.497717],[9.508391,56.497768],[9.508312,56.497804],[9.508203,56.497854],[9.508148,56.497882],[9.508073,56.497929],[9.508019,56.497968],[9.507932,56.498035],[9.50784,56.498107],[9.50783,56.498115],[9.507643,56.498265],[9.507594,56.498305],[9.507527,56.49836],[9.507307,56.498535],[9.507226,56.498603],[9.507217,56.49861],[9.507131,56.498687],[9.507029,56.498807],[9.5069,56.498971],[9.506706,56.499222],[9.506509,56.499477],[9.506493,56.499498],[9.506435,56.499574],[9.50634,56.4997],[9.506272,56.499788],[9.506227,56.499845],[9.506094,56.500021],[9.506047,56.500082],[9.505976,56.500175],[9.505919,56.500237],[9.505846,56.500298],[9.505784,56.500338],[9.505728,56.500359],[9.505695,56.500367],[9.505659,56.500376],[9.505558,56.500383],[9.505444,56.500379],[9.505215,56.500355],[9.504891,56.500316],[9.504573,56.500284],[9.504472,56.500276],[9.504249,56.500276],[9.504256,56.500311],[9.50426,56.500403],[9.504263,56.500482],[9.504257,56.500551],[9.504245,56.500677],[9.50424,56.5008],[9.504235,56.500907],[9.504234,56.500929],[9.504222,56.501126],[9.50422,56.50115],[9.504204,56.501369],[9.504188,56.501591],[9.504185,56.501632],[9.504176,56.50175],[9.504181,56.501868],[9.504209,56.501991],[9.504255,56.502088],[9.504298,56.502159],[9.50432,56.502194],[9.504346,56.502224],[9.504402,56.502291],[9.504498,56.502387],[9.504592,56.502454],[9.504821,56.502592],[9.504905,56.502642],[9.504994,56.502695],[9.505149,56.50278],[9.505327,56.502859],[9.505473,56.502908],[9.505675,56.502963],[9.50583,56.502994],[9.50591,56.50301],[9.506119,56.503038],[9.506294,56.50305],[9.506368,56.503053],[9.506467,56.503056],[9.506635,56.503053],[9.506799,56.503041],[9.507015,56.503014],[9.507215,56.502982],[9.507361,56.50296],[9.507522,56.502944],[9.507732,56.502936],[9.508224,56.502929],[9.508444,56.502926],[9.508688,56.502924],[9.508811,56.502923],[9.50892,56.502924],[9.509045,56.502927],[9.50918,56.502934],[9.509313,56.502946],[9.509451,56.502961],[9.509611,56.502984],[9.509736,56.503007],[9.509861,56.503032],[9.510014,56.503067],[9.51006,56.50308],[9.510144,56.503103],[9.510244,56.503135],[9.510399,56.503191],[9.510845,56.503363],[9.511342,56.503569],[9.511729,56.503727],[9.512122,56.50389],[9.512485,56.504038],[9.512912,56.504213],[9.513286,56.504367],[9.513575,56.504482],[9.51379,56.504564],[9.51417,56.504694],[9.51456,56.504811],[9.514694,56.504851],[9.514899,56.504911],[9.51507,56.504962],[9.515302,56.50503],[9.515396,56.505058],[9.515552,56.505103],[9.515817,56.505181],[9.516072,56.505255],[9.516396,56.505348],[9.516489,56.505375],[9.516688,56.505429],[9.51695,56.505497],[9.517115,56.50554],[9.517137,56.505545],[9.517461,56.505626],[9.517617,56.505662],[9.517869,56.50572],[9.518256,56.505795],[9.518463,56.505834],[9.518749,56.505886],[9.519027,56.505937],[9.519203,56.50597],[9.519364,56.506002],[9.519525,56.50604],[9.519686,56.506083],[9.519816,56.506123],[9.519926,56.50616],[9.520058,56.506211],[9.520285,56.506302],[9.520502,56.506393],[9.520771,56.506505],[9.520985,56.506593],[9.521135,56.506648],[9.521245,56.506686],[9.521463,56.506753],[9.521674,56.506812],[9.521763,56.506835],[9.521858,56.506861],[9.521985,56.50689],[9.522213,56.506944],[9.522321,56.506969],[9.522733,56.507061],[9.523187,56.507155],[9.52362,56.50724],[9.524133,56.507338],[9.524522,56.507413],[9.524707,56.507447],[9.524715,56.507448],[9.524861,56.507475],[9.525259,56.507549],[9.525503,56.507594],[9.525904,56.507669],[9.526158,56.507717],[9.526499,56.507781],[9.526734,56.507826],[9.526871,56.507854],[9.526903,56.507861],[9.52706,56.507892],[9.527307,56.507943],[9.527395,56.507962],[9.527429,56.507969],[9.527557,56.507997],[9.52778,56.508044],[9.527989,56.508095],[9.528257,56.508153],[9.52852,56.50821],[9.528688,56.508247],[9.528761,56.508264],[9.528774,56.508267],[9.528894,56.508293],[9.529052,56.508324],[9.5293,56.50837],[9.529519,56.508405],[9.529851,56.508453],[9.530438,56.508529],[9.530976,56.508599],[9.531396,56.508654],[9.531591,56.508679],[9.531879,56.508716],[9.531905,56.508719],[9.532412,56.508783],[9.532791,56.508833],[9.532846,56.508841],[9.53305,56.508873],[9.533325,56.508919],[9.533763,56.509006],[9.534301,56.509121],[9.534739,56.509218],[9.535057,56.509296],[9.5353,56.509365],[9.535711,56.509493],[9.535972,56.509578],[9.536219,56.509662],[9.536458,56.509752],[9.536574,56.509797],[9.536674,56.509836],[9.53689,56.509919],[9.537101,56.509993],[9.53731,56.510063],[9.537328,56.510069],[9.53755,56.510134],[9.537628,56.510155],[9.537793,56.5102],[9.537824,56.510208],[9.537978,56.510247],[9.538205,56.510299],[9.538394,56.510337],[9.538579,56.510372],[9.538784,56.510405],[9.538991,56.510436],[9.53921,56.510463],[9.539439,56.510495],[9.539633,56.510525],[9.539831,56.51056],[9.540012,56.510593],[9.540267,56.510649],[9.54047,56.510699],[9.540492,56.510704],[9.540642,56.510744],[9.540852,56.510804],[9.541047,56.510864],[9.541226,56.510923],[9.54142,56.510994],[9.541624,56.511073],[9.541827,56.511159],[9.541916,56.511195],[9.542009,56.511233],[9.542163,56.511295],[9.542324,56.511354],[9.542484,56.511409],[9.542642,56.511458],[9.542793,56.511504],[9.542914,56.511539],[9.543072,56.511579],[9.543243,56.511621],[9.543466,56.511675],[9.543691,56.511728],[9.543865,56.51177],[9.544363,56.511881],[9.54493,56.512006],[9.545391,56.51211],[9.545888,56.512222],[9.546222,56.512298],[9.546467,56.512353],[9.546945,56.512462],[9.547362,56.512557],[9.547764,56.512649],[9.547938,56.512688],[9.548375,56.512789],[9.548465,56.512809],[9.549055,56.512944],[9.549714,56.513094],[9.550491,56.513271],[9.550992,56.51339],[9.551363,56.513481],[9.551522,56.51352],[9.551633,56.513547],[9.551808,56.513591],[9.552207,56.513688],[9.552653,56.513799],[9.553103,56.513915],[9.553353,56.513983],[9.553489,56.514025],[9.553654,56.514082],[9.553838,56.514148],[9.553977,56.514198],[9.554111,56.514245],[9.554406,56.51435],[9.554744,56.514473],[9.555061,56.514586],[9.555179,56.514633],[9.555459,56.514744],[9.555717,56.514859],[9.55602,56.515002],[9.556206,56.515095],[9.556508,56.515253],[9.55677,56.515407],[9.557051,56.515576],[9.557311,56.515736],[9.557535,56.515872],[9.557837,56.516062],[9.55819,56.516278],[9.558522,56.516483],[9.558749,56.516623],[9.559007,56.516783],[9.559155,56.516881],[9.559248,56.516947],[9.559378,56.51706],[9.559464,56.517143],[9.559498,56.51718],[9.55963,56.517325],[9.55969,56.517391],[9.55986,56.51758],[9.559932,56.51766],[9.560102,56.517852],[9.560289,56.518054],[9.560464,56.518256],[9.560549,56.518364],[9.560654,56.518507],[9.56071,56.518593],[9.560812,56.518762],[9.560856,56.518834],[9.560864,56.518847],[9.560952,56.51904],[9.560981,56.519104],[9.561022,56.519196],[9.561082,56.519344],[9.561197,56.519602],[9.561251,56.519718],[9.56127,56.519756],[9.561324,56.519862],[9.561437,56.520066],[9.561479,56.520133],[9.56163,56.520351],[9.561776,56.520552],[9.561838,56.520639],[9.561923,56.520759],[9.562026,56.520907],[9.562111,56.521024],[9.562204,56.521148],[9.562258,56.521216],[9.562336,56.521304],[9.562417,56.521393],[9.562478,56.521455],[9.562558,56.521532],[9.562629,56.521599],[9.562691,56.521656],[9.562763,56.521727],[9.562871,56.52182],[9.56299,56.521915],[9.563093,56.521992],[9.563115,56.522009],[9.563138,56.522026],[9.563358,56.522183],[9.56362,56.522347],[9.563904,56.522514],[9.564273,56.522717],[9.56448,56.522828],[9.564697,56.522949],[9.564898,56.523063],[9.565116,56.523193],[9.56537,56.523348],[9.56563,56.523506],[9.565891,56.523665],[9.566053,56.523766],[9.566264,56.523894],[9.566588,56.524091],[9.566758,56.524194],[9.56695,56.524314],[9.567156,56.524441],[9.567393,56.524584],[9.567637,56.524733],[9.567819,56.524849],[9.568027,56.524978],[9.56825,56.525113],[9.568425,56.525221],[9.568649,56.525346],[9.568835,56.525451],[9.569098,56.52558],[9.569323,56.525686],[9.5696,56.525806],[9.569695,56.525847],[9.569922,56.525945],[9.570093,56.526019],[9.57013,56.526035],[9.570176,56.526054],[9.570234,56.526078],[9.570292,56.526102],[9.570365,56.526135],[9.570401,56.526151],[9.570583,56.52623],[9.570782,56.52632],[9.570963,56.526407],[9.571146,56.526501],[9.571321,56.526598],[9.571473,56.526682],[9.571731,56.526821],[9.571969,56.526951],[9.572212,56.52709],[9.572366,56.527174],[9.572522,56.527259],[9.572538,56.527268],[9.572782,56.527404],[9.572895,56.527465],[9.573044,56.527548],[9.573335,56.527706],[9.573589,56.527847],[9.573832,56.527979],[9.574058,56.528101],[9.5742,56.52818],[9.574397,56.528292],[9.574567,56.528392],[9.574602,56.528412],[9.574784,56.528515],[9.575011,56.528644],[9.575092,56.52869],[9.575229,56.528767],[9.575325,56.528821],[9.575432,56.528882],[9.575556,56.528953],[9.575717,56.529046],[9.575757,56.529069],[9.575867,56.529132],[9.57601,56.529212],[9.576163,56.529293],[9.576276,56.52935],[9.576382,56.529399],[9.576484,56.529443],[9.576679,56.529527],[9.576863,56.529604],[9.576888,56.529615],[9.576978,56.529652],[9.577234,56.529758],[9.577418,56.529835],[9.577548,56.529889],[9.577596,56.529908],[9.577821,56.530004],[9.578043,56.530096],[9.578231,56.530173],[9.578467,56.530265],[9.578529,56.530291],[9.57861,56.530324],[9.578729,56.530375],[9.578873,56.530427],[9.578894,56.530434],[9.57896,56.530456],[9.579136,56.53051],[9.579279,56.530548],[9.57951,56.53061],[9.579868,56.530703],[9.580066,56.530756],[9.580253,56.530805],[9.580389,56.530846],[9.580489,56.530874],[9.580648,56.530929],[9.580984,56.53105],[9.581295,56.53117],[9.58161,56.531292],[9.581741,56.531343],[9.582152,56.531502],[9.582593,56.531673],[9.583059,56.531854],[9.583373,56.531978],[9.58363,56.53207],[9.583805,56.532126],[9.583926,56.532157],[9.584073,56.532188],[9.584226,56.532217],[9.584426,56.532248],[9.584772,56.532295],[9.585252,56.532361],[9.585706,56.532423],[9.586205,56.532491],[9.586231,56.532495],[9.586583,56.532541],[9.587187,56.532615],[9.587618,56.53266],[9.587732,56.532672],[9.588107,56.532712],[9.58853,56.532761],[9.588546,56.532763],[9.588846,56.532803],[9.589243,56.532861],[9.589849,56.532949],[9.590387,56.533026],[9.59113,56.533135],[9.59135,56.53317],[9.591503,56.533199],[9.591676,56.533235],[9.591812,56.533267],[9.591912,56.533293],[9.592117,56.533353],[9.592445,56.533455],[9.592831,56.53358],[9.593243,56.533715],[9.593743,56.533889],[9.594021,56.533991],[9.594352,56.534113],[9.594767,56.534272],[9.594792,56.534281],[9.595003,56.534358],[9.59508,56.534386],[9.595284,56.53446],[9.595718,56.534623],[9.596237,56.534819],[9.596732,56.535011],[9.597121,56.535174],[9.597586,56.53537],[9.598088,56.535586],[9.598379,56.535714],[9.598553,56.535798],[9.598725,56.535893],[9.598875,56.535985],[9.599022,56.536084],[9.599239,56.536233],[9.59948,56.536402],[9.599754,56.536594],[9.599935,56.536721],[9.600199,56.536905],[9.60044,56.537071],[9.600708,56.537255],[9.60094,56.537413],[9.601048,56.53748],[9.601158,56.537541],[9.601289,56.537606],[9.601447,56.537675],[9.601742,56.537784],[9.602053,56.537895],[9.602403,56.53802],[9.602768,56.538152],[9.602888,56.538195],[9.603092,56.538269],[9.603423,56.53839],[9.603541,56.538433],[9.603636,56.538467],[9.603718,56.538498],[9.603904,56.538554],[9.604109,56.538607],[9.604315,56.538648],[9.604543,56.538686],[9.604812,56.538722],[9.605298,56.538784],[9.605662,56.53883],[9.606163,56.538895],[9.606939,56.538995],[9.607639,56.539083],[9.608143,56.539142],[9.608326,56.539164],[9.608745,56.539203],[9.609046,56.539227],[9.609373,56.539254],[9.609732,56.539284],[9.610018,56.539308],[9.610648,56.539366],[9.611131,56.539414],[9.611245,56.539425],[9.611338,56.539434],[9.611662,56.539472],[9.612218,56.539545],[9.612722,56.539613],[9.613425,56.539708],[9.613566,56.539727],[9.614044,56.539792],[9.614789,56.539895],[9.615573,56.540002],[9.615738,56.540028],[9.615947,56.540066],[9.616129,56.540105],[9.616486,56.540191],[9.616606,56.540222],[9.617066,56.540342],[9.617745,56.540518],[9.618139,56.540625],[9.61849,56.540721],[9.6186,56.540752],[9.618834,56.540818],[9.619029,56.540874],[9.61955,56.541027],[9.620062,56.54118],[9.620491,56.541309],[9.620532,56.541323],[9.620654,56.541363],[9.621085,56.541513],[9.621332,56.541601],[9.621712,56.541738],[9.622016,56.541848],[9.622259,56.541932],[9.622537,56.542022],[9.62274,56.54208],[9.622956,56.542133],[9.623175,56.542179],[9.623449,56.542232],[9.623741,56.542297],[9.623914,56.542338],[9.624102,56.542388],[9.624272,56.542437],[9.624452,56.542492],[9.624727,56.542577],[9.624916,56.542631],[9.625056,56.542665],[9.625193,56.542695],[9.625368,56.542726],[9.625505,56.542744],[9.625677,56.542761],[9.625951,56.542785],[9.626363,56.542818],[9.626535,56.542833],[9.626689,56.54285],[9.626884,56.542879],[9.627141,56.542926],[9.627354,56.542968],[9.627651,56.543028],[9.627958,56.543089],[9.628331,56.543164],[9.628746,56.543248],[9.629095,56.543325],[9.629421,56.543403],[9.629732,56.543481],[9.630166,56.543591],[9.630762,56.543742],[9.631217,56.543857],[9.631439,56.543921],[9.631568,56.543967],[9.63168,56.544016],[9.631772,56.544063],[9.63185,56.544111],[9.631968,56.544193],[9.632088,56.544287],[9.632279,56.544444],[9.632465,56.544602],[9.632568,56.544696],[9.632685,56.54481],[9.632836,56.544967],[9.632965,56.545113],[9.633147,56.545324],[9.633309,56.545513],[9.633464,56.545694],[9.63365,56.545913],[9.633787,56.546075],[9.63396,56.546278],[9.634074,56.546411],[9.634267,56.546645],[9.634473,56.546881],[9.634491,56.546903],[9.634597,56.547034],[9.634696,56.54715],[9.634758,56.54722],[9.634912,56.547398],[9.635116,56.547623],[9.635172,56.547687],[9.635253,56.54778],[9.63537,56.547922],[9.635431,56.547997],[9.635611,56.548225],[9.635743,56.548413],[9.635861,56.54858],[9.635952,56.548708],[9.636092,56.548904],[9.636225,56.549091],[9.63634,56.549257],[9.636472,56.549441],[9.636622,56.549656],[9.636791,56.549897],[9.636969,56.550158],[9.637116,56.550367],[9.637296,56.550619],[9.637459,56.550851],[9.637644,56.551108],[9.637826,56.551367],[9.637986,56.551591],[9.63814,56.551814],[9.638326,56.552075],[9.638403,56.552186],[9.638457,56.552264],[9.638632,56.552515],[9.638736,56.552657],[9.638839,56.552806],[9.638984,56.553007],[9.639146,56.553237],[9.639304,56.553462],[9.639458,56.553686],[9.639613,56.553906],[9.639752,56.554109],[9.63988,56.554297],[9.639947,56.554406],[9.640001,56.554506],[9.640036,56.554582],[9.640069,56.554697],[9.640095,56.554814],[9.640103,56.554959],[9.640097,56.555078],[9.640085,56.555262],[9.640071,56.555431],[9.640052,56.555661],[9.640034,56.555858],[9.640005,56.556125],[9.639987,56.556319],[9.639969,56.556549],[9.63994,56.556796],[9.639922,56.556982],[9.639912,56.557082],[9.639903,56.557178],[9.639889,56.557351],[9.639882,56.557451],[9.63988,56.557482],[9.639884,56.557549],[9.639894,56.557596],[9.639918,56.557644],[9.639923,56.557655],[9.63997,56.557721],[9.640018,56.557773],[9.640118,56.557848],[9.640223,56.557915],[9.640356,56.557994],[9.640572,56.558122],[9.640704,56.558196],[9.640804,56.558253],[9.640859,56.558285],[9.641051,56.558396],[9.641227,56.558499],[9.641292,56.558537],[9.64145,56.558628],[9.641564,56.558688],[9.641701,56.558754],[9.641836,56.55881],[9.64201,56.558873],[9.64228,56.558972],[9.642554,56.559069],[9.642789,56.559153],[9.643015,56.559231],[9.643309,56.559335],[9.643621,56.559447],[9.643795,56.559512],[9.643959,56.559576],[9.644107,56.559635],[9.644264,56.5597],[9.644525,56.559809],[9.644673,56.559872],[9.644862,56.55995],[9.645039,56.560023],[9.645195,56.560089],[9.645267,56.56012],[9.645421,56.560186],[9.645642,56.560277],[9.645822,56.560352],[9.645921,56.560393],[9.645996,56.560424],[9.64616,56.560495],[9.646368,56.560587],[9.646567,56.560667],[9.646777,56.560755],[9.646922,56.560816],[9.647049,56.560865],[9.64721,56.560921],[9.647252,56.560935],[9.647374,56.560975],[9.647624,56.561053],[9.647828,56.561117],[9.647882,56.561136],[9.648025,56.561187],[9.648138,56.561229],[9.648327,56.561305],[9.648466,56.561365],[9.648496,56.561378],[9.648652,56.561446],[9.648859,56.561535],[9.649099,56.561647],[9.649292,56.561732],[9.649509,56.561829],[9.649742,56.561933],[9.649967,56.562038],[9.650076,56.562092],[9.650173,56.562147],[9.650225,56.562183],[9.650278,56.562229],[9.650348,56.562295],[9.650381,56.562333],[9.650433,56.562415],[9.65047,56.562499],[9.650478,56.562535],[9.650482,56.562551],[9.650486,56.562571],[9.650487,56.562595],[9.650488,56.562622],[9.650479,56.562695],[9.650458,56.562766],[9.650437,56.562814],[9.65041,56.562875],[9.65037,56.562955],[9.65028,56.563108],[9.650179,56.563284],[9.650102,56.563416],[9.650017,56.56356],[9.649929,56.563688],[9.649871,56.563763],[9.649778,56.563886],[9.649628,56.564084],[9.649504,56.564237],[9.649342,56.564443],[9.649185,56.564636],[9.648962,56.564922],[9.648783,56.565137],[9.64865,56.565303],[9.648517,56.565463],[9.648379,56.565637],[9.648265,56.565779],[9.648163,56.565908],[9.648072,56.566026],[9.64801,56.566112],[9.647962,56.566182],[9.647932,56.566252],[9.647908,56.566324],[9.647896,56.566401],[9.647882,56.566502],[9.647871,56.566613],[9.647863,56.5667],[9.647857,56.566871],[9.647861,56.566994],[9.647869,56.567079],[9.647894,56.567163],[9.647925,56.567239],[9.647972,56.567328],[9.648021,56.567399],[9.648068,56.56746],[9.648213,56.567646],[9.648285,56.567725],[9.648397,56.567849],[9.648527,56.567992],[9.648637,56.56811],[9.648708,56.568195],[9.648755,56.568263],[9.648811,56.568346],[9.648846,56.568432],[9.64887,56.568507],[9.648877,56.568568],[9.648873,56.568653],[9.648821,56.568921],[9.648749,56.569195],[9.648742,56.569222],[9.648685,56.569479],[9.648662,56.56958],[9.648621,56.569763],[9.648577,56.569952],[9.648561,56.570002],[9.648547,56.570088],[9.648531,56.57018],[9.648521,56.570221],[9.648529,56.570307],[9.648533,56.570361],[9.648547,56.57043],[9.648567,56.570514],[9.648606,56.570593],[9.64865,56.570676],[9.648684,56.570729],[9.64871,56.570765],[9.648794,56.570839],[9.648924,56.570942],[9.649073,56.571055],[9.649253,56.571186],[9.649435,56.571324],[9.649637,56.571477],[9.649928,56.571698],[9.650147,56.571862],[9.65024,56.571934],[9.650415,56.572063],[9.650603,56.572204],[9.650907,56.572432],[9.651129,56.572596],[9.651338,56.572754],[9.651484,56.572869],[9.651575,56.572946],[9.651676,56.573043],[9.651758,56.573145],[9.651837,56.573255],[9.651903,56.573369],[9.651976,56.573508],[9.652034,56.573619],[9.652062,56.573673],[9.65215,56.573845],[9.65224,56.574022],[9.652348,56.574232],[9.652442,56.574421],[9.65254,56.574608],[9.652646,56.57482],[9.652773,56.575052],[9.652904,56.575277],[9.653004,56.575442],[9.653106,56.57561],[9.653235,56.575814],[9.653364,56.576024],[9.653435,56.576146],[9.653519,56.576271],[9.65357,56.576335],[9.653696,56.576441],[9.653845,56.576548],[9.654156,56.576756],[9.654387,56.576909],[9.654577,56.577036],[9.654793,56.57718],[9.655031,56.577337],[9.655243,56.577474],[9.655459,56.577619],[9.655674,56.577765],[9.655873,56.577903],[9.655994,56.577987],[9.656093,56.578056],[9.656266,56.578173],[9.656295,56.578193],[9.656526,56.578353],[9.656772,56.578528],[9.656997,56.578688],[9.657236,56.578852],[9.657458,56.579009],[9.657714,56.579186],[9.657933,56.579337],[9.658215,56.579531],[9.658489,56.579724],[9.658743,56.579905],[9.658913,56.580025],[9.659075,56.580139],[9.659166,56.580203],[9.659378,56.580343],[9.659399,56.580359],[9.659515,56.580447],[9.659575,56.580493],[9.659801,56.580707],[9.660011,56.580898],[9.660255,56.581126],[9.66039,56.581248],[9.660489,56.581339],[9.660574,56.581418],[9.660727,56.581561],[9.660852,56.581674],[9.660889,56.581707],[9.661097,56.581901],[9.66132,56.582105],[9.661505,56.582281],[9.661734,56.582475],[9.661802,56.582554],[9.661835,56.582615],[9.661839,56.582649],[9.661842,56.582673],[9.661831,56.582753],[9.661792,56.582814],[9.661698,56.582914],[9.66167,56.582937],[9.6615,56.58308],[9.661365,56.583183],[9.661191,56.583318],[9.660956,56.583498],[9.660765,56.583634],[9.660585,56.583761],[9.660379,56.583906],[9.660181,56.584041],[9.660041,56.58414],[9.659887,56.584255],[9.659782,56.584343],[9.659707,56.584421],[9.659656,56.584497],[9.659612,56.584583],[9.659587,56.584661],[9.659571,56.584773],[9.659566,56.584804],[9.659561,56.584842],[9.659548,56.584897],[9.659543,56.58492],[9.659533,56.585026],[9.659546,56.58518],[9.65956,56.585327],[9.659546,56.585432],[9.659491,56.585591],[9.659428,56.585705],[9.659387,56.585765],[9.659323,56.585838],[9.659255,56.585908],[9.659186,56.585971],[9.659006,56.585949],[9.658948,56.585943],[9.658757,56.585923],[9.658452,56.585898],[9.658399,56.585893],[9.657636,56.585823],[9.657185,56.585787],[9.656997,56.585781],[9.656799,56.585783],[9.656563,56.5858],[9.656273,56.585838],[9.655869,56.585895],[9.655758,56.585911],[9.655326,56.585972],[9.65522,56.585986],[9.654742,56.58605],[9.654339,56.586101],[9.65393,56.586156],[9.653749,56.586184],[9.65361,56.586216],[9.653445,56.586257],[9.653202,56.58633],[9.652933,56.586418],[9.652741,56.586481],[9.652516,56.586555],[9.652032,56.586715],[9.65147,56.586898],[9.651267,56.586968],[9.651076,56.587031],[9.650692,56.587156],[9.650374,56.587265],[9.650028,56.587383],[9.64986,56.587468],[9.649742,56.58756],[9.649659,56.587665],[9.649576,56.587852],[9.649446,56.588217],[9.649331,56.588555],[9.649239,56.588813],[9.649209,56.588878],[9.649085,56.589039],[9.649474,56.589245],[9.649677,56.589347],[9.649856,56.589434],[9.650015,56.589505],[9.650349,56.589632],[9.650822,56.589798],[9.651059,56.589881],[9.65132,56.589974],[9.651654,56.590088],[9.651956,56.590196],[9.652066,56.590239],[9.652191,56.590287],[9.652453,56.590399],[9.652527,56.590433],[9.652683,56.590504],[9.652782,56.59055],[9.653189,56.590736],[9.653947,56.591102],[9.654314,56.591292],[9.654591,56.59147],[9.654761,56.5916],[9.654936,56.591769],[9.655048,56.591885],[9.655387,56.592305],[9.655703,56.592764],[9.655917,56.593167],[9.656081,56.593494],[9.656268,56.59386],[9.656377,56.594066],[9.65648,56.594226],[9.656582,56.594362],[9.656641,56.59443],[9.656726,56.594527],[9.656854,56.594646],[9.657005,56.594776],[9.657251,56.594945],[9.657505,56.595093],[9.657732,56.595224],[9.658237,56.595493],[9.65886,56.59583],[9.659065,56.595945],[9.659393,56.596123],[9.659987,56.596441],[9.660261,56.596588],[9.660669,56.596808],[9.660904,56.596934],[9.66121,56.597087],[9.661456,56.597196],[9.661648,56.597273],[9.661821,56.59734],[9.662155,56.597462],[9.662408,56.597546],[9.662549,56.597584],[9.662963,56.597695],[9.663429,56.597803],[9.663874,56.597898],[9.664093,56.597935],[9.664243,56.597953],[9.664541,56.597984],[9.664875,56.598004],[9.665006,56.598008],[9.665277,56.59801],[9.665431,56.598007],[9.665808,56.597993],[9.666218,56.597956],[9.666519,56.59791],[9.666776,56.597861],[9.667163,56.597746],[9.667546,56.597628],[9.66788,56.597551],[9.66807,56.597513],[9.668274,56.597486],[9.668502,56.597472],[9.668587,56.597471],[9.668679,56.59747],[9.6687,56.597469],[9.668866,56.597477],[9.669084,56.597493],[9.669205,56.59751],[9.669665,56.597574],[9.670099,56.597638],[9.670669,56.597721],[9.671028,56.597776],[9.671494,56.597842],[9.671879,56.597895],[9.672134,56.597931],[9.672427,56.597967],[9.672803,56.598009],[9.673404,56.598066],[9.673558,56.598081],[9.674007,56.598127],[9.67436,56.598168],[9.674736,56.598206],[9.675171,56.598247],[9.675455,56.598274],[9.675855,56.598305],[9.676225,56.598328],[9.676551,56.598341],[9.677228,56.598369],[9.677711,56.598389],[9.678026,56.598394],[9.678355,56.598392],[9.678611,56.598385],[9.678806,56.598376],[9.679081,56.598358],[9.679429,56.598331],[9.68058,56.598226],[9.680935,56.598195],[9.681032,56.598188],[9.681221,56.59817],[9.681605,56.598143],[9.681983,56.598124],[9.682365,56.598117],[9.682589,56.598118],[9.682763,56.598126],[9.683105,56.59815],[9.683333,56.598171],[9.683629,56.598199],[9.684034,56.598243],[9.684386,56.598284],[9.685048,56.598366],[9.685757,56.598457],[9.686481,56.59855],[9.6873,56.598649],[9.68824,56.598763],[9.688766,56.598823],[9.689186,56.598873],[9.689865,56.598937],[9.690609,56.599005],[9.690797,56.599024],[9.690948,56.599037],[9.691147,56.599055],[9.69127,56.599068],[9.691421,56.59908],[9.691685,56.599106],[9.692107,56.599152],[9.69262,56.599204],[9.693102,56.599255],[9.693589,56.599311],[9.694238,56.599395],[9.694614,56.599445],[9.694936,56.599491],[9.695121,56.599519],[9.695313,56.599547],[9.695446,56.599566],[9.695665,56.599598],[9.695963,56.599655],[9.696104,56.599689],[9.696213,56.599714],[9.696394,56.599761],[9.696642,56.599825],[9.696747,56.599854],[9.696795,56.599868],[9.697148,56.599961],[9.69767,56.600094],[9.698137,56.600211],[9.698525,56.600308],[9.699041,56.600426],[9.699176,56.600451],[9.699353,56.600482],[9.69957,56.600519],[9.699878,56.600574],[9.700121,56.600624],[9.700295,56.600669],[9.700409,56.600696],[9.700744,56.60079],[9.70095,56.600845],[9.70111,56.600885],[9.701469,56.600966],[9.701761,56.601035],[9.702151,56.601134],[9.702508,56.601232],[9.702774,56.601312],[9.702933,56.601356],[9.703071,56.601397],[9.703198,56.601433],[9.703349,56.601469],[9.70344,56.601487],[9.7036,56.601517],[9.70368,56.601531],[9.703851,56.601558],[9.703954,56.601572],[9.704142,56.601596],[9.704461,56.601616],[9.704923,56.601631],[9.705359,56.601654],[9.705823,56.601679],[9.706154,56.601701],[9.706496,56.601737],[9.70656,56.601744],[9.706855,56.60177],[9.70723,56.601805],[9.707456,56.601812],[9.707612,56.601808],[9.70775,56.601805],[9.70787,56.601798],[9.708223,56.601769],[9.708472,56.601737],[9.708686,56.601703],[9.709142,56.601625],[9.709565,56.60153],[9.710014,56.60141],[9.710582,56.601245],[9.710763,56.601191],[9.710921,56.601148],[9.71118,56.601082],[9.711346,56.601041],[9.711427,56.601024],[9.711542,56.601003],[9.71164,56.600988],[9.71174,56.600972],[9.712043,56.600929],[9.712296,56.600904],[9.712439,56.60089],[9.712544,56.600881],[9.712648,56.600877],[9.712793,56.600877],[9.713056,56.600879],[9.713326,56.600884],[9.713525,56.600887],[9.713753,56.60089],[9.714026,56.60088],[9.714145,56.600868],[9.714345,56.600844],[9.714504,56.600825],[9.714855,56.600768],[9.715078,56.600742],[9.715299,56.600711],[9.715434,56.600699],[9.715577,56.60068],[9.715935,56.600643],[9.716225,56.60062],[9.716545,56.600593],[9.716651,56.600588],[9.716811,56.600581],[9.717352,56.600563],[9.71809,56.600548],[9.718637,56.600536],[9.718769,56.600532],[9.71891,56.600526],[9.719091,56.600512],[9.71933,56.600494],[9.719535,56.600478],[9.719686,56.600465],[9.720026,56.600442],[9.720149,56.600439],[9.720292,56.600439],[9.720421,56.600444],[9.721047,56.600476],[9.721638,56.600513],[9.721979,56.600535],[9.722302,56.600552],[9.722433,56.600559],[9.722774,56.600578],[9.723508,56.600621],[9.724203,56.600663],[9.72427,56.600667],[9.724306,56.600669],[9.72446,56.600679],[9.725027,56.600715],[9.725698,56.600751],[9.726167,56.600759],[9.726556,56.600749],[9.726964,56.600734],[9.727345,56.600712],[9.727527,56.600697],[9.727639,56.600686],[9.727834,56.600665],[9.727981,56.600648],[9.728424,56.60059],[9.728661,56.600549],[9.72888,56.600507],[9.729318,56.600419],[9.729642,56.600356],[9.729745,56.600341],[9.729862,56.600329],[9.73014,56.600305],[9.730293,56.600292],[9.730345,56.600291],[9.730425,56.600288],[9.730535,56.600285],[9.730604,56.600298],[9.730663,56.600311],[9.730816,56.600356],[9.730839,56.600364],[9.730865,56.600374],[9.730909,56.600396],[9.730974,56.600435],[9.731168,56.600586],[9.73118,56.600594],[9.731223,56.600632],[9.731355,56.60075],[9.731534,56.600905],[9.731757,56.601063],[9.731975,56.601209],[9.732132,56.60131],[9.732505,56.601546],[9.732868,56.601795],[9.733076,56.601919],[9.733522,56.602146],[9.733641,56.602203],[9.734103,56.602442],[9.734567,56.602699],[9.735008,56.60295],[9.7352,56.60306],[9.735479,56.603222],[9.736008,56.60354],[9.736291,56.603698],[9.73646,56.603778],[9.736553,56.603816],[9.736666,56.603853],[9.73684,56.603899],[9.736967,56.603924],[9.737176,56.603963],[9.737442,56.604008],[9.738331,56.60416],[9.738457,56.604182],[9.739135,56.604299],[9.739461,56.604356],[9.740181,56.604484],[9.740534,56.604547],[9.740801,56.604592],[9.741391,56.604699],[9.7422,56.604846],[9.74268,56.604928],[9.742916,56.604972],[9.743084,56.605002],[9.74429,56.605224],[9.744544,56.60527],[9.744709,56.6053],[9.744908,56.605334],[9.74517,56.605378],[9.745307,56.605404],[9.745712,56.605472],[9.745902,56.605501],[9.746628,56.605626],[9.747334,56.605752],[9.748005,56.605874],[9.748584,56.605978],[9.748919,56.606038],[9.749338,56.606114],[9.749482,56.606139],[9.749752,56.606185],[9.750066,56.606239],[9.750344,56.606287],[9.750651,56.606341],[9.750977,56.6064],[9.751363,56.606469],[9.75166,56.606522],[9.751777,56.606543],[9.751914,56.606569],[9.751962,56.606577],[9.752146,56.606612],[9.752557,56.606685],[9.752809,56.60673],[9.752841,56.606735],[9.75288,56.606742],[9.753124,56.606786],[9.753326,56.60682],[9.753511,56.606852],[9.753898,56.606922],[9.754113,56.606961],[9.754441,56.607019],[9.75446,56.607022],[9.754715,56.607066],[9.754933,56.607103],[9.755087,56.607131],[9.755238,56.607158],[9.755507,56.607207],[9.755808,56.607259],[9.756145,56.607318],[9.756187,56.607325],[9.756239,56.607335],[9.756414,56.607366],[9.756526,56.607386],[9.756687,56.607415],[9.756927,56.607457],[9.757226,56.607511],[9.757524,56.607563],[9.757786,56.607609],[9.758029,56.607651],[9.758204,56.607681],[9.758413,56.607717],[9.758623,56.607754],[9.758848,56.607793],[9.759082,56.607833],[9.759353,56.607883],[9.759515,56.607913],[9.760239,56.608043],[9.760688,56.608123],[9.76112,56.608198],[9.762074,56.608355],[9.762251,56.608383],[9.762489,56.608426],[9.762636,56.608454],[9.762916,56.608524],[9.762959,56.608537],[9.763088,56.608574],[9.763314,56.608639],[9.763376,56.608658],[9.763573,56.608719],[9.763705,56.608758],[9.763771,56.608778],[9.76395,56.608824],[9.764072,56.60885],[9.764185,56.608871],[9.764238,56.608879],[9.764288,56.608885],[9.764359,56.60889],[9.764433,56.608893],[9.764553,56.608895],[9.764664,56.608891],[9.764888,56.60888],[9.765027,56.608874],[9.765105,56.608872],[9.765308,56.608876],[9.765457,56.608885],[9.765534,56.608894],[9.76563,56.60891],[9.765729,56.608933],[9.765801,56.608951],[9.765846,56.608965],[9.76597,56.609006],[9.766448,56.609171],[9.766698,56.609251],[9.76684,56.60929],[9.766898,56.609304],[9.767112,56.60935],[9.767276,56.609382],[9.767479,56.609414],[9.76763,56.609429],[9.767848,56.609447],[9.768068,56.60946],[9.768293,56.609465],[9.768463,56.609472],[9.768776,56.609491],[9.768927,56.609504],[9.768995,56.609517],[9.769041,56.609528],[9.769065,56.609533],[9.769126,56.60955],[9.769175,56.609565],[9.769247,56.609588],[9.76928,56.6096],[9.769332,56.609617],[9.769324,56.609654],[9.769321,56.60967],[9.769344,56.609717],[9.769356,56.609768],[9.769361,56.60982],[9.769358,56.609832],[9.769357,56.609919],[9.769351,56.609969],[9.769342,56.61002],[9.769318,56.610116],[9.769312,56.610138],[9.769301,56.610168],[9.769279,56.610222],[9.769272,56.610234],[9.769226,56.610315],[9.769187,56.610394],[9.76918,56.610421],[9.769172,56.610458],[9.76916,56.610517],[9.769107,56.610744],[9.769016,56.611054],[9.768993,56.611151],[9.768952,56.611273],[9.768886,56.61148],[9.768873,56.611518],[9.768806,56.611675],[9.768761,56.611773],[9.768617,56.612057],[9.768434,56.612388],[9.768263,56.612691],[9.768158,56.612888],[9.768123,56.612967],[9.767974,56.61334],[9.767947,56.613412],[9.767827,56.613722],[9.76767,56.614062],[9.76751,56.614406],[9.767309,56.614747],[9.767103,56.615074],[9.76696,56.615323],[9.766934,56.615379],[9.766968,56.615437],[9.767018,56.615494],[9.767274,56.615635],[9.767562,56.615799],[9.767876,56.615979],[9.768247,56.616199],[9.768589,56.616357],[9.768897,56.616502],[9.768973,56.616549],[9.769069,56.616621],[9.769139,56.61668],[9.769195,56.616743],[9.769312,56.616918],[9.769327,56.61696],[9.769349,56.617025],[9.769359,56.617154],[9.769382,56.617311],[9.769414,56.617413],[9.769475,56.617559],[9.769497,56.617602],[9.769604,56.617782],[9.769786,56.618012],[9.769986,56.618215],[9.770143,56.618361],[9.770577,56.618768],[9.770945,56.619105],[9.771274,56.619418],[9.771592,56.619722],[9.771769,56.619875],[9.771789,56.619891],[9.772011,56.620084],[9.772251,56.620276],[9.772524,56.620482],[9.772788,56.620683],[9.77308,56.6209],[9.773307,56.621052],[9.773477,56.62116],[9.773513,56.621176],[9.773623,56.621225],[9.773667,56.621248],[9.773692,56.621279],[9.773704,56.621321],[9.773708,56.621485],[9.773712,56.621512],[9.773721,56.621538],[9.773786,56.621608],[9.773975,56.621788],[9.774025,56.62183],[9.774057,56.621861],[9.774091,56.621907],[9.77411,56.621932],[9.773963,56.621937],[9.773754,56.621958],[9.773682,56.621973],[9.773454,56.622028],[9.773412,56.622038],[9.773356,56.622057],[9.773243,56.622102],[9.773122,56.622162],[9.773038,56.622215],[9.772957,56.622281],[9.772894,56.622346],[9.772789,56.622491],[9.77276,56.622611],[9.772758,56.622712],[9.772778,56.622819],[9.772838,56.622941],[9.772946,56.623116],[9.773041,56.623261],[9.773238,56.623554],[9.773368,56.623753],[9.773417,56.623844],[9.773442,56.623916],[9.773448,56.624008],[9.773443,56.62408],[9.773421,56.624136],[9.773345,56.624279],[9.773175,56.624599],[9.773033,56.624848],[9.772926,56.624989],[9.772825,56.625112],[9.772743,56.625215],[9.772697,56.625277],[9.772679,56.625302],[9.772605,56.625404],[9.772533,56.625514],[9.772436,56.625669],[9.772359,56.625803],[9.772339,56.625841],[9.772269,56.625975],[9.772207,56.626088],[9.772203,56.626095],[9.772148,56.626174],[9.77213,56.6262],[9.771876,56.626537],[9.771664,56.62681],[9.771382,56.62719],[9.771176,56.627467],[9.770914,56.627813],[9.770588,56.628233],[9.770278,56.628641],[9.769905,56.62913],[9.769557,56.629587],[9.769243,56.629989],[9.769115,56.630147],[9.76897,56.630331],[9.76893,56.630394],[9.768925,56.630427],[9.768935,56.630468],[9.768964,56.630504],[9.769018,56.63054],[9.769052,56.630559],[9.769303,56.630649],[9.769648,56.630778],[9.769816,56.63086],[9.769896,56.63091],[9.769915,56.63092],[9.769927,56.630927],[9.769962,56.630955],[9.770133,56.631037],[9.770539,56.63123],[9.77061,56.631259],[9.770683,56.631284],[9.770826,56.631318],[9.770955,56.631339],[9.771698,56.631405],[9.7718,56.631413],[9.772031,56.631444],[9.772094,56.631455],[9.772185,56.631473],[9.772309,56.631511],[9.772694,56.631649],[9.773024,56.631777],[9.773522,56.63197],[9.774001,56.632168],[9.774178,56.632256],[9.774359,56.63236],[9.774617,56.632525],[9.774736,56.632594],[9.774872,56.632675],[9.77494,56.632705],[9.775031,56.632742],[9.77517,56.632782],[9.775274,56.632801],[9.775374,56.63281],[9.775577,56.632824],[9.775797,56.632839],[9.7759,56.632852],[9.776031,56.632876],[9.776128,56.632898],[9.776266,56.632941],[9.776515,56.633043],[9.776798,56.633145],[9.777339,56.633319],[9.777673,56.633437],[9.777728,56.633457],[9.777837,56.633496],[9.777976,56.633547],[9.778266,56.633649],[9.778715,56.633805],[9.778805,56.633836],[9.778992,56.633905],[9.779168,56.633968],[9.77937,56.634043],[9.779434,56.634079],[9.779471,56.6341],[9.779616,56.634094],[9.779796,56.634088],[9.780275,56.634086],[9.780759,56.634078],[9.780933,56.634066],[9.781112,56.634047],[9.781278,56.634024],[9.781391,56.634003],[9.78163,56.633946],[9.78187,56.633875],[9.781939,56.633854],[9.782227,56.633768],[9.782489,56.633687],[9.782615,56.633653],[9.782831,56.633587],[9.783103,56.63351],[9.78312,56.633549],[9.783114,56.633615],[9.783081,56.633692],[9.783047,56.633745],[9.783006,56.633771],[9.78295,56.633855],[9.783008,56.633894],[9.783043,56.633932],[9.783227,56.633908],[9.783369,56.633892],[9.78355,56.633878],[9.783812,56.633869],[9.784173,56.633863],[9.784377,56.633866],[9.784558,56.633873],[9.784722,56.633887],[9.784959,56.633908],[9.785141,56.633926],[9.785269,56.633944],[9.785434,56.633974],[9.785864,56.634072],[9.786002,56.634106],[9.786052,56.634124],[9.786103,56.634142],[9.7862,56.634176],[9.786472,56.634273],[9.786721,56.634375],[9.786933,56.63448],[9.787149,56.634608],[9.787441,56.634795],[9.787874,56.635072],[9.788388,56.635415],[9.788888,56.63574],[9.789256,56.635982],[9.78951,56.636147],[9.789635,56.636229],[9.789658,56.636245],[9.789707,56.636275],[9.79011,56.636533],[9.790567,56.636833],[9.790966,56.637095],[9.791053,56.637152],[9.791069,56.637163],[9.791111,56.637204],[9.79127,56.6373],[9.791344,56.637341],[9.791376,56.637362],[9.79147,56.637423],[9.791611,56.637512],[9.791709,56.637567],[9.791836,56.63763],[9.792049,56.637716],[9.792182,56.637762],[9.792328,56.637803],[9.792373,56.637819],[9.792366,56.637835],[9.792352,56.637867],[9.792481,56.637889],[9.792685,56.63792],[9.792699,56.637922],[9.792847,56.637947],[9.792869,56.637949],[9.792963,56.637958],[9.793041,56.637948],[9.793768,56.638037],[9.794033,56.638099],[9.794317,56.638168],[9.794717,56.638261],[9.79504,56.638336],[9.795312,56.638395],[9.795716,56.638447],[9.79586,56.638462],[9.795997,56.638476],[9.796372,56.638496],[9.796673,56.638498],[9.79686,56.638492],[9.796895,56.638438],[9.796927,56.638227],[9.796933,56.638127],[9.796941,56.638094],[9.796956,56.63789],[9.796958,56.637835],[9.796976,56.637772],[9.797058,56.637657],[9.797121,56.63758],[9.797245,56.637403],[9.797315,56.63742],[9.797729,56.637518],[9.798138,56.637596],[9.798285,56.637611],[9.798435,56.637621],[9.798531,56.637619],[9.798604,56.637618],[9.79863,56.637617],[9.798703,56.637609],[9.798746,56.637606],[9.798763,56.637604],[9.798784,56.637602],[9.7988,56.637601],[9.798818,56.637599],[9.798896,56.637592],[9.798969,56.637583],[9.798988,56.63758],[9.799015,56.637577],[9.799059,56.637572],[9.799173,56.637557],[9.799578,56.637499],[9.800024,56.637452],[9.800359,56.637426],[9.800546,56.637411],[9.801094,56.637365],[9.801149,56.637364],[9.801519,56.63736],[9.801685,56.637393],[9.801745,56.637407],[9.801866,56.637437],[9.801872,56.637438],[9.80218,56.637518],[9.802315,56.637554],[9.802721,56.637658],[9.803025,56.637752],[9.803093,56.637785],[9.803189,56.637822],[9.803293,56.637873],[9.803339,56.637893],[9.803089,56.637919],[9.802652,56.637954],[9.799819,56.638044],[9.799691,56.638045],[9.799636,56.638223],[9.799578,56.638421],[9.799494,56.638569],[9.799337,56.63867],[9.799277,56.638678],[9.799239,56.6387],[9.799173,56.638738],[9.799146,56.638771],[9.799121,56.638831],[9.799108,56.638938],[9.799069,56.639148],[9.799064,56.639184],[9.79906,56.639211],[9.799051,56.639274],[9.79905,56.639344],[9.799049,56.639414],[9.798897,56.639409],[9.798715,56.639382],[9.797948,56.639212],[9.797773,56.63917],[9.797714,56.639156],[9.797619,56.639267],[9.797588,56.639303],[9.797471,56.63942],[9.797343,56.639548],[9.797145,56.639748],[9.797114,56.639779],[9.797051,56.639844],[9.796726,56.640158],[9.796662,56.640213],[9.796533,56.640299],[9.796458,56.640349],[9.79634,56.640442],[9.795485,56.640854],[9.795302,56.640929],[9.795054,56.641042],[9.794939,56.641088],[9.794766,56.641162],[9.794458,56.641292],[9.794367,56.641327],[9.793979,56.641481],[9.793806,56.641555],[9.793509,56.641681],[9.793491,56.641688],[9.793346,56.641746],[9.793177,56.641837],[9.793031,56.641948],[9.792919,56.642054],[9.792856,56.642148],[9.792856,56.642149],[9.792812,56.642283],[9.792804,56.642395],[9.792811,56.642468],[9.792814,56.642497],[9.792842,56.642615],[9.792873,56.642716],[9.79289,56.642773],[9.792909,56.642836],[9.792931,56.642913],[9.792827,56.642928],[9.792774,56.642935],[9.792721,56.642947],[9.792633,56.642972],[9.792431,56.643036],[9.792283,56.643081],[9.792192,56.643109],[9.791807,56.643226],[9.791694,56.643264],[9.791345,56.643378],[9.791327,56.643384],[9.791269,56.643403],[9.790691,56.643584],[9.790452,56.643658],[9.79021,56.643737],[9.79006,56.643785],[9.789874,56.643844],[9.78982,56.643861],[9.789803,56.643866],[9.789579,56.643936],[9.78929,56.644026],[9.789098,56.644086],[9.788814,56.644174],[9.788704,56.644208],[9.788685,56.644214],[9.788479,56.644277],[9.788245,56.64435],[9.788007,56.644425],[9.787862,56.64447],[9.787738,56.644509],[9.78772,56.644515],[9.787648,56.644536],[9.787497,56.644583],[9.787378,56.64462],[9.787339,56.644632],[9.787154,56.644692],[9.786568,56.644873],[9.78636,56.644938],[9.786274,56.644964],[9.786253,56.644971],[9.786018,56.645042],[9.785668,56.645152],[9.785262,56.645278],[9.785012,56.645357],[9.784825,56.645416],[9.78466,56.645465],[9.784337,56.645562],[9.784214,56.645596],[9.784204,56.645599],[9.784014,56.645661],[9.783897,56.645708],[9.783874,56.645717],[9.783784,56.645757],[9.783704,56.645803],[9.783626,56.645853],[9.783609,56.645866],[9.783591,56.645881],[9.783572,56.645896],[9.783556,56.645909],[9.783512,56.645943],[9.783432,56.646014],[9.783409,56.646033],[9.783378,56.646064],[9.783347,56.646102],[9.783334,56.64612],[9.783305,56.646153],[9.783251,56.646233],[9.7832,56.646367],[9.783146,56.646546],[9.783104,56.6467],[9.783089,56.646756],[9.783061,56.64691],[9.783041,56.647053],[9.783028,56.64719],[9.783024,56.647353],[9.783022,56.647505],[9.783015,56.647714],[9.783014,56.647826],[9.783011,56.647883],[9.783009,56.647925],[9.782995,56.647972],[9.782969,56.648029],[9.782945,56.648065],[9.78292,56.648091],[9.782888,56.648124],[9.782831,56.648163],[9.78278,56.648197],[9.782678,56.648241],[9.782606,56.648266],[9.782495,56.648289],[9.782398,56.648308],[9.782309,56.648327],[9.782004,56.648382],[9.78186,56.648409],[9.781576,56.648464],[9.780719,56.648621],[9.780476,56.648666],[9.780035,56.648751],[9.779375,56.648883],[9.778761,56.649002],[9.778301,56.649098],[9.777439,56.649262],[9.777093,56.649327],[9.776266,56.64949],[9.775851,56.649572],[9.775403,56.64967],[9.77518,56.64972],[9.774684,56.649829],[9.774451,56.649887],[9.773786,56.650028],[9.773654,56.650056],[9.77318,56.650158],[9.772683,56.650265],[9.771788,56.650462],[9.771042,56.650626],[9.770663,56.650709],[9.770374,56.650756],[9.770123,56.650789],[9.769967,56.6508],[9.769981,56.650871],[9.76999,56.650912],[9.770108,56.651145],[9.770143,56.651212],[9.770282,56.651478],[9.770327,56.651566],[9.770342,56.651596],[9.770382,56.651674],[9.77044,56.651789],[9.770592,56.652082],[9.77072,56.652344],[9.770767,56.652442],[9.770986,56.652853],[9.771094,56.653056],[9.771142,56.653148],[9.771165,56.653193],[9.771202,56.653263],[9.771358,56.653573],[9.771374,56.653605],[9.771605,56.654038],[9.771762,56.654347],[9.771833,56.654487],[9.771964,56.654733],[9.772026,56.654851],[9.772198,56.655182],[9.772401,56.65557],[9.772439,56.655642],[9.772606,56.65596],[9.77264,56.656026],[9.772732,56.656207],[9.772886,56.656503],[9.772993,56.656712],[9.773064,56.65685],[9.773124,56.656969],[9.773214,56.65715],[9.773238,56.657198],[9.77326,56.65724],[9.773261,56.657241],[9.773365,56.657446],[9.773507,56.657727],[9.773585,56.657886],[9.773607,56.657931],[9.773651,56.658022],[9.773766,56.658271],[9.773803,56.658353],[9.77384,56.658465],[9.77385,56.658572],[9.773828,56.65869],[9.773765,56.658801],[9.773707,56.658869],[9.773663,56.658919],[9.77338,56.659202],[9.773062,56.659509],[9.773053,56.659518],[9.77292,56.659651],[9.772793,56.659777],[9.772418,56.660141],[9.772075,56.660479],[9.771754,56.660796],[9.771353,56.661188],[9.771219,56.66132],[9.770981,56.661551],[9.770931,56.661602],[9.770783,56.66175],[9.770723,56.661811],[9.770657,56.661877],[9.770598,56.661935],[9.770417,56.662115],[9.769997,56.662532],[9.769981,56.662549],[9.769743,56.662781],[9.769426,56.663093],[9.769336,56.663173],[9.769061,56.663446],[9.768841,56.663664],[9.768572,56.663933],[9.76848,56.664023],[9.768412,56.664089],[9.768272,56.664224],[9.767922,56.664572],[9.767734,56.664767],[9.767594,56.664908],[9.76754,56.664963],[9.767504,56.664998],[9.767276,56.665221],[9.767049,56.665448],[9.76671,56.665786],[9.766422,56.666074],[9.766156,56.666338],[9.765984,56.666383],[9.765489,56.66644],[9.764815,56.66651],[9.764731,56.666521],[9.764721,56.666536],[9.764733,56.666583],[9.76474,56.666601],[9.764753,56.666633],[9.764766,56.666664],[9.764781,56.666704],[9.764794,56.666735],[9.7648,56.666751],[9.764812,56.66678],[9.764816,56.66681],[9.764814,56.666836],[9.764803,56.666889],[9.764778,56.666947],[9.764749,56.666984],[9.764691,56.667036],[9.764618,56.667091],[9.764567,56.667125],[9.764508,56.667158],[9.764428,56.667199],[9.76435,56.667238],[9.764289,56.667272],[9.764228,56.667307],[9.764172,56.667343],[9.764109,56.667389],[9.764059,56.667427],[9.764004,56.66747],[9.763947,56.667516],[9.763902,56.667555],[9.76386,56.667593],[9.76381,56.667643],[9.763767,56.667684],[9.763716,56.667735],[9.763671,56.667781],[9.763623,56.66783],[9.763587,56.667867],[9.763536,56.667918],[9.763483,56.667969],[9.763432,56.668019],[9.763381,56.66807],[9.763344,56.66811],[9.763299,56.66816],[9.763255,56.668211],[9.763222,56.668253],[9.763181,56.668304],[9.763141,56.668356],[9.763099,56.668411],[9.763067,56.668452],[9.763027,56.668505],[9.762996,56.668544],[9.762966,56.668584],[9.762924,56.668638],[9.762884,56.668688],[9.762843,56.66874],[9.762802,56.668792],[9.762763,56.668842],[9.762722,56.668894],[9.762689,56.668936],[9.762653,56.668981],[9.762612,56.669034],[9.762572,56.669086],[9.762539,56.669127],[9.762496,56.669181],[9.762462,56.669224],[9.762421,56.669275],[9.76238,56.669327],[9.762338,56.66938],[9.762297,56.669432],[9.762265,56.669473],[9.762221,56.669529],[9.762181,56.66958],[9.762148,56.669622],[9.762115,56.669664],[9.76208,56.669709],[9.762046,56.669752],[9.762004,56.669805],[9.761962,56.669857],[9.761922,56.669907],[9.76187,56.669967],[9.761827,56.670019],[9.761791,56.670062],[9.761748,56.670111],[9.7617,56.670166],[9.761655,56.670217],[9.761612,56.670268],[9.761574,56.670312],[9.761537,56.670354],[9.761489,56.670409],[9.761446,56.670458],[9.76141,56.6705],[9.761371,56.670546],[9.761339,56.670584],[9.761297,56.670633],[9.761254,56.670684],[9.761218,56.670725],[9.761186,56.670768],[9.761159,56.670812],[9.761136,56.670871],[9.761233,56.67097],[9.760971,56.671271],[9.760775,56.671501],[9.760579,56.67173],[9.760323,56.672037],[9.760059,56.672354],[9.759838,56.672623],[9.759549,56.672971],[9.759375,56.673181],[9.759142,56.673461],[9.759008,56.673624],[9.758762,56.673916],[9.758421,56.674324],[9.758259,56.674516],[9.75794,56.674885],[9.757772,56.67509],[9.757724,56.675153],[9.757443,56.675502],[9.757372,56.675584],[9.757334,56.675631],[9.757201,56.675792],[9.756849,56.676237],[9.756551,56.676609],[9.756293,56.676939],[9.756137,56.677135],[9.755991,56.677326],[9.755874,56.677473],[9.755808,56.677565],[9.755674,56.677758],[9.755533,56.677965],[9.755356,56.678234],[9.755117,56.678592],[9.754948,56.678846],[9.754835,56.67901],[9.754788,56.679086],[9.75469,56.67922],[9.754653,56.67927],[9.754551,56.679391],[9.754343,56.679612],[9.754119,56.67982],[9.754101,56.679836],[9.75395,56.679963],[9.753839,56.680057],[9.753483,56.680352],[9.753058,56.680704],[9.752605,56.681076],[9.752572,56.681103],[9.752476,56.681183],[9.752362,56.681276],[9.752271,56.681348],[9.751871,56.681679],[9.751489,56.68199],[9.751387,56.682074],[9.750923,56.682461],[9.750854,56.682519],[9.750638,56.682701],[9.750519,56.682806],[9.750333,56.682968],[9.75004,56.683233],[9.749875,56.683392],[9.749829,56.683446],[9.749656,56.683648],[9.749581,56.683736],[9.74953,56.683789],[9.749445,56.683876],[9.749277,56.684052],[9.749247,56.684083],[9.749176,56.684157],[9.74906,56.684273],[9.748909,56.684425],[9.74856,56.684785],[9.748459,56.684886],[9.748271,56.685088],[9.748089,56.685273],[9.748045,56.685318],[9.747806,56.685571],[9.747763,56.685614],[9.747532,56.685848],[9.747443,56.685932],[9.747354,56.686012],[9.74725,56.686101],[9.746974,56.68631],[9.746723,56.686518],[9.746594,56.686664],[9.746537,56.68674],[9.746452,56.686885],[9.74642,56.686981],[9.746345,56.687222],[9.746292,56.687432],[9.746261,56.687637],[9.746252,56.687746],[9.74625,56.687761],[9.746251,56.687891],[9.746282,56.688038],[9.74629,56.688075],[9.746308,56.688183],[9.746336,56.688374],[9.746353,56.688594],[9.746612,56.688593],[9.74695,56.688593],[9.747282,56.688589],[9.74748,56.688584],[9.7476,56.688578],[9.747836,56.688561],[9.74844,56.688513],[9.748705,56.688498],[9.748964,56.688477],[9.749047,56.688474],[9.749118,56.688476],[9.749421,56.688495],[9.749615,56.688531],[9.749848,56.688588],[9.749951,56.688616],[9.750003,56.68863],[9.750271,56.688698],[9.750579,56.688776],[9.750753,56.68882],[9.750981,56.688874],[9.75114,56.688914],[9.751401,56.688965],[9.751484,56.688981],[9.752266,56.689124],[9.752574,56.689182],[9.75319,56.689291],[9.753589,56.689362],[9.753728,56.689384],[9.753984,56.689419],[9.754187,56.689438],[9.75428,56.689443],[9.75439,56.689448],[9.754479,56.689452],[9.754623,56.689454],[9.754689,56.689455],[9.754862,56.689458],[9.755991,56.689447],[9.756631,56.689438],[9.756925,56.689435],[9.757211,56.68944],[9.757514,56.689455],[9.757769,56.689477],[9.757992,56.689507],[9.758352,56.689572],[9.759218,56.689752],[9.760419,56.69],[9.760559,56.690031],[9.760761,56.690075],[9.761237,56.690174],[9.761472,56.690217],[9.761601,56.690241],[9.761774,56.690265],[9.761991,56.69029],[9.762272,56.690311],[9.762642,56.690324],[9.76326,56.690335],[9.764134,56.690342],[9.764352,56.690342],[9.764679,56.690353],[9.765022,56.69037],[9.765365,56.69039],[9.765622,56.690414],[9.765758,56.690433],[9.765938,56.690465],[9.766258,56.690542],[9.766586,56.690628],[9.766842,56.690696],[9.767166,56.690767],[9.767526,56.690835],[9.7679,56.690891],[9.768201,56.69093],[9.768472,56.690956],[9.768748,56.690967],[9.769075,56.690967],[9.769425,56.690957],[9.770059,56.690937],[9.770333,56.690924],[9.770613,56.690917],[9.770916,56.690917],[9.771112,56.690919],[9.771286,56.690926],[9.771399,56.690933],[9.771483,56.690942],[9.771612,56.690957],[9.771725,56.690971],[9.772045,56.691023],[9.772436,56.691095],[9.772951,56.691194],[9.773238,56.691258],[9.773498,56.691327],[9.773694,56.691395],[9.773811,56.691443],[9.773968,56.691516],[9.77419,56.691633],[9.774479,56.691815],[9.774704,56.691964],[9.774907,56.69209],[9.7751,56.692207],[9.775311,56.692324],[9.775556,56.692446],[9.775787,56.692565],[9.776116,56.692752],[9.776371,56.692922],[9.776604,56.693084],[9.776764,56.6932],[9.776907,56.693306],[9.777101,56.693449],[9.77727,56.693563],[9.777465,56.693685],[9.777645,56.693788],[9.777687,56.693812],[9.777924,56.693945],[9.778361,56.694183],[9.778754,56.694403],[9.778799,56.694426],[9.779002,56.694527],[9.779203,56.694609],[9.779482,56.69471],[9.779806,56.694824],[9.779968,56.694885],[9.780091,56.694938],[9.780187,56.69498],[9.780326,56.69505],[9.780568,56.695178],[9.780803,56.695321],[9.781482,56.695738],[9.782032,56.69608],[9.782305,56.696276],[9.782353,56.696313],[9.782509,56.696442],[9.782619,56.696547],[9.782697,56.696627],[9.782747,56.696701],[9.782789,56.696793],[9.7828,56.696849],[9.782805,56.696908],[9.7828,56.696984],[9.782792,56.697027],[9.782777,56.697076],[9.782688,56.697284],[9.782558,56.697576],[9.782542,56.697613],[9.782358,56.698033],[9.782215,56.698358],[9.78217,56.698519],[9.782159,56.698607],[9.782169,56.698693],[9.782198,56.698796],[9.78229,56.698961],[9.782565,56.699398],[9.782716,56.699631],[9.78284,56.699814],[9.782881,56.699847],[9.782927,56.699871],[9.783016,56.699894],[9.783124,56.699915],[9.782951,56.700253],[9.782799,56.700502],[9.78269,56.700633],[9.782478,56.700875],[9.782284,56.70109],[9.782045,56.701346],[9.781801,56.701608],[9.781412,56.702002],[9.781153,56.702272],[9.780951,56.702474],[9.780933,56.702492],[9.780758,56.702669],[9.780533,56.70289],[9.780176,56.703261],[9.779901,56.703537],[9.779789,56.703652],[9.779694,56.703736],[9.779427,56.703909],[9.779202,56.70402],[9.779026,56.704115],[9.778918,56.704193],[9.77886,56.704252],[9.778819,56.704314],[9.778801,56.704361],[9.778783,56.704436],[9.778792,56.704502],[9.778832,56.704586],[9.778889,56.704654],[9.779021,56.704718],[9.779123,56.704749],[9.779248,56.704772],[9.779444,56.704793],[9.779686,56.704817],[9.779745,56.704823],[9.780147,56.704857],[9.78038,56.704878],[9.780529,56.704878],[9.780613,56.704872],[9.78071,56.704865],[9.78088,56.704858],[9.780975,56.704865],[9.781043,56.704874],[9.781165,56.7049],[9.781212,56.704922],[9.781284,56.704961],[9.781351,56.705018],[9.781442,56.705112],[9.781518,56.705208],[9.781545,56.705254],[9.781613,56.705343],[9.781852,56.705693],[9.782011,56.705925],[9.782148,56.706101],[9.782294,56.706247],[9.78248,56.706395],[9.782666,56.706533],[9.782966,56.706774],[9.783029,56.706837],[9.783115,56.706944],[9.783302,56.707177],[9.783606,56.707563],[9.784018,56.708076],[9.784033,56.708094],[9.784347,56.708483],[9.784609,56.708776],[9.784903,56.70908],[9.785095,56.709277],[9.785302,56.709475],[9.785544,56.709703],[9.785675,56.709832],[9.785857,56.71],[9.786027,56.710121],[9.786244,56.710249],[9.786452,56.710377],[9.786499,56.710404],[9.786548,56.710434],[9.786643,56.710492],[9.786679,56.710522],[9.786716,56.710553],[9.786827,56.710651],[9.786847,56.710675],[9.786926,56.710768],[9.787058,56.710973],[9.787301,56.711376],[9.787518,56.711735],[9.787697,56.71202],[9.787723,56.71205],[9.787788,56.712104],[9.787858,56.71214],[9.787911,56.712158],[9.787997,56.712178],[9.788069,56.712188],[9.788217,56.712195],[9.788329,56.712182],[9.788491,56.712158],[9.788738,56.71212],[9.789001,56.712078],[9.78918,56.712055],[9.789318,56.712054],[9.789473,56.712066],[9.789634,56.712103],[9.789768,56.712155],[9.789935,56.712257],[9.790102,56.71237],[9.790323,56.712525],[9.790647,56.712752],[9.791099,56.713072],[9.791474,56.713322],[9.791873,56.71357],[9.792254,56.713807],[9.792511,56.713964],[9.792818,56.714149],[9.793223,56.714373],[9.793746,56.714651],[9.794272,56.714933],[9.794864,56.715246],[9.795313,56.715484],[9.795345,56.715501],[9.795457,56.715566],[9.795768,56.715738],[9.796262,56.716023],[9.796334,56.716065],[9.796595,56.716223],[9.796953,56.716452],[9.797202,56.7166],[9.797323,56.716679],[9.797657,56.71685],[9.797745,56.716891],[9.798147,56.717061],[9.798807,56.717338],[9.799154,56.717483],[9.799338,56.717556],[9.799566,56.717601],[9.79967,56.717616],[9.799769,56.717628],[9.800023,56.717639],[9.800263,56.717648],[9.800686,56.717659],[9.800986,56.717673],[9.801254,56.71768],[9.801498,56.717688],[9.8016,56.717694],[9.801672,56.717699],[9.801847,56.717697],[9.801859,56.717719],[9.801933,56.717832],[9.802226,56.718233],[9.802289,56.718336],[9.802314,56.718395],[9.802329,56.718461],[9.802336,56.718519],[9.802319,56.718653],[9.802279,56.718784],[9.802222,56.718967],[9.802164,56.719136],[9.802081,56.719379],[9.801966,56.719711],[9.801903,56.719916],[9.801827,56.720144],[9.801811,56.720181],[9.801785,56.720273],[9.802123,56.720374],[9.802475,56.720504],[9.802705,56.720607],[9.803153,56.720807],[9.803542,56.720991],[9.804202,56.721288],[9.804735,56.721531],[9.805009,56.72163],[9.805217,56.721679],[9.805447,56.721709],[9.805696,56.72173],[9.805957,56.72174],[9.806347,56.721746],[9.806404,56.721748],[9.807262,56.72176],[9.808396,56.721791],[9.80995,56.721822],[9.810875,56.721839],[9.811919,56.721868],[9.81224,56.721887],[9.812627,56.721949],[9.813117,56.722038],[9.813576,56.722127],[9.813881,56.722187],[9.814036,56.722218],[9.814273,56.722264],[9.814743,56.722356],[9.815314,56.722469],[9.815901,56.722584],[9.816149,56.722633],[9.816397,56.722685],[9.81702,56.722807],[9.817256,56.722853],[9.817353,56.722872],[9.817667,56.722932],[9.818305,56.723057],[9.81837,56.723069],[9.818579,56.723109],[9.818677,56.723127],[9.81889,56.72317],[9.81927,56.723242],[9.819568,56.723299],[9.819787,56.723343],[9.819797,56.723345],[9.820026,56.723392],[9.820256,56.723442],[9.82029,56.723448],[9.820353,56.723459],[9.820438,56.723478],[9.820648,56.723526],[9.820824,56.723568],[9.820932,56.723597],[9.821028,56.723626],[9.821091,56.723644],[9.821264,56.723705],[9.821351,56.723738],[9.821661,56.723861],[9.821907,56.723957],[9.822021,56.72399],[9.821985,56.724129],[9.82196,56.724283],[9.821953,56.724319],[9.821938,56.724398],[9.821928,56.724448],[9.821897,56.72464],[9.821885,56.724734],[9.821884,56.724805],[9.821892,56.724859],[9.821933,56.724961],[9.821963,56.725014],[9.822013,56.725079],[9.822068,56.725137],[9.821916,56.725194],[9.821561,56.725311],[9.821493,56.725332],[9.821459,56.725341],[9.821308,56.725384],[9.821109,56.725432],[9.820938,56.725471],[9.820696,56.725515],[9.820492,56.725553],[9.82029,56.725592],[9.820001,56.725649],[9.819748,56.725701],[9.819528,56.725743],[9.819373,56.725775],[9.819215,56.72581],[9.819066,56.725848],[9.818952,56.725886],[9.818905,56.725901],[9.818752,56.725952],[9.818507,56.726042],[9.81838,56.726093],[9.81831,56.726123],[9.818192,56.726175],[9.818012,56.726259],[9.817832,56.726349],[9.817685,56.726423],[9.817461,56.726539],[9.817294,56.726623],[9.817191,56.726671],[9.817105,56.726716],[9.817027,56.726759],[9.816742,56.726922],[9.816595,56.727038],[9.816551,56.727073],[9.816403,56.72719],[9.816064,56.727473],[9.815811,56.727685],[9.815773,56.727716],[9.815723,56.727758],[9.8156,56.72786],[9.815471,56.727967],[9.815307,56.728091],[9.815163,56.728177],[9.815021,56.72824],[9.814741,56.728353],[9.814192,56.728569],[9.813132,56.728984],[9.812634,56.729179],[9.812377,56.729274],[9.811986,56.729412],[9.811321,56.729642],[9.810963,56.729769],[9.810828,56.729819],[9.810674,56.729878],[9.810186,56.730074],[9.809611,56.730307],[9.809384,56.730393],[9.809137,56.730493],[9.808803,56.730618],[9.80851,56.730732],[9.808072,56.730896],[9.80782,56.730994],[9.807373,56.731161],[9.807139,56.731257],[9.806887,56.731364],[9.806872,56.731405],[9.806861,56.731468],[9.806855,56.731542],[9.806826,56.731733],[9.806814,56.731811],[9.806799,56.731966],[9.806797,56.732089],[9.806788,56.732271],[9.806779,56.732473],[9.806716,56.732977],[9.806694,56.733096],[9.806633,56.733397],[9.806616,56.733473],[9.806555,56.733721],[9.806494,56.733974],[9.806391,56.734419],[9.806371,56.734498],[9.806278,56.734889],[9.806178,56.735249],[9.805969,56.735272],[9.805712,56.735298],[9.805198,56.735338],[9.80466,56.735383],[9.804319,56.7354],[9.803912,56.735408],[9.803356,56.735412],[9.803361,56.735542],[9.803378,56.735689],[9.803408,56.735837],[9.803427,56.735942],[9.803431,56.735977],[9.80344,56.736019],[9.803444,56.736047],[9.803462,56.736167],[9.803482,56.736266],[9.803492,56.736315],[9.803498,56.736362],[9.803511,56.736463],[9.803513,56.736523],[9.803511,56.736573],[9.803502,56.736636],[9.803437,56.73676],[9.803274,56.736981],[9.803052,56.737273],[9.802849,56.73756],[9.802703,56.737778],[9.802656,56.737848],[9.802609,56.73793],[9.802541,56.738041],[9.802465,56.738188],[9.802388,56.73834],[9.802285,56.73855],[9.80223,56.738668],[9.802169,56.738793],[9.802125,56.738886],[9.802096,56.738955],[9.802063,56.73906],[9.802028,56.739186],[9.802009,56.739271],[9.802005,56.739301],[9.802002,56.739323],[9.801994,56.73939],[9.801993,56.739452],[9.801995,56.739641],[9.801988,56.739935],[9.801986,56.740206],[9.801986,56.74046],[9.801984,56.740579],[9.80198,56.74075],[9.801983,56.740978],[9.801983,56.741242],[9.801986,56.74138],[9.801985,56.741513],[9.801987,56.741674],[9.801986,56.741809],[9.801979,56.742067],[9.801972,56.742297],[9.801976,56.742453],[9.801978,56.742549],[9.801976,56.742705],[9.801981,56.742874],[9.801976,56.7431],[9.801975,56.743277],[9.801977,56.743521],[9.801977,56.743795],[9.801974,56.743918],[9.801975,56.744182],[9.80198,56.74434],[9.801983,56.744389],[9.801982,56.744631],[9.801973,56.744749],[9.801955,56.744854],[9.801925,56.744944],[9.801872,56.745033],[9.801485,56.745532],[9.801201,56.745888],[9.801163,56.745928],[9.800976,56.746155],[9.800906,56.746245],[9.800758,56.746441],[9.800735,56.746468],[9.800412,56.746874],[9.800331,56.746974],[9.800304,56.747003],[9.800124,56.747237],[9.799886,56.747532],[9.799675,56.747791],[9.799486,56.748025],[9.799374,56.748157],[9.799316,56.748221],[9.799301,56.748234],[9.79915,56.748373],[9.798931,56.748545],[9.798738,56.7487],[9.79847,56.748909],[9.798318,56.749028],[9.798179,56.749137],[9.797907,56.749351],[9.797621,56.749577],[9.797351,56.749791],[9.797085,56.750003],[9.796732,56.750295],[9.796443,56.750556],[9.796207,56.750786],[9.795938,56.751056],[9.79561,56.751383],[9.795553,56.751436],[9.795418,56.751575],[9.795244,56.751745],[9.795187,56.751802],[9.795093,56.75189],[9.794901,56.752075],[9.794728,56.752235],[9.794547,56.752387],[9.794353,56.752556],[9.794198,56.752692],[9.794021,56.752847],[9.793783,56.753055],[9.793665,56.753175],[9.793646,56.753198],[9.793631,56.75322],[9.793605,56.75328],[9.793463,56.753268],[9.793402,56.753263],[9.793238,56.75325],[9.793091,56.753238],[9.792574,56.753216],[9.79231,56.753215],[9.792031,56.753228],[9.791738,56.75325],[9.791391,56.753282],[9.791102,56.753323],[9.790768,56.753371],[9.79048,56.753414],[9.789991,56.753488],[9.78952,56.75356],[9.789118,56.753617],[9.788632,56.753689],[9.788274,56.753741],[9.787939,56.753792],[9.787527,56.753854],[9.78711,56.753914],[9.786777,56.753965],[9.786171,56.754052],[9.785836,56.7541],[9.785498,56.754153],[9.785035,56.754225],[9.784994,56.754231],[9.784777,56.754272],[9.784431,56.754345],[9.784293,56.75438],[9.784048,56.754449],[9.783777,56.754526],[9.78351,56.754605],[9.78321,56.754699],[9.783201,56.754702],[9.78313,56.754724],[9.782852,56.754809],[9.782513,56.754905],[9.782221,56.754983],[9.782001,56.755035],[9.781886,56.755058],[9.781823,56.755071],[9.781472,56.755131],[9.781161,56.755163],[9.780882,56.755188],[9.7808,56.755195],[9.780592,56.755205],[9.780264,56.755214],[9.780288,56.755423],[9.780304,56.755481],[9.780341,56.755561],[9.780396,56.755636],[9.780423,56.755672],[9.780505,56.755749],[9.780563,56.755793],[9.780643,56.755846],[9.780729,56.755891],[9.780898,56.755969],[9.781069,56.756033],[9.781097,56.756045],[9.781287,56.756122],[9.781302,56.756129],[9.781466,56.756203],[9.781594,56.756277],[9.781804,56.756406],[9.782061,56.756576],[9.782356,56.756777],[9.782654,56.756974],[9.782955,56.757177],[9.783265,56.757388],[9.78348,56.757533],[9.783756,56.757721],[9.784068,56.757929],[9.784332,56.758111],[9.784563,56.758264],[9.78479,56.758396],[9.784958,56.758481],[9.785083,56.758534],[9.785239,56.758609],[9.785399,56.758673],[9.785662,56.758779],[9.785824,56.758846],[9.786046,56.758931],[9.786258,56.759013],[9.786489,56.759106],[9.786752,56.759211],[9.7869,56.759274],[9.787088,56.759357],[9.787233,56.759432],[9.787371,56.75952],[9.787421,56.759559],[9.787457,56.759587],[9.78757,56.759677],[9.787714,56.759812],[9.787843,56.759946],[9.787891,56.759995],[9.788088,56.760183],[9.788276,56.760382],[9.788474,56.760583],[9.788605,56.760717],[9.788805,56.760932],[9.78897,56.761124],[9.78917,56.761373],[9.789264,56.761501],[9.789407,56.761687],[9.789603,56.761949],[9.789712,56.76209],[9.78981,56.762217],[9.789923,56.762347],[9.790116,56.76257],[9.790219,56.76268],[9.790361,56.762841],[9.790421,56.762904],[9.790453,56.762937],[9.790626,56.763109],[9.790781,56.763251],[9.790888,56.763345],[9.790996,56.76344],[9.791179,56.763609],[9.791292,56.763715],[9.791476,56.763883],[9.791636,56.764033],[9.79178,56.764163],[9.791935,56.764309],[9.792051,56.76442],[9.792277,56.764631],[9.792363,56.764715],[9.792389,56.764741],[9.792413,56.764764],[9.792458,56.764802],[9.792487,56.764828],[9.792799,56.765102],[9.792956,56.765233],[9.793107,56.765361],[9.793262,56.765492],[9.793436,56.765642],[9.793586,56.765767],[9.793709,56.765872],[9.793923,56.766045],[9.794085,56.766184],[9.794199,56.766281],[9.794238,56.766315],[9.794354,56.766411],[9.79449,56.766504],[9.794611,56.766578],[9.79472,56.766639],[9.794823,56.766686],[9.794991,56.766759],[9.795263,56.766873],[9.795583,56.76699],[9.795873,56.767101],[9.796124,56.767199],[9.796395,56.767308],[9.796662,56.767413],[9.796866,56.767495],[9.797181,56.767617],[9.797431,56.767716],[9.797666,56.767809],[9.79788,56.767888],[9.798078,56.767956],[9.798334,56.768032],[9.798518,56.768085],[9.798705,56.768133],[9.79875,56.768146],[9.79892,56.768192],[9.7991,56.768237],[9.79939,56.768309],[9.799599,56.768365],[9.799868,56.768438],[9.80009,56.768496],[9.800297,56.768554],[9.800529,56.768617],[9.80061,56.76864],[9.800705,56.768667],[9.800835,56.768701],[9.800953,56.768729],[9.801024,56.768746],[9.801057,56.768755],[9.801183,56.768785],[9.801312,56.768823],[9.801442,56.768857],[9.801574,56.768894],[9.80169,56.768927],[9.801853,56.768971],[9.802034,56.76902],[9.802179,56.76906],[9.802451,56.769136],[9.802674,56.769201],[9.802987,56.769286],[9.803255,56.769355],[9.80438,56.769665],[9.805435,56.769958],[9.806161,56.770159],[9.806868,56.770352],[9.807664,56.77057],[9.80848,56.77079],[9.808937,56.770919],[9.809203,56.771007],[9.80937,56.771073],[9.809525,56.77114],[9.809701,56.771223],[9.810026,56.771386],[9.810529,56.77164],[9.810678,56.771715],[9.81136,56.772081],[9.811413,56.772109],[9.811534,56.772178],[9.811623,56.772233],[9.811734,56.772305],[9.811761,56.772322],[9.8118,56.772351],[9.811831,56.772378],[9.811867,56.772409],[9.812022,56.772556],[9.812158,56.772699],[9.812317,56.772848],[9.812485,56.772996],[9.812503,56.773009],[9.812544,56.773037],[9.812589,56.773065],[9.812635,56.773093],[9.812665,56.773108],[9.8127,56.773124],[9.81274,56.773139],[9.812861,56.773189],[9.813183,56.773152],[9.813264,56.773143],[9.81331,56.773139],[9.813634,56.773104],[9.814184,56.773044],[9.814477,56.77301],[9.814792,56.772979],[9.815133,56.772945],[9.815145,56.772974],[9.81518,56.773004],[9.81521,56.77302],[9.815246,56.773035],[9.815298,56.773045],[9.815338,56.773049],[9.815384,56.773048],[9.81544,56.773041],[9.815488,56.773027],[9.815523,56.773009],[9.815561,56.772977],[9.815573,56.772944],[9.815574,56.772924],[9.815822,56.772901],[9.816176,56.772859],[9.816824,56.772791],[9.817325,56.772738],[9.817364,56.772735],[9.817968,56.772673],[9.818103,56.772659],[9.818401,56.772628],[9.818556,56.772613],[9.818653,56.772604],[9.818958,56.772574],[9.819005,56.77257],[9.819125,56.772557],[9.819507,56.772521],[9.819907,56.77248],[9.820303,56.772439],[9.820534,56.772419],[9.820811,56.772397],[9.821055,56.772388],[9.821162,56.772383],[9.821424,56.772379],[9.821735,56.772383],[9.821931,56.772393],[9.822056,56.7724],[9.822427,56.772429],[9.822808,56.772475],[9.823175,56.772533],[9.823588,56.772615],[9.824003,56.772718],[9.824056,56.772731],[9.824495,56.772862],[9.824832,56.772977],[9.825676,56.773268],[9.826213,56.773444],[9.826736,56.773594],[9.826968,56.77365],[9.827314,56.773732],[9.827636,56.773792],[9.827881,56.773835],[9.827989,56.773851],[9.828142,56.773874],[9.82837,56.773905],[9.828534,56.773925],[9.828835,56.773958],[9.829108,56.773983],[9.829376,56.774],[9.829597,56.774011],[9.829873,56.77402],[9.830223,56.774022],[9.830994,56.774027],[9.831786,56.774031],[9.831811,56.774031],[9.832011,56.774032],[9.832755,56.774032],[9.83286,56.774032],[9.833598,56.774031],[9.833828,56.77403],[9.833952,56.77403],[9.834394,56.77403],[9.834607,56.774026],[9.834762,56.774023],[9.835081,56.774009],[9.835472,56.773979],[9.836084,56.773932],[9.837131,56.773853],[9.83787,56.773796],[9.83906,56.773703],[9.839351,56.773681],[9.840018,56.773628],[9.841019,56.773552],[9.841563,56.773511],[9.842281,56.773457],[9.843378,56.773374],[9.843635,56.773349],[9.844011,56.773309],[9.844338,56.773256],[9.844631,56.7732],[9.844986,56.773116],[9.845478,56.772982],[9.846347,56.772739],[9.847004,56.772553],[9.847671,56.772364],[9.84834,56.772179],[9.849004,56.771991],[9.84977,56.771774],[9.850278,56.771628],[9.850506,56.771568],[9.850781,56.771492],[9.850802,56.771486],[9.850854,56.771471],[9.851309,56.771339],[9.851427,56.771299],[9.851551,56.771258],[9.851657,56.771222],[9.851754,56.771188],[9.851821,56.771165],[9.851851,56.771154],[9.851966,56.771113],[9.852016,56.771096],[9.852927,56.770756],[9.853103,56.770688],[9.853322,56.770606],[9.853695,56.770465],[9.85384,56.770412],[9.854071,56.770327],[9.854173,56.770288],[9.854221,56.77027],[9.854441,56.770188],[9.854603,56.770126],[9.854778,56.770062],[9.854995,56.769982],[9.855172,56.769924],[9.8554,56.769849],[9.855817,56.769733],[9.855878,56.769711],[9.855943,56.769677],[9.856019,56.769621],[9.856052,56.769587],[9.856065,56.769574],[9.856092,56.769531],[9.856109,56.769506],[9.856115,56.769496],[9.856119,56.769491],[9.856125,56.769482],[9.856184,56.769485],[9.85622,56.769483],[9.856249,56.769479],[9.856284,56.769471],[9.856319,56.769458],[9.856348,56.769443],[9.856362,56.769428],[9.856381,56.769403],[9.856591,56.769419],[9.856725,56.769421],[9.85677,56.769418],[9.856793,56.769417],[9.856824,56.769414],[9.856891,56.769409],[9.856958,56.769401],[9.856978,56.769397],[9.857023,56.769389],[9.857183,56.769358],[9.857315,56.769323],[9.857423,56.769294],[9.857972,56.769139],[9.858223,56.769375],[9.858522,56.769702],[9.858717,56.769926],[9.858727,56.769951],[9.858904,56.77026],[9.859038,56.770484],[9.859401,56.771103],[9.859661,56.771531],[9.859855,56.771871],[9.860085,56.772259],[9.860276,56.772587],[9.860372,56.772752],[9.860425,56.772857],[9.860461,56.772926],[9.860494,56.772992],[9.860541,56.773097],[9.860672,56.773491],[9.860779,56.773795],[9.860853,56.774018],[9.86089,56.774123],[9.860909,56.774187],[9.860926,56.774237],[9.860946,56.774316],[9.860864,56.774534],[9.860654,56.775025],[9.860598,56.775151],[9.86057,56.775221],[9.860526,56.775331],[9.860441,56.775504],[9.860357,56.775659],[9.860251,56.775793],[9.860132,56.775943],[9.86008,56.77602],[9.860052,56.776071],[9.860035,56.776103],[9.860029,56.776129],[9.860024,56.776163],[9.860015,56.776211],[9.860015,56.776274],[9.860022,56.776305],[9.860028,56.776328],[9.860039,56.776366],[9.860057,56.776405],[9.86016,56.776557],[9.860347,56.776822],[9.860669,56.777278],[9.860898,56.777593],[9.860909,56.777609],[9.861034,56.777773],[9.861124,56.777907],[9.861171,56.777973],[9.861239,56.77807],[9.861367,56.778254],[9.861425,56.778338],[9.861579,56.778571],[9.861626,56.778642],[9.861702,56.778752],[9.861851,56.778968],[9.861906,56.779061],[9.861983,56.779191],[9.861998,56.779217],[9.862011,56.779238],[9.862062,56.779322],[9.862138,56.779424],[9.862234,56.779536],[9.862446,56.779747],[9.862703,56.780002],[9.862764,56.78006],[9.862885,56.780175],[9.863021,56.780308],[9.863051,56.780345],[9.863082,56.780397],[9.863099,56.780447],[9.863105,56.780514],[9.863097,56.780552],[9.863084,56.780612],[9.863014,56.780807],[9.86299,56.780858],[9.862968,56.780904],[9.862961,56.780943],[9.862967,56.78104],[9.862962,56.781195],[9.862944,56.781289],[9.86291,56.781374],[9.862861,56.781463],[9.862682,56.781821],[9.862497,56.782298],[9.862445,56.78247],[9.862376,56.782687],[9.862272,56.782988],[9.862247,56.783063],[9.862217,56.783163],[9.862203,56.783243],[9.862207,56.783275],[9.862207,56.783308],[9.862239,56.783389],[9.862293,56.783476],[9.862354,56.783564],[9.862439,56.783679],[9.862578,56.783841],[9.862637,56.783902],[9.862742,56.783997],[9.862777,56.784025],[9.862889,56.784112],[9.862974,56.784178],[9.863111,56.784281],[9.863171,56.784331],[9.863317,56.784445],[9.863397,56.7845],[9.863453,56.784541],[9.863655,56.784666],[9.863929,56.784828],[9.864162,56.784971],[9.864305,56.785065],[9.864372,56.785113],[9.864393,56.785128],[9.864599,56.785272],[9.86482,56.785455],[9.865002,56.785607],[9.865301,56.785868],[9.865431,56.785977],[9.865541,56.786087],[9.865679,56.786223],[9.86577,56.786329],[9.865843,56.786433],[9.865882,56.786503],[9.865927,56.786595],[9.865976,56.786711],[9.866003,56.78677],[9.866017,56.786801],[9.866063,56.786847],[9.866117,56.786903],[9.866188,56.786966],[9.866411,56.787136],[9.866632,56.787301],[9.86678,56.787398],[9.866884,56.787496],[9.866977,56.787601],[9.867094,56.78781],[9.867225,56.788033],[9.867332,56.788184],[9.867457,56.788351],[9.867555,56.788458],[9.86758,56.788487],[9.867643,56.788556],[9.867689,56.788613],[9.867744,56.788674],[9.867769,56.788702],[9.867903,56.788852],[9.868054,56.789051],[9.868241,56.789321],[9.868398,56.789575],[9.868466,56.789696],[9.868491,56.789768],[9.868575,56.789935],[9.868659,56.790108],[9.86873,56.790228],[9.868802,56.790325],[9.868916,56.790439],[9.869113,56.790609],[9.869226,56.790704],[9.869382,56.790838],[9.869584,56.791075],[9.86984,56.791378],[9.870075,56.791708],[9.870294,56.791994],[9.87051,56.792285],[9.870647,56.792455],[9.870881,56.792751],[9.871102,56.793044],[9.871372,56.793388],[9.871614,56.793692],[9.871805,56.793925],[9.872063,56.794261],[9.872356,56.794637],[9.872459,56.794777],[9.872592,56.794973],[9.872685,56.795118],[9.872895,56.79546],[9.873122,56.795861],[9.873194,56.796034],[9.873275,56.796231],[9.873327,56.796363],[9.873384,56.796478],[9.873493,56.796753],[9.87361,56.79705],[9.873724,56.797306],[9.873832,56.797615],[9.873928,56.797971],[9.873982,56.798223],[9.874009,56.798437],[9.874005,56.798502],[9.873987,56.798569],[9.873952,56.798631],[9.87386,56.798727],[9.873726,56.798817],[9.873555,56.798907],[9.873081,56.799084],[9.872775,56.799213],[9.872459,56.799327],[9.872309,56.799364],[9.872229,56.799382],[9.872141,56.799407],[9.872087,56.799424],[9.872041,56.799444],[9.872001,56.799474],[9.871961,56.799521],[9.871947,56.79954],[9.871933,56.799567],[9.871917,56.799603],[9.871904,56.799641],[9.871879,56.799692],[9.871876,56.799739],[9.871876,56.799834],[9.871877,56.799974],[9.871877,56.799991],[9.871875,56.800086],[9.871872,56.800245],[9.871983,56.800373],[9.872118,56.800527],[9.872296,56.80075],[9.872605,56.801174],[9.872714,56.801357],[9.872781,56.801472],[9.87283,56.80155],[9.872885,56.801601],[9.872916,56.801648],[9.87295,56.801686],[9.872991,56.801724],[9.87304,56.801771],[9.873086,56.801805],[9.873135,56.801844],[9.873191,56.801883],[9.873242,56.801923],[9.873342,56.801983],[9.873418,56.802027],[9.873494,56.802069],[9.873515,56.802079],[9.873576,56.802109],[9.873645,56.802143],[9.873712,56.802172],[9.873811,56.802217],[9.873893,56.802255],[9.873989,56.802303],[9.874043,56.802341],[9.874093,56.802377],[9.874168,56.802442],[9.874232,56.802508],[9.874266,56.802547],[9.874353,56.802695],[9.874416,56.802863],[9.874461,56.803034],[9.87451,56.803213],[9.874547,56.803386],[9.874574,56.803557],[9.874593,56.8037],[9.874618,56.803877],[9.874632,56.803955],[9.874648,56.803988],[9.874685,56.804067],[9.874756,56.804227],[9.874809,56.804385],[9.874849,56.804551],[9.874851,56.804676],[9.874841,56.804775],[9.874839,56.804811],[9.874815,56.804864],[9.874744,56.804939],[9.874658,56.805025],[9.874501,56.805145],[9.874302,56.805297],[9.874115,56.805476],[9.874045,56.805574],[9.87404,56.805634],[9.874085,56.805829],[9.874196,56.806202],[9.87424,56.806323],[9.874279,56.806407],[9.874338,56.806472],[9.874416,56.806542],[9.874512,56.806612],[9.874642,56.806676],[9.874903,56.806766],[9.875072,56.806828],[9.875239,56.806939],[9.875353,56.807038],[9.87545,56.807139],[9.875543,56.807263],[9.87563,56.807435],[9.875655,56.807493],[9.875738,56.807644],[9.875822,56.807856],[9.875882,56.808127],[9.875868,56.808297],[9.875822,56.808454],[9.875799,56.808595],[9.875857,56.808698],[9.875979,56.808835],[9.876114,56.809016],[9.876206,56.80922],[9.876273,56.809468],[9.87634,56.809731],[9.876377,56.809818],[9.876509,56.810008],[9.876592,56.810197],[9.876627,56.810329],[9.876651,56.810462],[9.8767,56.810602],[9.87675,56.810669],[9.876825,56.810733],[9.876918,56.810795],[9.877047,56.810862],[9.877129,56.810903],[9.877192,56.810946],[9.877264,56.811003],[9.877349,56.811204],[9.877459,56.811496],[9.877552,56.811777],[9.877646,56.812019],[9.877704,56.812202],[9.877751,56.812421],[9.877804,56.812681],[9.87788,56.812927],[9.877865,56.813079],[9.877812,56.813187],[9.877648,56.813566],[9.877587,56.813751],[9.877583,56.813776],[9.877571,56.81385],[9.877525,56.813967],[9.877435,56.814089],[9.877257,56.81423],[9.877069,56.814369],[9.87697,56.814467],[9.876893,56.814517],[9.876819,56.814554],[9.876724,56.814572],[9.876468,56.814588],[9.876104,56.814607],[9.875761,56.814624],[9.875559,56.814633],[9.87545,56.814632],[9.875236,56.814619],[9.875056,56.814599],[9.874857,56.81458],[9.873998,56.814533],[9.873669,56.814515],[9.873452,56.814498],[9.873257,56.814485],[9.873155,56.814485],[9.872993,56.814494],[9.872822,56.814525],[9.872662,56.814592],[9.872486,56.814688],[9.872325,56.814777],[9.872186,56.814849],[9.872073,56.814895],[9.871977,56.814945],[9.871858,56.81502],[9.871753,56.815102],[9.871671,56.815209],[9.871627,56.815305],[9.871615,56.815333],[9.871638,56.815398],[9.871803,56.815815],[9.871981,56.816278],[9.872007,56.816322],[9.871947,56.816443],[9.871875,56.816489],[9.871745,56.816527],[9.871518,56.816581],[9.871206,56.81664],[9.870726,56.816725],[9.87024,56.816803],[9.869851,56.816863],[9.869367,56.816938],[9.869141,56.816966],[9.868981,56.81698],[9.868934,56.816983],[9.868829,56.81699],[9.868638,56.817006],[9.868433,56.817017],[9.868271,56.817026],[9.868161,56.817037],[9.867948,56.817063],[9.867471,56.817143],[9.867191,56.81719],[9.866449,56.817313],[9.865668,56.817459],[9.865459,56.817498],[9.865421,56.817505],[9.865127,56.81756],[9.864913,56.817599],[9.864721,56.817621],[9.86447,56.81764],[9.864159,56.81766],[9.86383,56.817677],[9.863634,56.817699],[9.863606,56.817702],[9.863573,56.81771],[9.863514,56.817724],[9.862866,56.817781],[9.862428,56.817823],[9.86231,56.817835],[9.862111,56.817855],[9.861822,56.817884],[9.861585,56.817908],[9.861223,56.817939],[9.860868,56.817966],[9.860614,56.817988],[9.860423,56.818016],[9.860258,56.81805],[9.860103,56.818087],[9.859974,56.818133],[9.859814,56.818186],[9.859647,56.818258],[9.859473,56.818347],[9.85934,56.818419],[9.859187,56.818502],[9.859038,56.818569],[9.858908,56.818617],[9.858725,56.818681],[9.858529,56.818731],[9.858357,56.818775],[9.858297,56.81879],[9.858033,56.818844],[9.857885,56.818882],[9.85776,56.818922],[9.857311,56.819087],[9.856635,56.819349],[9.856306,56.819478],[9.855916,56.819631],[9.855741,56.819697],[9.855691,56.819715],[9.855387,56.819769],[9.855196,56.819797],[9.855034,56.819825],[9.85487,56.819849],[9.854709,56.819866],[9.854527,56.819874],[9.854359,56.819873],[9.854177,56.819861],[9.853839,56.819826],[9.853314,56.819766],[9.853058,56.819728],[9.852988,56.81988],[9.852972,56.81997],[9.852968,56.820039],[9.852968,56.820104],[9.852987,56.82017],[9.853079,56.820275],[9.853232,56.820511],[9.853319,56.820616],[9.853366,56.820693],[9.853394,56.820789],[9.853412,56.82086],[9.853408,56.820962],[9.853402,56.821038],[9.8534,56.821109],[9.853384,56.821233],[9.853362,56.82135],[9.85333,56.821435],[9.853306,56.821538],[9.853265,56.821627],[9.853195,56.821739],[9.853098,56.82185],[9.853002,56.821966],[9.852897,56.822073],[9.852718,56.82227],[9.852463,56.822502],[9.852113,56.822809],[9.851968,56.822935],[9.851845,56.823048],[9.851778,56.823112],[9.851742,56.823148],[9.851719,56.823171],[9.851518,56.823356],[9.851328,56.823546],[9.85125,56.82363],[9.851218,56.823665],[9.851155,56.823749],[9.851088,56.823843],[9.850987,56.823987],[9.850879,56.824151],[9.850791,56.824322],[9.850736,56.824484],[9.850712,56.824555],[9.850667,56.8247],[9.85063,56.82479],[9.850595,56.824863],[9.850469,56.825103],[9.850445,56.825148],[9.850047,56.825895],[9.849805,56.826396],[9.849563,56.826905],[9.849418,56.82721],[9.84934,56.827393],[9.849265,56.827617],[9.849242,56.827699],[9.84914,56.828128],[9.849058,56.828501],[9.849042,56.828571],[9.848967,56.828884],[9.848947,56.828965],[9.848844,56.829388],[9.848791,56.829596],[9.848758,56.829721],[9.848659,56.830123],[9.848658,56.830129],[9.848648,56.830169],[9.848644,56.830191],[9.848567,56.8306],[9.848524,56.830849],[9.848477,56.831008],[9.848458,56.831047],[9.848432,56.831094],[9.848401,56.831141],[9.848388,56.83116],[9.848326,56.831235],[9.848174,56.831432],[9.848016,56.83163],[9.847963,56.831699],[9.847889,56.831796],[9.847828,56.831901],[9.847787,56.831984],[9.847689,56.832208],[9.847609,56.8324],[9.847524,56.832619],[9.847507,56.832651],[9.847467,56.832733],[9.847446,56.832766],[9.847313,56.832948],[9.847295,56.832968],[9.847264,56.832999],[9.847236,56.833026],[9.847176,56.833081],[9.847034,56.833213],[9.846786,56.833441],[9.846746,56.833477],[9.846513,56.833394],[9.846317,56.833323],[9.846,56.833205],[9.84535,56.832965],[9.844823,56.832771],[9.844252,56.832559],[9.843886,56.832423],[9.843642,56.832333],[9.843517,56.832287],[9.843239,56.832186],[9.843105,56.832141],[9.843121,56.8321],[9.843152,56.832019],[9.843176,56.831946],[9.843182,56.831926],[9.843227,56.831787],[9.843242,56.831734],[9.843257,56.831682],[9.843267,56.831642],[9.843257,56.831682],[9.843242,56.831734],[9.843227,56.831787],[9.843182,56.831926],[9.843176,56.831946],[9.843152,56.832019],[9.843121,56.8321],[9.843105,56.832141],[9.842977,56.832107],[9.842865,56.832082],[9.842719,56.832054],[9.842579,56.832034],[9.84247,56.832023],[9.842324,56.832017],[9.842216,56.832016],[9.842108,56.832019],[9.841957,56.83203],[9.841819,56.832047],[9.84172,56.832063],[9.841594,56.83209],[9.841455,56.832125],[9.841321,56.832161],[9.841193,56.832194],[9.841103,56.832216],[9.840952,56.832247],[9.840856,56.832262],[9.840808,56.83227],[9.840703,56.832282],[9.840543,56.832298],[9.840416,56.832305],[9.840045,56.832325],[9.840014,56.832327],[9.839818,56.832339],[9.839663,56.832349],[9.839434,56.832366],[9.83931,56.832382],[9.839052,56.832423],[9.83878,56.832479],[9.838564,56.832535],[9.838334,56.8326],[9.838079,56.832665],[9.837841,56.83271],[9.837562,56.832758],[9.837158,56.832831],[9.836834,56.832887],[9.836709,56.832908],[9.836349,56.83297],[9.835813,56.833062],[9.835606,56.833098],[9.835221,56.833159],[9.834958,56.833192],[9.834723,56.833212],[9.834484,56.833217],[9.834202,56.833215],[9.833813,56.833202],[9.833046,56.833164],[9.832258,56.833126],[9.83142,56.833084],[9.831115,56.833065],[9.830864,56.83304],[9.830564,56.832992],[9.830267,56.832928],[9.829955,56.832837],[9.829882,56.832817],[9.82937,56.832661],[9.828848,56.832501],[9.828435,56.832375],[9.827988,56.83224],[9.827664,56.832156],[9.82752,56.832123],[9.827347,56.83209],[9.827306,56.832082],[9.827045,56.83204],[9.826703,56.831996],[9.826685,56.83202],[9.826666,56.832049],[9.82658,56.832092],[9.826464,56.832134],[9.826377,56.832177],[9.826287,56.832244],[9.826065,56.83245],[9.826009,56.832494],[9.825917,56.832553],[9.825835,56.832592],[9.825734,56.832618],[9.825597,56.832629],[9.825369,56.832637],[9.82519,56.832654],[9.825053,56.832678],[9.824928,56.832709],[9.82482,56.832748],[9.824728,56.832796],[9.824651,56.832845],[9.824579,56.832901],[9.824518,56.832964],[9.82447,56.833048],[9.824423,56.833186],[9.824371,56.833375],[9.824348,56.833493],[9.824322,56.833606],[9.824276,56.833709],[9.824205,56.833841],[9.824157,56.833965],[9.824119,56.834096],[9.824085,56.834234],[9.824064,56.834359],[9.824053,56.834483],[9.82404,56.83462],[9.824029,56.834724],[9.824019,56.834839],[9.824024,56.834933],[9.824054,56.835015],[9.824098,56.835106],[9.824155,56.835197],[9.824239,56.835288],[9.824335,56.835392],[9.824463,56.835531],[9.824571,56.835663],[9.824671,56.83578],[9.824778,56.835922],[9.824898,56.836064],[9.825011,56.836212],[9.825189,56.83642],[9.825364,56.836609],[9.825555,56.836803],[9.825722,56.836977],[9.825813,56.837087],[9.825879,56.837204],[9.825957,56.837275],[9.826099,56.83737],[9.826266,56.83748],[9.826425,56.837601],[9.826606,56.837756],[9.826886,56.838002],[9.826979,56.838072],[9.827167,56.838194],[9.827344,56.838356],[9.827456,56.838498],[9.82756,56.838656],[9.827736,56.83895],[9.827881,56.8392],[9.828065,56.839523],[9.828222,56.839774],[9.828272,56.83984],[9.828344,56.839912],[9.828461,56.839964],[9.828607,56.840002],[9.828799,56.84005],[9.828921,56.84009],[9.829039,56.840157],[9.829169,56.840275],[9.829387,56.840473],[9.829615,56.840694],[9.829892,56.84096],[9.829995,56.841054],[9.830086,56.841114],[9.830161,56.841158],[9.830364,56.841266],[9.830499,56.841326],[9.830859,56.841447],[9.831,56.841506],[9.831243,56.841631],[9.831464,56.841747],[9.831524,56.841812],[9.831551,56.841871],[9.831524,56.842024],[9.831518,56.842199],[9.831569,56.842334],[9.831668,56.842462],[9.831823,56.842673],[9.831874,56.842707],[9.832003,56.842734],[9.832265,56.842773],[9.832551,56.843082],[9.832688,56.843237],[9.832845,56.843416],[9.833008,56.843599],[9.833075,56.843684],[9.833154,56.843822],[9.833239,56.844015],[9.833335,56.844237],[9.833402,56.844463],[9.833462,56.844647],[9.833506,56.844761],[9.833547,56.844834],[9.833591,56.844889],[9.833664,56.844946],[9.83378,56.845025],[9.834002,56.84514],[9.834366,56.8453],[9.834674,56.845426],[9.834941,56.845538],[9.835162,56.845644],[9.835354,56.845743],[9.835561,56.845825],[9.835876,56.845937],[9.836022,56.845983],[9.836094,56.846003],[9.83622,56.84603],[9.836367,56.846065],[9.83654,56.846081],[9.836722,56.846084],[9.836935,56.846087],[9.837216,56.846089],[9.837515,56.846101],[9.837812,56.846117],[9.838141,56.846135],[9.83846,56.846152],[9.838733,56.846147],[9.839062,56.846145],[9.839303,56.846143],[9.839652,56.846106],[9.839983,56.846077],[9.840525,56.846074],[9.840912,56.846076],[9.841496,56.84606],[9.841841,56.846057],[9.842126,56.846063],[9.842515,56.846095],[9.842778,56.846094],[9.843026,56.84611],[9.843352,56.846154],[9.843807,56.846211],[9.844082,56.846222],[9.844305,56.846221],[9.844512,56.846241],[9.844652,56.846263],[9.844856,56.846275],[9.845159,56.846259],[9.845405,56.84621],[9.845595,56.846158],[9.845807,56.846067],[9.846067,56.84597],[9.846429,56.845863],[9.846642,56.845818],[9.84705,56.845734],[9.847381,56.845716],[9.847804,56.845708],[9.848219,56.845679],[9.848627,56.84564],[9.848835,56.845618],[9.849226,56.845588],[9.849725,56.8456],[9.850396,56.845599],[9.851045,56.845589],[9.851579,56.845573],[9.851862,56.845549],[9.852478,56.845419],[9.852526,56.845409],[9.853258,56.845271],[9.853638,56.845206],[9.853807,56.845155],[9.853901,56.845116],[9.854007,56.845068],[9.854113,56.845007],[9.8543,56.844885],[9.8545,56.844736],[9.854731,56.844556],[9.854832,56.844489],[9.855146,56.844329],[9.855468,56.844166],[9.855797,56.843995],[9.856211,56.843784],[9.856541,56.843628],[9.856903,56.843438],[9.857211,56.84326],[9.857468,56.843111],[9.857801,56.842997],[9.858033,56.842923],[9.858269,56.842861],[9.85839,56.842839],[9.85851,56.842829],[9.858832,56.842819],[9.859005,56.842808],[9.859169,56.842788],[9.859542,56.842739],[9.859712,56.842717],[9.859905,56.842709],[9.860316,56.842698],[9.860584,56.842684],[9.860711,56.842667],[9.860798,56.842646],[9.860872,56.842613],[9.860896,56.842603],[9.861131,56.842705],[9.861585,56.842907],[9.861734,56.842973],[9.861787,56.842998],[9.861801,56.843003],[9.861846,56.843021],[9.862012,56.84308],[9.862041,56.84309],[9.862365,56.843204],[9.862642,56.8433],[9.862814,56.843368],[9.862948,56.843409],[9.863172,56.843468],[9.863488,56.843545],[9.863656,56.84359],[9.86382,56.843641],[9.864049,56.843722],[9.864336,56.843818],[9.864559,56.843902],[9.864823,56.844008],[9.864947,56.844056],[9.865116,56.844137],[9.86533,56.84425],[9.86556,56.844379],[9.865625,56.844423],[9.865715,56.844483],[9.865926,56.844618],[9.866136,56.844742],[9.866318,56.844866],[9.866381,56.844916],[9.866417,56.844949],[9.866473,56.845002],[9.866495,56.845036],[9.866536,56.845097],[9.866587,56.845159],[9.866648,56.84525],[9.866764,56.845469],[9.866827,56.84559],[9.866939,56.845708],[9.867028,56.845785],[9.867121,56.845851],[9.867309,56.845963],[9.867529,56.846071],[9.867921,56.84628],[9.868216,56.846447],[9.868376,56.846534],[9.868672,56.846678],[9.868898,56.846777],[9.869134,56.846882],[9.869329,56.846975],[9.869481,56.847055],[9.869627,56.847119],[9.869719,56.847148],[9.869897,56.847182],[9.870133,56.847211],[9.870269,56.847232],[9.870359,56.847252],[9.870467,56.84728],[9.870562,56.847309],[9.87065,56.847339],[9.870727,56.847375],[9.870828,56.847428],[9.870945,56.847499],[9.871036,56.847557],[9.871127,56.847602],[9.871234,56.847643],[9.871389,56.84769],[9.871493,56.847724],[9.871587,56.847767],[9.871661,56.847801],[9.871915,56.847934],[9.872121,56.848012],[9.872356,56.848087],[9.872602,56.848163],[9.872846,56.848234],[9.872977,56.848283],[9.873036,56.848322],[9.87307,56.848343],[9.87318,56.848386],[9.873229,56.848405],[9.873215,56.848534],[9.873209,56.848615],[9.873198,56.848855],[9.873178,56.849113],[9.873169,56.849282],[9.873135,56.84966],[9.873109,56.850025],[9.873099,56.850147],[9.873072,56.850485],[9.873049,56.850791],[9.873034,56.850893],[9.873222,56.850908],[9.873326,56.850919],[9.873406,56.850936],[9.873425,56.850941],[9.87348,56.850961],[9.873553,56.850994],[9.873665,56.851054],[9.873707,56.851077],[9.873869,56.851186],[9.873929,56.851228],[9.874064,56.85133],[9.874132,56.851387],[9.874392,56.851616],[9.874472,56.851689],[9.874625,56.851832],[9.874675,56.851877],[9.874739,56.851935],[9.874843,56.852035],[9.874928,56.852119],[9.875,56.852198],[9.875075,56.852288],[9.875192,56.852435],[9.875321,56.852611],[9.875443,56.852787],[9.875487,56.852853],[9.875566,56.852958],[9.875637,56.853046],[9.875717,56.853135],[9.875766,56.853182],[9.875796,56.853211],[9.875885,56.853287],[9.875973,56.85335],[9.876097,56.853443],[9.876288,56.853567],[9.87708,56.854096],[9.877235,56.854202],[9.877597,56.854459],[9.87762,56.854476],[9.877671,56.854513],[9.877807,56.854606],[9.877858,56.85464],[9.877935,56.854692],[9.877966,56.854713],[9.878173,56.854842],[9.878295,56.85491],[9.878471,56.855005],[9.87863,56.855089],[9.878745,56.855159],[9.878849,56.855225],[9.879048,56.855365],[9.87935,56.855593],[9.879446,56.855669],[9.879512,56.85572],[9.879606,56.855789],[9.879713,56.855872],[9.879855,56.855973],[9.87988,56.855993],[9.87991,56.856015],[9.880068,56.856134],[9.880151,56.856197],[9.880456,56.856422],[9.880518,56.856469],[9.880789,56.85668],[9.881034,56.856873],[9.881191,56.857003],[9.881417,56.857178],[9.881675,56.857386],[9.881891,56.857563],[9.882048,56.857709],[9.882192,56.857854],[9.882318,56.857983],[9.882449,56.858119],[9.882589,56.858259],[9.882725,56.858385],[9.882848,56.858491],[9.882992,56.858618],[9.88304,56.858658],[9.883243,56.858836],[9.883374,56.858946],[9.883482,56.859053],[9.883612,56.859202],[9.883779,56.859416],[9.884003,56.859718],[9.88413,56.8599],[9.88428,56.860119],[9.88432,56.860175],[9.884397,56.860266],[9.884461,56.860329],[9.884523,56.860379],[9.884548,56.860399],[9.884579,56.860424],[9.885124,56.860863],[9.885219,56.860957],[9.885461,56.861194],[9.885644,56.86137],[9.885751,56.861472],[9.88595,56.86163],[9.886296,56.861806],[9.886618,56.861946],[9.887114,56.862158],[9.887712,56.862408],[9.887913,56.862478],[9.888009,56.862506],[9.888124,56.862531],[9.888234,56.862549],[9.888333,56.86256],[9.888392,56.862561],[9.888467,56.862558],[9.888555,56.862554],[9.888588,56.862729],[9.888657,56.862957],[9.888748,56.863221],[9.888802,56.863392],[9.888829,56.863469],[9.888835,56.86351],[9.888849,56.863604],[9.888863,56.863734],[9.888857,56.86382],[9.888854,56.863865],[9.888845,56.863918],[9.888832,56.863988],[9.888796,56.864107],[9.888731,56.86426],[9.888714,56.864285],[9.888612,56.864431],[9.888457,56.864637],[9.888181,56.864989],[9.888099,56.865093],[9.888052,56.865153],[9.887961,56.865214],[9.887865,56.865241],[9.888002,56.865339],[9.888071,56.865382],[9.887841,56.865554],[9.8876,56.865745],[9.887395,56.865909],[9.887313,56.865979],[9.887255,56.866037],[9.887218,56.866089],[9.887195,56.866149],[9.887184,56.866224],[9.887187,56.866291],[9.887198,56.866363],[9.887205,56.866396],[9.887217,56.866445],[9.887227,56.866483],[9.887291,56.866685],[9.887363,56.866905],[9.887395,56.866989],[9.887411,56.867048],[9.887424,56.867125],[9.887424,56.867141],[9.887424,56.867195],[9.887415,56.867277],[9.887402,56.867386],[9.887397,56.867451],[9.887396,56.867492],[9.887407,56.867548],[9.887417,56.867575],[9.887442,56.867642],[9.887464,56.867694],[9.887485,56.867746],[9.887541,56.86787],[9.887605,56.867998],[9.887683,56.868135],[9.887765,56.868285],[9.887792,56.868339],[9.887808,56.868391],[9.887813,56.868433],[9.887817,56.868474],[9.887807,56.868547],[9.887793,56.868618],[9.887762,56.868732],[9.887746,56.868802],[9.887681,56.869056],[9.887619,56.869289],[9.887588,56.86948],[9.887538,56.869749],[9.887494,56.870003],[9.887455,56.870244],[9.887421,56.870464],[9.887388,56.870715],[9.887346,56.870976],[9.887312,56.871186],[9.887283,56.871369],[9.887256,56.871553],[9.887231,56.871733],[9.887206,56.871911],[9.887175,56.872071],[9.887132,56.8722],[9.8871,56.872272],[9.887063,56.872353],[9.886987,56.872476],[9.886898,56.872602],[9.886758,56.872764],[9.886605,56.872937],[9.886417,56.873148],[9.886311,56.873292],[9.886242,56.873423],[9.886195,56.873546],[9.886182,56.87366],[9.886182,56.873784],[9.8862,56.873908],[9.88623,56.874035],[9.886281,56.874223],[9.886326,56.874408],[9.886344,56.874502],[9.886352,56.874594],[9.886355,56.874755],[9.886364,56.87489],[9.886386,56.874971],[9.886416,56.875026],[9.886454,56.875073],[9.886497,56.875113],[9.886541,56.875146],[9.886572,56.875164],[9.886629,56.875188],[9.886703,56.875215],[9.886753,56.875229],[9.886845,56.87525],[9.886944,56.875263],[9.887001,56.875267],[9.887087,56.875274],[9.887182,56.875275],[9.887305,56.875269],[9.887392,56.875261],[9.887548,56.875244],[9.887793,56.875216],[9.888022,56.875195],[9.888195,56.875183],[9.8882,56.875234],[9.888209,56.875273],[9.888218,56.875311],[9.888227,56.875425],[9.88822,56.875651],[9.888197,56.876039],[9.88819,56.876285],[9.888193,56.876542],[9.888192,56.87659],[9.888173,56.87676],[9.888147,56.876873],[9.888106,56.876987],[9.888083,56.877106],[9.888092,56.877212],[9.888122,56.877335],[9.888193,56.877516],[9.888208,56.877617],[9.888199,56.877762],[9.88818,56.877918],[9.888179,56.878131],[9.888189,56.878346],[9.888222,56.878495],[9.888274,56.878626],[9.888345,56.878781],[9.888423,56.878945],[9.888538,56.87914],[9.888705,56.879396],[9.888938,56.879728],[9.888982,56.879826],[9.888976,56.879908],[9.888913,56.880033],[9.88881,56.880228],[9.888665,56.880451],[9.888527,56.880663],[9.888429,56.880858],[9.888347,56.881053],[9.888224,56.881263],[9.888112,56.881412],[9.887946,56.881563],[9.887751,56.8817],[9.887747,56.881708],[9.887679,56.881821],[9.887606,56.881984],[9.887546,56.882155],[9.887511,56.882342],[9.887488,56.882504],[9.88748,56.88268],[9.887467,56.882857],[9.88745,56.883033],[9.887428,56.883219],[9.887409,56.883434],[9.8874,56.883667],[9.887431,56.883829],[9.887484,56.883965],[9.887497,56.884039],[9.887446,56.884113],[9.887372,56.884207],[9.887327,56.884337],[9.887288,56.884522],[9.887243,56.884692],[9.887201,56.884826],[9.887137,56.884944],[9.886987,56.885095],[9.886957,56.88517],[9.886946,56.885225],[9.886956,56.885391],[9.886969,56.885669],[9.887009,56.886036],[9.887025,56.8864],[9.887054,56.886858],[9.887086,56.887292],[9.887122,56.887755],[9.887155,56.888263],[9.887188,56.888605],[9.887218,56.888642],[9.887402,56.888668],[9.887577,56.888675],[9.887713,56.888667],[9.887821,56.888636],[9.887935,56.88857],[9.88796,56.888583],[9.888055,56.888624],[9.888104,56.888643],[9.88813,56.888653],[9.888245,56.8887],[9.888263,56.888728],[9.888285,56.8888],[9.88828,56.888875],[9.888213,56.889003],[9.888139,56.889122],[9.88804,56.889255],[9.887945,56.889373],[9.887816,56.88949],[9.887655,56.889589],[9.887459,56.889715],[9.887304,56.889842],[9.88716,56.889966],[9.887002,56.890084],[9.886847,56.890174],[9.886712,56.890253],[9.88663,56.890323],[9.886577,56.890398],[9.886528,56.890523],[9.886497,56.890686],[9.886476,56.89088],[9.886449,56.891064],[9.886447,56.891253],[9.886448,56.891425],[9.886472,56.891562],[9.886507,56.891712],[9.886554,56.891861],[9.886624,56.891982],[9.886717,56.892102],[9.886968,56.89236],[9.887133,56.892478],[9.887232,56.892585],[9.887319,56.892679],[9.887361,56.89271],[9.887477,56.892794],[9.887507,56.892815],[9.887598,56.892876],[9.887631,56.892898],[9.887718,56.892953],[9.887814,56.893007],[9.887924,56.893057],[9.888019,56.893093],[9.888055,56.893103],[9.888159,56.893126],[9.88825,56.893141],[9.888283,56.893145],[9.888389,56.893153],[9.888497,56.893155],[9.888572,56.893153],[9.888798,56.893149],[9.888868,56.893147],[9.889137,56.893141],[9.889427,56.893138],[9.889569,56.893136],[9.889688,56.893133],[9.890256,56.893125],[9.890374,56.893123],[9.890677,56.893119],[9.890789,56.893118],[9.890972,56.893116],[9.891138,56.893113],[9.891612,56.893107],[9.891937,56.893099],[9.89207,56.893095],[9.892383,56.893092],[9.892597,56.893088],[9.892975,56.893085],[9.893407,56.893071],[9.893656,56.893058],[9.893967,56.893034],[9.894227,56.893011],[9.894481,56.892982],[9.89484,56.892936],[9.895039,56.892905],[9.895337,56.892847],[9.895495,56.892815],[9.89565,56.892783],[9.895803,56.892751],[9.896206,56.892663],[9.896585,56.892583],[9.896899,56.892516],[9.897281,56.892436],[9.897645,56.892359],[9.898016,56.892282],[9.898342,56.892213],[9.898649,56.892148],[9.898854,56.892104],[9.899203,56.892032],[9.899466,56.891976],[9.899775,56.89191],[9.899854,56.891895],[9.900133,56.891835],[9.900334,56.891794],[9.900411,56.89178],[9.9005,56.891764],[9.90071,56.891731],[9.900847,56.891712],[9.900902,56.891706],[9.901072,56.891689],[9.90117,56.891683],[9.901223,56.89168],[9.901367,56.891674],[9.901505,56.891672],[9.901642,56.891674],[9.901734,56.891677],[9.901978,56.891688],[9.902133,56.891699],[9.902227,56.891711],[9.90249,56.891744],[9.902559,56.891758],[9.902657,56.891779],[9.902822,56.891818],[9.903029,56.891874],[9.90319,56.891928],[9.903363,56.891991],[9.903543,56.892065],[9.903742,56.892156],[9.903811,56.892193],[9.903921,56.892259],[9.904008,56.892313],[9.904132,56.892404],[9.904236,56.892493],[9.904323,56.892574],[9.904451,56.892705],[9.904619,56.892882],[9.904782,56.893052],[9.904933,56.893207],[9.905151,56.893436],[9.90538,56.893675],[9.905444,56.893741],[9.905647,56.893946],[9.905788,56.894095],[9.905931,56.894241],[9.906037,56.89435],[9.906114,56.894429],[9.906189,56.894509],[9.906636,56.894975],[9.907138,56.895493],[9.907515,56.895884],[9.907878,56.896261],[9.908163,56.896555],[9.908469,56.896871],[9.908584,56.896988],[9.908794,56.897218],[9.908888,56.897343],[9.908937,56.897442],[9.908978,56.89761],[9.908996,56.897719],[9.908989,56.897876],[9.908955,56.898036],[9.908881,56.898203],[9.908773,56.898355],[9.908647,56.8985],[9.908542,56.898631],[9.908458,56.898771],[9.908416,56.898894],[9.908408,56.899023],[9.908414,56.899117],[9.908423,56.899166],[9.90844,56.899243],[9.908586,56.899483],[9.908837,56.899824],[9.909089,56.900162],[9.909357,56.900514],[9.909568,56.900802],[9.909723,56.901024],[9.90977,56.901198],[9.90976,56.901301],[9.909698,56.901455],[9.90954,56.901649],[9.909348,56.901834],[9.909184,56.901981],[9.909,56.902134],[9.908501,56.902549],[9.907854,56.903089],[9.907416,56.903455],[9.906565,56.904157],[9.906245,56.904425],[9.906047,56.904591],[9.905709,56.904875],[9.905481,56.905045],[9.905411,56.905078],[9.905359,56.905096],[9.90529,56.90512],[9.905025,56.905181],[9.904333,56.905316],[9.903932,56.905407],[9.903515,56.905503],[9.903406,56.905546],[9.903295,56.905607],[9.903236,56.905648],[9.903201,56.905672],[9.903605,56.90581],[9.903767,56.905873],[9.903966,56.905949],[9.904331,56.906107],[9.904487,56.906187],[9.904522,56.906207],[9.904738,56.906367],[9.904926,56.906529],[9.905118,56.906714],[9.905465,56.907031],[9.905648,56.907211],[9.905768,56.907385],[9.905893,56.907621],[9.906038,56.907944],[9.906121,56.908137],[9.906189,56.908296],[9.906265,56.908464],[9.906331,56.908602],[9.90644,56.908754],[9.906545,56.908867],[9.906733,56.909076],[9.906911,56.909306],[9.906946,56.909378],[9.907023,56.909539],[9.907119,56.909779],[9.907147,56.909918],[9.907151,56.910014],[9.90713,56.910092],[9.907104,56.910159],[9.907052,56.910234],[9.906957,56.91033],[9.906847,56.910404],[9.906657,56.910493],[9.906437,56.910563],[9.905693,56.910765],[9.905486,56.910835],[9.905298,56.910923],[9.905163,56.911007],[9.905033,56.911117],[9.904931,56.911244],[9.904855,56.911375],[9.904707,56.911686],[9.904494,56.912139],[9.904367,56.91241],[9.904216,56.91273],[9.903936,56.913292],[9.903678,56.913807],[9.903454,56.914248],[9.903226,56.914702],[9.903062,56.915035],[9.902989,56.915183],[9.902775,56.915612],[9.902632,56.915895],[9.902623,56.915915],[9.902589,56.915981],[9.902473,56.916208],[9.90239,56.916378],[9.902221,56.916719],[9.902117,56.91693],[9.902035,56.917115],[9.902013,56.917177],[9.90199,56.917249],[9.901974,56.917305],[9.901965,56.917355],[9.901957,56.917409],[9.901952,56.917479],[9.901952,56.917535],[9.901952,56.917629],[9.901956,56.917698],[9.90196,56.917838],[9.901971,56.91809],[9.901984,56.918417],[9.901992,56.918574],[9.901998,56.918835],[9.902002,56.918966],[9.901991,56.919144],[9.901984,56.919223],[9.901963,56.919439],[9.901944,56.919557],[9.901917,56.919756],[9.901867,56.920051],[9.901822,56.920329],[9.901778,56.920604],[9.901734,56.920878],[9.901695,56.921109],[9.901651,56.921347],[9.901586,56.921641],[9.901569,56.921718],[9.901508,56.922006],[9.901458,56.922228],[9.901372,56.922587],[9.901261,56.923065],[9.901194,56.923352],[9.90113,56.923629],[9.901086,56.923815],[9.900911,56.924632],[9.900749,56.925366],[9.900696,56.92561],[9.900671,56.925734],[9.900626,56.925991],[9.90058,56.926297],[9.900528,56.926733],[9.900472,56.927241],[9.900461,56.927395],[9.900459,56.927526],[9.900466,56.927652],[9.90048,56.927751],[9.900527,56.927929],[9.900588,56.928136],[9.900599,56.928181],[9.900662,56.928389],[9.900686,56.928467],[9.900769,56.92874],[9.900848,56.928995],[9.900944,56.929286],[9.900954,56.929319],[9.900969,56.929373],[9.901034,56.929592],[9.901041,56.929613],[9.901109,56.929835],[9.901134,56.929918],[9.901208,56.930179],[9.901257,56.930401],[9.901263,56.930446],[9.901277,56.930595],[9.901303,56.93083],[9.901318,56.931111],[9.901342,56.931633],[9.901364,56.932185],[9.901387,56.932689],[9.901412,56.933244],[9.901458,56.933903],[9.901482,56.934297],[9.901506,56.934556],[9.901509,56.934598],[9.901531,56.934803],[9.901537,56.934903],[9.901575,56.935387],[9.901607,56.935821],[9.901608,56.935867],[9.901628,56.93616],[9.901651,56.936565],[9.901688,56.937153],[9.901692,56.937259],[9.901725,56.93767],[9.901731,56.937785],[9.901759,56.938194],[9.901783,56.938606],[9.901809,56.939017],[9.901803,56.939245],[9.901782,56.939348],[9.901767,56.939409],[9.90171,56.939556],[9.901635,56.939693],[9.901532,56.93984],[9.901455,56.93993],[9.901371,56.940011],[9.901261,56.940106],[9.901216,56.940139],[9.901076,56.940239],[9.900925,56.940322],[9.900705,56.940431],[9.900327,56.940604],[9.900223,56.940655],[9.90008,56.940723],[9.899995,56.940768],[9.899875,56.940837],[9.899612,56.941008],[9.899408,56.941157],[9.899256,56.941316],[9.899137,56.941458],[9.899072,56.941561],[9.899051,56.941593],[9.89895,56.9418],[9.898796,56.942145],[9.898592,56.942625],[9.898389,56.943105],[9.89821,56.94352],[9.898035,56.943926],[9.897865,56.94433],[9.897707,56.944707],[9.897578,56.945013],[9.897502,56.945259],[9.897481,56.94543],[9.897478,56.945574],[9.897508,56.945759],[9.897546,56.945913],[9.897632,56.946184],[9.89774,56.946491],[9.897899,56.946965],[9.898034,56.94736],[9.898147,56.947668],[9.898268,56.947936],[9.898368,56.948165],[9.898463,56.948389],[9.898481,56.948439],[9.898494,56.948474],[9.898544,56.94864],[9.898563,56.94871],[9.898567,56.948743],[9.89857,56.948768],[9.898584,56.949098],[9.898595,56.949314],[9.898593,56.94937],[9.89859,56.949391],[9.898584,56.949437],[9.898571,56.949508],[9.898551,56.949574],[9.898522,56.949641],[9.89849,56.949704],[9.898454,56.949766],[9.898405,56.949832],[9.898364,56.949885],[9.898309,56.949946],[9.898246,56.950011],[9.89818,56.950068],[9.898109,56.950127],[9.89804,56.950177],[9.897976,56.950222],[9.897919,56.950259],[9.897851,56.950301],[9.897787,56.950342],[9.897706,56.950396],[9.897662,56.950423],[9.897636,56.950441],[9.897474,56.950546],[9.897332,56.950635],[9.897221,56.950709],[9.897117,56.95078],[9.897087,56.950801],[9.89706,56.950823],[9.897025,56.950843],[9.896959,56.950892],[9.896926,56.950911],[9.896903,56.950923],[9.896869,56.950941],[9.896846,56.950952],[9.896804,56.950974],[9.896714,56.951018],[9.896633,56.951059],[9.896547,56.951104],[9.896477,56.951143],[9.896438,56.951166],[9.89638,56.951202],[9.896249,56.951295],[9.896169,56.951351],[9.89609,56.951414],[9.89602,56.951467],[9.895974,56.951502],[9.895853,56.951605],[9.895676,56.951744],[9.895489,56.951888],[9.89542,56.951938],[9.8954,56.951953],[9.895166,56.95212],[9.894871,56.952324],[9.894793,56.952378],[9.894692,56.952448],[9.894643,56.952481],[9.894519,56.952568],[9.89435,56.952687],[9.894203,56.952788],[9.894072,56.952877],[9.893952,56.952964],[9.893885,56.95301],[9.8938,56.953069],[9.893659,56.953163],[9.893627,56.953185],[9.893603,56.953201],[9.893547,56.953242],[9.893246,56.95345],[9.893182,56.953494],[9.892956,56.95365],[9.892673,56.953846],[9.892348,56.954081],[9.892279,56.954132],[9.892221,56.954176],[9.891488,56.954721],[9.891375,56.954804],[9.891344,56.954827],[9.890798,56.955228],[9.890364,56.955544],[9.890245,56.95563],[9.889794,56.955958],[9.889691,56.956034],[9.889068,56.956491],[9.888902,56.956614],[9.888756,56.95672],[9.888669,56.956783],[9.888627,56.956814],[9.888484,56.95692],[9.887739,56.957463],[9.887576,56.957583],[9.887512,56.95763],[9.887454,56.957674],[9.887393,56.95772],[9.887335,56.957762],[9.887282,56.957801],[9.887218,56.957847],[9.887168,56.957884],[9.887119,56.95792],[9.887069,56.957957],[9.88702,56.957994],[9.886966,56.958034],[9.886918,56.958069],[9.886868,56.958105],[9.886808,56.958149],[9.88676,56.958184],[9.886699,56.958228],[9.886632,56.958277],[9.886581,56.958315],[9.886517,56.958362],[9.886502,56.958374],[9.886457,56.958407],[9.886406,56.958445],[9.886341,56.958492],[9.886287,56.958532],[9.88624,56.958567],[9.886179,56.958612],[9.886116,56.95866],[9.88607,56.958696],[9.886007,56.958746],[9.885962,56.958782],[9.885903,56.958831],[9.885853,56.958875],[9.885809,56.958915],[9.885762,56.95896],[9.88576,56.958963],[9.88571,56.959014],[9.885676,56.959053],[9.885642,56.959096],[9.885611,56.959141],[9.885584,56.959183],[9.885548,56.959239],[9.885513,56.959296],[9.885488,56.95934],[9.885462,56.959388],[9.885441,56.959425],[9.885431,56.959443],[9.8854,56.9595],[9.885377,56.959543],[9.885347,56.959597],[9.885315,56.959655],[9.885286,56.959706],[9.885263,56.959749],[9.885237,56.959795],[9.885212,56.95984],[9.885182,56.959894],[9.885155,56.959944],[9.885128,56.959993],[9.885098,56.960049],[9.885068,56.960104],[9.885043,56.96015],[9.885011,56.960209],[9.884989,56.960249],[9.884961,56.9603],[9.88493,56.960356],[9.884907,56.9604],[9.884876,56.960455],[9.884846,56.960511],[9.88482,56.960557],[9.884788,56.960616],[9.884757,56.960672],[9.884732,56.960717],[9.8847,56.960776],[9.88467,56.960829],[9.884638,56.960887],[9.884606,56.960945],[9.884583,56.960986],[9.884554,56.961039],[9.884509,56.961119],[9.88449,56.961152],[9.884469,56.961192],[9.884442,56.961241],[9.884413,56.961293],[9.884382,56.961351],[9.884354,56.961402],[9.884326,56.961454],[9.884299,56.961503],[9.884274,56.961548],[9.884252,56.961589],[9.884228,56.961633],[9.884208,56.961669],[9.884201,56.961682],[9.884175,56.96173],[9.884172,56.961735],[9.884146,56.961783],[9.884118,56.961836],[9.884096,56.961877],[9.884072,56.961922],[9.884047,56.961967],[9.884016,56.962023],[9.883986,56.962076],[9.883962,56.962121],[9.883931,56.962178],[9.883909,56.962221],[9.88388,56.962275],[9.883856,56.96232],[9.883831,56.962366],[9.883809,56.962406],[9.88378,56.96246],[9.88375,56.962518],[9.883724,56.962566],[9.883717,56.962578],[9.883702,56.962606],[9.88368,56.962647],[9.883671,56.962663],[9.883646,56.962708],[9.883614,56.962765],[9.883588,56.96281],[9.883561,56.962855],[9.883528,56.962913],[9.883497,56.962968],[9.883473,56.963012],[9.883449,56.963056],[9.88342,56.963109],[9.883392,56.963159],[9.883363,56.963211],[9.883331,56.963271],[9.883305,56.963317],[9.883274,56.963375],[9.883251,56.963417],[9.883226,56.963461],[9.883195,56.963518],[9.883172,56.963561],[9.883146,56.963607],[9.883116,56.963662],[9.883091,56.963708],[9.883066,56.963752],[9.883035,56.96381],[9.883004,56.963865],[9.88299,56.963891],[9.882975,56.963919],[9.882953,56.96396],[9.882928,56.964006],[9.882921,56.964019],[9.882896,56.964066],[9.882865,56.964121],[9.882836,56.964173],[9.882805,56.964229],[9.882775,56.964285],[9.882748,56.964334],[9.882715,56.964393],[9.882692,56.964435],[9.882669,56.964477],[9.882653,56.964507],[9.882641,56.964531],[9.882618,56.964574],[9.88259,56.964625],[9.882558,56.964683],[9.882546,56.964706],[9.882535,56.964725],[9.882507,56.964778],[9.882474,56.964837],[9.882452,56.964878],[9.882423,56.96493],[9.882395,56.964981],[9.882363,56.965037],[9.882333,56.965092],[9.882307,56.965139],[9.882283,56.965182],[9.882253,56.965238],[9.882222,56.965295],[9.882194,56.965347],[9.88217,56.965391],[9.882166,56.965399],[9.882138,56.96545],[9.882113,56.965496],[9.882082,56.965552],[9.882051,56.965607],[9.882028,56.965648],[9.881997,56.965703],[9.881966,56.965758],[9.881943,56.965802],[9.881936,56.965814],[9.881904,56.96587],[9.881873,56.965927],[9.881846,56.965973],[9.881822,56.966016],[9.881792,56.966068],[9.881757,56.966126],[9.881731,56.966167],[9.881721,56.966183],[9.881691,56.966228],[9.881653,56.966281],[9.881617,56.966333],[9.881579,56.966385],[9.881549,56.966427],[9.881518,56.96647],[9.88148,56.966521],[9.881441,56.966575],[9.881408,56.96662],[9.881376,56.966663],[9.881345,56.966705],[9.881305,56.96676],[9.881266,56.966814],[9.881226,56.966867],[9.881185,56.966923],[9.881148,56.966972],[9.881112,56.967021],[9.88108,56.967064],[9.881042,56.967115],[9.88101,56.967157],[9.880971,56.967209],[9.880931,56.967262],[9.880899,56.967305],[9.880866,56.96735],[9.880835,56.967392],[9.880796,56.967445],[9.880756,56.9675],[9.880727,56.96754],[9.880688,56.967593],[9.880658,56.967635],[9.88062,56.967689],[9.880581,56.967744],[9.880543,56.967797],[9.880517,56.967834],[9.880508,56.967845],[9.88048,56.967884],[9.880445,56.967937],[9.880417,56.967988],[9.880394,56.968035],[9.880371,56.968086],[9.880348,56.96814],[9.880329,56.968197],[9.880314,56.968251],[9.880304,56.968299],[9.880295,56.968347],[9.880287,56.968406],[9.880284,56.968458],[9.880283,56.968506],[9.880284,56.968563],[9.880284,56.968576],[9.880287,56.968614],[9.880294,56.96866],[9.880302,56.968706],[9.880313,56.968755],[9.880325,56.968804],[9.880337,56.968857],[9.880349,56.968906],[9.880359,56.968948],[9.880373,56.969006],[9.880388,56.969066],[9.880403,56.969126],[9.880413,56.969169],[9.880427,56.969226],[9.880441,56.969285],[9.880454,56.969339],[9.880469,56.969398],[9.88048,56.969446],[9.880492,56.969491],[9.8805,56.969527],[9.880503,56.969537],[9.880514,56.969582],[9.880528,56.969638],[9.880542,56.969696],[9.880554,56.969744],[9.880568,56.9698],[9.880581,56.969851],[9.880592,56.969894],[9.880607,56.969952],[9.88062,56.970008],[9.880634,56.970065],[9.880645,56.970109],[9.880659,56.970167],[9.880673,56.970224],[9.880688,56.970282],[9.880701,56.970338],[9.880713,56.970385],[9.880725,56.970433],[9.880738,56.970488],[9.880749,56.970534],[9.880761,56.970585],[9.880774,56.970642],[9.880787,56.970695],[9.880797,56.970738],[9.880801,56.970753],[9.880811,56.970795],[9.880825,56.970856],[9.880835,56.9709],[9.880846,56.970946],[9.880861,56.971006],[9.880873,56.971054],[9.880882,56.971096],[9.880892,56.971142],[9.880905,56.971199],[9.880917,56.971254],[9.880938,56.971346],[9.880948,56.971394],[9.880956,56.97144],[9.880964,56.971487],[9.880973,56.971533],[9.880981,56.971571],[9.880983,56.971581],[9.880993,56.971633],[9.881006,56.971693],[9.881017,56.97175],[9.881028,56.971809],[9.881036,56.971853],[9.881046,56.971914],[9.881053,56.971974],[9.881057,56.972022],[9.88106,56.972071],[9.881059,56.972117],[9.881054,56.972176],[9.881049,56.972231],[9.881046,56.972253],[9.881043,56.972289],[9.88104,56.972308],[9.881035,56.972344],[9.881028,56.972392],[9.881021,56.972435],[9.881012,56.97248],[9.880997,56.972536],[9.880981,56.97259],[9.880962,56.972645],[9.880939,56.972701],[9.880915,56.972759],[9.880887,56.972819],[9.880864,56.972867],[9.880843,56.972911],[9.88082,56.972957],[9.880798,56.973003],[9.88077,56.973056],[9.880746,56.973104],[9.880724,56.973148],[9.8807,56.973195],[9.880676,56.973241],[9.880653,56.973287],[9.88063,56.973331],[9.880601,56.97339],[9.880573,56.973447],[9.880543,56.973506],[9.880521,56.973551],[9.880494,56.973606],[9.880474,56.973648],[9.880451,56.973695],[9.880432,56.973733],[9.880407,56.973788],[9.880384,56.973838],[9.880357,56.973896],[9.880332,56.973956],[9.880309,56.974009],[9.88029,56.974059],[9.880274,56.974102],[9.880255,56.974161],[9.880241,56.974209],[9.880228,56.974257],[9.880218,56.974297],[9.880206,56.974353],[9.880195,56.97441],[9.880185,56.974471],[9.880178,56.974527],[9.880172,56.974577],[9.880169,56.974622],[9.880166,56.974668],[9.880163,56.974722],[9.880163,56.974777],[9.880163,56.974837],[9.880166,56.974883],[9.880171,56.974942],[9.880176,56.974986],[9.880185,56.975045],[9.880195,56.975104],[9.880204,56.975149],[9.880217,56.975204],[9.880232,56.975259],[9.880246,56.975308],[9.880264,56.975365],[9.88028,56.975409],[9.8803,56.975465],[9.880323,56.975524],[9.880342,56.975569],[9.880365,56.975627],[9.88039,56.975685],[9.880413,56.975741],[9.880437,56.975799],[9.880457,56.975848],[9.880476,56.975893],[9.880498,56.975945],[9.880524,56.976003],[9.880544,56.976051],[9.880565,56.9761],[9.880585,56.97615],[9.880604,56.976195],[9.880628,56.976254],[9.880647,56.976297],[9.880673,56.976356],[9.880694,56.976404],[9.880716,56.976453],[9.880741,56.976511],[9.880768,56.97657],[9.880788,56.976612],[9.880812,56.976658],[9.88084,56.976713],[9.880864,56.976759],[9.880895,56.976813],[9.880927,56.976867],[9.880954,56.976912],[9.880989,56.976969],[9.881016,56.977012],[9.881047,56.977059],[9.881074,56.977099],[9.881113,56.977156],[9.88114,56.977195],[9.881169,56.977238],[9.881206,56.97729],[9.881243,56.977343],[9.881282,56.977399],[9.881313,56.977442],[9.881353,56.9775],[9.881389,56.977551],[9.881429,56.977607],[9.881458,56.977648],[9.881495,56.977701],[9.881536,56.977758],[9.881565,56.977799],[9.881603,56.977852],[9.881634,56.977896],[9.881674,56.977952],[9.881712,56.978006],[9.88175,56.978059],[9.881789,56.978114],[9.881829,56.97817],[9.881861,56.978214],[9.881893,56.978258],[9.881923,56.9783],[9.881962,56.978356],[9.882001,56.978412],[9.882029,56.978454],[9.882056,56.978498],[9.882082,56.978541],[9.882107,56.978589],[9.882134,56.978646],[9.882154,56.978698],[9.882171,56.978753],[9.882184,56.978801],[9.882194,56.978845],[9.882195,56.978849],[9.882206,56.978906],[9.882214,56.978964],[9.882222,56.979021],[9.882229,56.97908],[9.882235,56.979124],[9.882242,56.979177],[9.882242,56.979182],[9.882249,56.979224],[9.882257,56.979274],[9.882257,56.979279],[9.882268,56.97934],[9.882278,56.979399],[9.882286,56.979445],[9.882299,56.979504],[9.88231,56.979547],[9.882321,56.97959],[9.882337,56.979647],[9.882347,56.979677],[9.882354,56.979701],[9.882376,56.979757],[9.882393,56.979799],[9.882408,56.97983],[9.882418,56.979852],[9.882442,56.9799],[9.882474,56.979956],[9.882498,56.979996],[9.882526,56.980042],[9.882554,56.980089],[9.882585,56.980137],[9.88262,56.980194],[9.882648,56.98024],[9.882672,56.980283],[9.8827,56.980331],[9.882706,56.98034],[9.882734,56.980392],[9.882762,56.980447],[9.882786,56.980493],[9.88281,56.980539],[9.882835,56.980588],[9.882854,56.98063],[9.882876,56.980685],[9.882881,56.980698],[9.882897,56.980741],[9.882914,56.980797],[9.882932,56.980857],[9.882944,56.980903],[9.882958,56.980963],[9.882967,56.981006],[9.882968,56.981016],[9.882975,56.981062],[9.88298,56.981111],[9.882982,56.981122],[9.882984,56.981145],[9.882985,56.981164],[9.882987,56.981217],[9.882988,56.981278],[9.882989,56.981339],[9.882988,56.981398],[9.882987,56.981452],[9.882986,56.981504],[9.882986,56.981526],[9.882937,56.981531],[9.88256,56.981568],[9.881744,56.981647],[9.88173,56.981648],[9.881288,56.981693],[9.881018,56.981731],[9.880884,56.981756],[9.880859,56.98176],[9.880752,56.981782],[9.880679,56.981797],[9.880672,56.981799],[9.880596,56.981814],[9.88059,56.981816],[9.880521,56.98183],[9.880501,56.981834],[9.880486,56.981837],[9.880426,56.981849],[9.880411,56.981852],[9.880324,56.98187],[9.880237,56.981887],[9.880229,56.981889],[9.880074,56.98192],[9.879881,56.981962],[9.879787,56.981996],[9.879732,56.982024],[9.879679,56.982057],[9.879629,56.982096],[9.879581,56.982147],[9.879555,56.982186],[9.879517,56.982278],[9.879479,56.982375],[9.879448,56.982447],[9.879415,56.982504],[9.879366,56.982569],[9.8792,56.982731],[9.879081,56.982838],[9.87901,56.982909],[9.878948,56.982977],[9.878909,56.983032],[9.878878,56.9831],[9.878862,56.983191],[9.878845,56.983383],[9.878823,56.983519],[9.87871,56.984185],[9.878674,56.984317],[9.878644,56.984465],[9.878559,56.984829],[9.878531,56.985016],[9.878511,56.985172],[9.878504,56.985347],[9.878533,56.985611],[9.878571,56.985799],[9.878606,56.985986],[9.878652,56.986234],[9.878666,56.986419],[9.878661,56.986513],[9.878637,56.986646],[9.878614,56.986755],[9.878567,56.986935],[9.878555,56.986991],[9.878529,56.987142],[9.878516,56.987193],[9.87851,56.987206],[9.878504,56.987215],[9.878492,56.98723],[9.878478,56.987246],[9.878463,56.987259],[9.878443,56.98727],[9.878419,56.98728],[9.878395,56.987288],[9.87835,56.987297],[9.878306,56.987303],[9.878257,56.98731],[9.878225,56.987318],[9.878213,56.987324],[9.878205,56.987329],[9.8782,56.987335],[9.878196,56.987341],[9.878193,56.987349],[9.878191,56.987362],[9.878192,56.987374],[9.878194,56.987384],[9.878198,56.987396],[9.878215,56.987425],[9.878379,56.987748],[9.878481,56.987962],[9.878695,56.988351],[9.87873,56.98841],[9.878762,56.988459],[9.878793,56.988501],[9.87881,56.988521],[9.878818,56.988559],[9.878846,56.988556],[9.878877,56.988589],[9.878974,56.988895],[9.879076,56.989221],[9.879076,56.989227],[9.879073,56.989235],[9.879068,56.989241],[9.879047,56.989254],[9.879031,56.989262],[9.87898,56.989276],[9.879067,56.989537],[9.879139,56.989751],[9.879186,56.98988],[9.879208,56.989937],[9.879215,56.989951],[9.879222,56.989964],[9.879378,56.990179],[9.879561,56.990422],[9.879719,56.990634],[9.879742,56.990662],[9.879774,56.990695],[9.879813,56.99073],[9.879849,56.99076],[9.879895,56.990794],[9.880113,56.990934],[9.880202,56.990989],[9.880255,56.991022],[9.88043,56.991131],[9.880788,56.991354],[9.880868,56.991403],[9.880946,56.991452],[9.880987,56.991478],[9.881071,56.991534],[9.881123,56.991571],[9.881164,56.991603],[9.881205,56.991639],[9.881231,56.991665],[9.881271,56.991711],[9.881295,56.99174],[9.881322,56.991781],[9.881345,56.991818],[9.881365,56.991857],[9.881398,56.991946],[9.881473,56.992165],[9.881546,56.992384],[9.881632,56.992643],[9.881654,56.992708],[9.881735,56.992966],[9.881809,56.99318],[9.881844,56.993282],[9.88187,56.993364],[9.8819,56.993444],[9.881916,56.993476],[9.881956,56.993539],[9.881972,56.993562],[9.882008,56.993603],[9.88202,56.993615],[9.882044,56.993636],[9.882126,56.993692],[9.882345,56.993822],[9.882606,56.993977],[9.882709,56.994036],[9.882745,56.99408],[9.882764,56.994099],[9.882782,56.994114],[9.882832,56.994148],[9.883108,56.994311],[9.883424,56.994499],[9.883759,56.994699],[9.883929,56.994801],[9.883925,56.99482],[9.883912,56.994876],[9.883911,56.994895],[9.883913,56.994904],[9.883922,56.994927],[9.883944,56.994968],[9.883984,56.995032],[9.884004,56.99506],[9.88406,56.995135],[9.884081,56.995163],[9.884094,56.995177],[9.884114,56.995196],[9.88414,56.995217],[9.884168,56.995237],[9.884239,56.995282],[9.884431,56.995395],[9.88467,56.995531],[9.884752,56.995579],[9.884813,56.995617],[9.884852,56.995643],[9.884874,56.995659],[9.884962,56.995732],[9.885007,56.99577],[9.885034,56.995795],[9.885052,56.995812],[9.885076,56.995837],[9.885086,56.995851],[9.885105,56.995876],[9.885115,56.995893],[9.885129,56.995925],[9.885133,56.995941],[9.885134,56.995952],[9.885133,56.995968],[9.885129,56.995986],[9.885123,56.996007],[9.885118,56.99602],[9.885114,56.996028],[9.885093,56.996055],[9.88524,56.996042],[9.885655,56.996011],[9.885993,56.995985],[9.886452,56.995949],[9.886829,56.995918],[9.88724,56.995886],[9.887347,56.995877],[9.887386,56.995874],[9.887448,56.99587],[9.887446,56.995928],[9.887447,56.996011],[9.887454,56.996103],[9.887465,56.996182],[9.887475,56.996235],[9.887491,56.9963],[9.887509,56.996363],[9.887533,56.996438],[9.887545,56.996468],[9.887572,56.996539],[9.887588,56.996575],[9.887612,56.996624],[9.887626,56.996653],[9.887658,56.996715],[9.887696,56.99678],[9.887719,56.996817],[9.887759,56.996876],[9.887788,56.99692],[9.887841,56.99699],[9.887884,56.997043],[9.887964,56.997133],[9.888047,56.99722],[9.88813,56.9973],[9.888165,56.997331],[9.888235,56.997392],[9.888298,56.997445],[9.888365,56.997497],[9.888438,56.99755],[9.888471,56.997576],[9.888522,56.997611],[9.888579,56.997649],[9.888701,56.997726],[9.88884,56.997814],[9.888883,56.997841],[9.889033,56.997935],[9.889244,56.998067],[9.889473,56.998207],[9.889658,56.998323],[9.889802,56.998415],[9.889938,56.998503],[9.890044,56.998574],[9.890145,56.998651],[9.890251,56.998736],[9.890349,56.998822],[9.890438,56.998907],[9.890481,56.998885],[9.890496,56.998877],[9.890508,56.998871],[9.890582,56.998834],[9.890621,56.998822],[9.891153,56.998912],[9.891567,56.998954],[9.892219,56.999025],[9.892994,56.999113],[9.893022,56.999116],[9.893669,56.999194],[9.893853,56.999211],[9.893937,56.999215],[9.893997,56.999212],[9.894056,56.999205],[9.894107,56.999196],[9.894165,56.999179],[9.89445,56.999084],[9.894525,56.999066],[9.894585,56.999055],[9.894718,56.99904],[9.894828,56.99904],[9.894891,56.999046],[9.894936,56.999051],[9.895014,56.999069],[9.895121,56.999103],[9.895212,56.999146],[9.895411,56.999296],[9.895522,56.999357],[9.895669,56.999414],[9.895807,56.999447],[9.896187,56.999511],[9.896607,56.999577],[9.896876,56.999617],[9.897167,56.999657],[9.897441,56.999689],[9.897864,56.999729],[9.898128,56.999751],[9.898419,56.999757],[9.89875,56.99976],[9.899297,56.999751],[9.899723,56.999746],[9.900084,56.999744],[9.900424,56.999756],[9.900873,56.999784],[9.900999,56.999784],[9.901219,56.999761],[9.901705,56.999675],[9.902424,56.99957],[9.902497,56.999624],[9.90269,56.999735],[9.903052,56.999934],[9.903271,57.000059],[9.90348,57.000172],[9.903642,57.000274],[9.903806,57.000382],[9.903894,57.000456],[9.903976,57.000541],[9.904037,57.000626],[9.904073,57.000719],[9.904077,57.000813],[9.904047,57.000904],[9.903987,57.000996],[9.903916,57.001069],[9.903705,57.001219],[9.903454,57.00138],[9.903309,57.001486],[9.903161,57.001621],[9.903115,57.001679],[9.903077,57.001729],[9.903063,57.001744],[9.903055,57.001752],[9.903094,57.001787],[9.903159,57.001862],[9.903216,57.001943],[9.903268,57.002028],[9.903303,57.002113],[9.903346,57.002257],[9.903355,57.002296],[9.903362,57.002339],[9.903364,57.002409],[9.903369,57.002488],[9.903366,57.00259],[9.903315,57.002929],[9.903298,57.003175],[9.90328,57.003362],[9.903267,57.003471],[9.90326,57.00352],[9.903251,57.003564],[9.903244,57.003595],[9.90324,57.003607],[9.90323,57.003636],[9.903204,57.003697],[9.903161,57.00378],[9.903121,57.003857],[9.903106,57.003889],[9.903097,57.003918],[9.903091,57.003948],[9.903087,57.003986],[9.903089,57.003998],[9.903092,57.004016],[9.903095,57.004027],[9.903115,57.004083],[9.90312,57.004093],[9.90313,57.004117],[9.903195,57.004252],[9.903284,57.004451],[9.90333,57.004546],[9.90336,57.004611],[9.903378,57.004642],[9.903392,57.004662],[9.903403,57.004677],[9.903416,57.00469],[9.903433,57.004703],[9.903453,57.004718],[9.903475,57.00473],[9.903495,57.004739],[9.903513,57.004745],[9.903534,57.004752],[9.903558,57.004757],[9.903592,57.004765],[9.903713,57.004785],[9.903835,57.004804],[9.903914,57.004818],[9.903961,57.004829],[9.904003,57.004838],[9.904048,57.00485],[9.904074,57.004857],[9.904134,57.004874],[9.904168,57.004885],[9.904185,57.00489],[9.904257,57.004914],[9.904394,57.004965],[9.90459,57.005046],[9.904772,57.005127],[9.904866,57.005174],[9.904927,57.005205],[9.904946,57.005216],[9.905032,57.005267],[9.905098,57.005308],[9.90514,57.005337],[9.905175,57.005365],[9.905209,57.005396],[9.905253,57.005437],[9.905283,57.005469],[9.905315,57.005506],[9.90533,57.005527],[9.905343,57.005545],[9.905357,57.005567],[9.905411,57.005659],[9.905456,57.005739],[9.905483,57.005787],[9.905513,57.005836],[9.905578,57.005931],[9.90562,57.005987],[9.90564,57.006013],[9.905685,57.006068],[9.90573,57.006117],[9.90576,57.006147],[9.905795,57.006181],[9.905812,57.006197],[9.905897,57.006263],[9.905942,57.006294],[9.906072,57.00638],[9.906102,57.0064],[9.906201,57.006465],[9.90623,57.006485],[9.906268,57.00652],[9.906292,57.006544],[9.906319,57.006578],[9.906342,57.006616],[9.906357,57.006641],[9.906369,57.006666],[9.906386,57.006712],[9.906436,57.006853],[9.906462,57.006922],[9.906486,57.006974],[9.906504,57.007014],[9.906569,57.007136],[9.906673,57.007311],[9.906717,57.007382],[9.906739,57.007412],[9.906762,57.007438],[9.906772,57.007448],[9.906802,57.007471],[9.906859,57.007508],[9.907062,57.007636],[9.907111,57.007669],[9.907124,57.007677],[9.907166,57.007709],[9.907206,57.007749],[9.90723,57.007777],[9.907244,57.007797],[9.907255,57.007818],[9.907265,57.00785],[9.90727,57.007874],[9.907271,57.007885],[9.907272,57.007912],[9.90727,57.007928],[9.90727,57.007949],[9.907263,57.007965],[9.907251,57.007993],[9.90723,57.008029],[9.907223,57.00804],[9.907187,57.008087],[9.907172,57.008106],[9.907124,57.008157],[9.907112,57.008169],[9.907084,57.008193],[9.907052,57.008218],[9.907021,57.008241],[9.90699,57.008263],[9.906975,57.008273],[9.906912,57.00831],[9.906768,57.008393],[9.906662,57.008452],[9.906628,57.008471],[9.906491,57.008547],[9.906341,57.00863],[9.906238,57.00869],[9.90616,57.008734],[9.906093,57.008773],[9.905988,57.008834],[9.905718,57.008991],[9.905513,57.009108],[9.905269,57.009241],[9.904916,57.009431],[9.9047,57.009544],[9.904599,57.009594],[9.904513,57.009633],[9.904425,57.00967],[9.90424,57.009743],[9.903928,57.009862],[9.903608,57.009983],[9.903266,57.010111],[9.903009,57.010208],[9.902942,57.010236],[9.90291,57.010251],[9.90286,57.010275],[9.902839,57.010286],[9.902724,57.010341],[9.903493,57.010801],[9.903578,57.01085],[9.903628,57.010878],[9.903674,57.010905],[9.9037,57.010919],[9.903747,57.010946],[9.903784,57.010968],[9.903849,57.011004],[9.903915,57.011042],[9.903956,57.011065],[9.90404,57.011107],[9.904068,57.011119],[9.904143,57.011148],[9.904249,57.011184],[9.904274,57.011191],[9.904314,57.011203],[9.904388,57.011224],[9.90441,57.011208],[9.904419,57.011202],[9.904428,57.011196],[9.904444,57.011185],[9.904459,57.011177],[9.904479,57.011168],[9.904501,57.011161],[9.904571,57.011156],[9.904635,57.011155],[9.90465,57.011156],[9.904685,57.011159],[9.904889,57.011176],[9.905208,57.011203],[9.905555,57.011239],[9.905964,57.011276],[9.906147,57.011293],[9.906194,57.011299],[9.906242,57.011306],[9.906273,57.011312],[9.906311,57.01132],[9.906364,57.011334],[9.906471,57.011369],[9.906593,57.011413],[9.906727,57.011466],[9.906753,57.011476],[9.906782,57.011491],[9.906802,57.011502],[9.906829,57.011525],[9.906865,57.011554],[9.906875,57.011563],[9.906884,57.01157],[9.906929,57.011608],[9.906974,57.011645],[9.906984,57.011653],[9.906993,57.01166],[9.907012,57.011677],[9.90703,57.011692],[9.907054,57.011708],[9.907074,57.011719],[9.9071,57.01173],[9.907143,57.011744],[9.907176,57.011752],[9.907205,57.011755],[9.907233,57.011758],[9.907258,57.011757],[9.90729,57.011754],[9.90732,57.011751],[9.907369,57.011743],[9.907483,57.011716],[9.907577,57.011689],[9.907793,57.011627],[9.907825,57.011616],[9.907897,57.011592],[9.908123,57.011521],[9.908443,57.011431],[9.908546,57.011404],[9.909003,57.011291],[9.909246,57.01124],[9.909326,57.01122],[9.909358,57.011212],[9.909391,57.011209],[9.909419,57.011209],[9.909437,57.01121],[9.909476,57.011213],[9.909504,57.011231],[9.909572,57.01128],[9.909623,57.011318],[9.90969,57.011376],[9.909779,57.011452],[9.909904,57.01156],[9.91002,57.011656],[9.910081,57.011705],[9.910216,57.011817],[9.910368,57.011946],[9.910458,57.012021],[9.910501,57.012057],[9.910634,57.012167],[9.910754,57.012269],[9.910789,57.012301],[9.911002,57.012477],[9.911167,57.012614],[9.911479,57.012872],[9.912156,57.013434],[9.912863,57.014019],[9.912982,57.014121],[9.913048,57.01419],[9.913064,57.01421],[9.913075,57.014224],[9.913128,57.014305],[9.913164,57.014365],[9.913202,57.014436],[9.913252,57.014538],[9.91331,57.01465],[9.913332,57.014691],[9.91344,57.014899],[9.913498,57.015011],[9.913558,57.015123],[9.913615,57.015225],[9.913674,57.015339],[9.913685,57.015362],[9.913727,57.015444],[9.91377,57.015529],[9.913828,57.015636],[9.913875,57.015721],[9.913936,57.015833],[9.914007,57.015967],[9.91404,57.01603],[9.914066,57.016081],[9.914106,57.01614],[9.914164,57.016222],[9.914182,57.016242],[9.914191,57.016248],[9.914216,57.016257],[9.914231,57.016262],[9.914247,57.01627],[9.914261,57.016282],[9.914275,57.016291],[9.914292,57.016304],[9.914303,57.01631],[9.914331,57.016327],[9.914348,57.016339],[9.914361,57.016348],[9.914373,57.016353],[9.914384,57.016355],[9.914398,57.016357],[9.914413,57.016362],[9.914428,57.016372],[9.914498,57.016418],[9.914643,57.016502],[9.914725,57.016556],[9.914771,57.016585],[9.914972,57.016731],[9.915152,57.016871],[9.915216,57.016924],[9.91525,57.016957],[9.915276,57.016985],[9.915296,57.017006],[9.915373,57.017104],[9.915514,57.017298],[9.915677,57.017519],[9.915817,57.017744],[9.915943,57.01795],[9.916077,57.01819],[9.916175,57.018364],[9.916302,57.018617],[9.916407,57.018903],[9.916494,57.01917],[9.916544,57.019364],[9.916556,57.019404],[9.916565,57.019437],[9.916569,57.019455],[9.916589,57.019507],[9.916598,57.019541],[9.9166,57.019555],[9.916602,57.019588],[9.9166,57.019635],[9.916595,57.019672],[9.91659,57.019702],[9.916581,57.019742],[9.916562,57.01983],[9.916527,57.020021],[9.916512,57.02013],[9.91649,57.020253],[9.916461,57.020402],[9.916435,57.020529],[9.91641,57.02066],[9.91639,57.020784],[9.91638,57.02087],[9.916376,57.020926],[9.916382,57.020972],[9.916392,57.02102],[9.91641,57.021058],[9.916438,57.021109],[9.916513,57.021207],[9.916539,57.021236],[9.916595,57.021297],[9.916699,57.021425],[9.91683,57.021582],[9.916941,57.021716],[9.917067,57.021866],[9.917157,57.021971],[9.917269,57.022107],[9.917368,57.022224],[9.91746,57.022324],[9.917557,57.022439],[9.917633,57.022542],[9.917763,57.022694],[9.917907,57.022865],[9.918019,57.022998],[9.918144,57.023148],[9.918232,57.023256],[9.918334,57.02338],[9.918412,57.02347],[9.918517,57.023601],[9.918572,57.023682],[9.918597,57.023729],[9.918617,57.023787],[9.918631,57.023847],[9.918645,57.023964],[9.918667,57.024137],[9.918684,57.024253],[9.918686,57.024266],[9.918686,57.024298],[9.918684,57.024346],[9.918692,57.024469],[9.918712,57.024626],[9.918732,57.024849],[9.918753,57.02506],[9.918761,57.02513],[9.91878,57.025319],[9.918788,57.025413],[9.918779,57.025471],[9.918764,57.025526],[9.918753,57.02554],[9.918746,57.025547],[9.918701,57.0256],[9.919176,57.025733],[9.919569,57.025841],[9.919721,57.025883],[9.919859,57.025922],[9.919822,57.025974],[9.919816,57.025983],[9.919793,57.026015],[9.91976,57.02607],[9.91973,57.026129],[9.919713,57.026162],[9.919707,57.026178],[9.919704,57.026196],[9.919706,57.026211],[9.919715,57.026231],[9.919733,57.02625],[9.919763,57.026271],[9.919821,57.026311],[9.919957,57.026406],[9.920191,57.026557],[9.920461,57.026734],[9.920614,57.026833],[9.920763,57.026932],[9.920916,57.027034],[9.921064,57.027135],[9.921279,57.027275],[9.921349,57.027323],[9.921465,57.027403],[9.921635,57.027517],[9.921816,57.027636],[9.921929,57.027711],[9.922113,57.027838],[9.92224,57.027923],[9.92232,57.027972],[9.9224,57.02802],[9.922521,57.028086],[9.922555,57.028106],[9.922641,57.028154],[9.92275,57.028211],[9.922888,57.028276],[9.923126,57.028393],[9.923241,57.028449],[9.923305,57.02848],[9.923377,57.02852],[9.923409,57.028537],[9.923471,57.028576],[9.923523,57.028616],[9.923558,57.028643],[9.923583,57.028669],[9.923644,57.028742],[9.92366,57.028776],[9.92367,57.028816],[9.923674,57.028838],[9.923673,57.028932],[9.923649,57.029145],[9.923624,57.029468],[9.923605,57.029582],[9.923595,57.029627],[9.923574,57.029681],[9.923547,57.029749],[9.923492,57.029851],[9.923223,57.030294],[9.9231,57.030505],[9.923004,57.030674],[9.922847,57.030931],[9.922723,57.031148],[9.922634,57.031296],[9.922326,57.031847],[9.922301,57.031906],[9.922285,57.031962],[9.922261,57.032102],[9.922249,57.032232],[9.92224,57.032381],[9.922238,57.032433],[9.922255,57.032493],[9.922264,57.032516],[9.922284,57.032562],[9.922295,57.032601],[9.922297,57.032609],[9.922305,57.032637],[9.922304,57.032704],[9.922258,57.032838],[9.922223,57.032838],[9.922136,57.032989],[9.922051,57.033122],[9.921965,57.033255],[9.921823,57.033473],[9.921667,57.033739],[9.921473,57.034071],[9.921328,57.034309],[9.921199,57.034509],[9.921063,57.034716],[9.920942,57.034907],[9.92083,57.035093],[9.920716,57.035298],[9.920645,57.035413],[9.920575,57.035523],[9.920508,57.035627],[9.920433,57.035748],[9.920384,57.035833],[9.92032,57.035947],[9.920304,57.03597],[9.920152,57.036006],[9.91996,57.036052],[9.919805,57.036092],[9.919614,57.036154],[9.919446,57.036212],[9.919288,57.036277],[9.919143,57.036353],[9.918972,57.036434],[9.918844,57.036505],[9.918655,57.036652],[9.918502,57.036783],[9.918355,57.036926],[9.918222,57.03707],[9.918244,57.03713],[9.91831,57.037308],[9.91836,57.037457],[9.918428,57.037654],[9.918485,57.037818],[9.918509,57.037873],[9.91853,57.037899],[9.918563,57.037926],[9.918784,57.038081],[9.918992,57.038225],[9.919399,57.038506],[9.919477,57.038536],[9.919675,57.038613],[9.919684,57.038683],[9.919689,57.03872],[9.919722,57.038731],[9.919853,57.038775],[9.920061,57.038837],[9.920075,57.038841],[9.920123,57.038853],[9.920589,57.038973],[9.9207,57.039001],[9.920855,57.039039],[9.921129,57.039105],[9.92117,57.039115],[9.921176,57.039117],[9.921212,57.039126],[9.921233,57.039131],[9.921392,57.03917],[9.921435,57.039181],[9.921464,57.039188],[9.921606,57.039226],[9.921626,57.039232],[9.921659,57.039241],[9.921772,57.03927],[9.921982,57.039315],[9.922151,57.039356],[9.922199,57.039366],[9.922453,57.039419],[9.922587,57.039445],[9.92265,57.039456],[9.922837,57.039487],[9.923156,57.039531],[9.923193,57.039535],[9.923448,57.039564],[9.923597,57.039571],[9.923745,57.039578],[9.923956,57.039584],[9.924163,57.03959],[9.924515,57.039589],[9.924822,57.039589],[9.924851,57.039589],[9.925072,57.039591],[9.925258,57.039593],[9.925451,57.039595],[9.92564,57.039597],[9.925937,57.039599],[9.92612,57.039601],[9.926665,57.039607],[9.926677,57.039607],[9.926848,57.039608],[9.92713,57.03961],[9.927526,57.039612],[9.927904,57.039615],[9.928596,57.039616],[9.92883,57.039616],[9.928998,57.039616],[9.929202,57.039616],[9.929218,57.039616],[9.92947,57.039617],[9.92961,57.039618],[9.929969,57.039623],[9.930335,57.039627],[9.930706,57.039631],[9.93127,57.039636],[9.931402,57.039637],[9.931623,57.039651],[9.931722,57.039657],[9.931619,57.03992],[9.931464,57.040283],[9.931358,57.040506],[9.931172,57.040928],[9.930972,57.041377],[9.930658,57.042026],[9.930639,57.042074],[9.930559,57.042268],[9.930549,57.042293],[9.930541,57.042313],[9.930548,57.042467],[9.930515,57.04257],[9.930503,57.042602],[9.930486,57.042646],[9.930417,57.042816],[9.930386,57.042898],[9.930352,57.042984],[9.930346,57.043002],[9.9303,57.043119],[9.930272,57.043312],[9.930346,57.043646],[9.930351,57.043665],[9.930409,57.04385],[9.930451,57.043987],[9.93061,57.044565],[9.930726,57.044971],[9.930889,57.045302],[9.931017,57.045456],[9.93116,57.045632],[9.931294,57.045806],[9.931369,57.04593],[9.931397,57.046014],[9.931413,57.046139],[9.931419,57.046181],[9.931337,57.046186],[9.931341,57.046212],[9.931342,57.046225],[9.931347,57.046274],[9.931436,57.046761],[9.931442,57.046793],[9.931467,57.04693],[9.931469,57.04694],[9.931471,57.04695],[9.93157,57.047074],[9.931784,57.047718],[9.93179,57.047953],[9.931412,57.048626],[9.931214,57.048725],[9.930944,57.048762],[9.930735,57.0488],[9.930458,57.048852],[9.930234,57.048897],[9.930094,57.048928],[9.929701,57.049018],[9.929584,57.049048],[9.929192,57.049141],[9.928974,57.049193],[9.928188,57.049372],[9.927899,57.049439],[9.927611,57.049506],[9.927183,57.049618],[9.927148,57.049636],[9.927102,57.04966],[9.926987,57.049688],[9.926387,57.049835],[9.926228,57.049872],[9.92622,57.049874],[9.926191,57.049879],[9.925979,57.049938],[9.925774,57.049994],[9.925476,57.050075],[9.925339,57.050114],[9.925094,57.050182],[9.924866,57.050245],[9.924591,57.050319],[9.923957,57.050494],[9.923782,57.050583],[9.923546,57.0504],[9.923324,57.050464],[9.923099,57.050526],[9.922903,57.050575],[9.922756,57.050611],[9.92245,57.050684],[9.922393,57.050697],[9.92227,57.050726],[9.922066,57.050772],[9.921346,57.050939],[9.921105,57.051014],[9.921079,57.051022],[9.921033,57.051037],[9.920779,57.051116],[9.920662,57.051152],[9.920489,57.051214],[9.920182,57.051322],[9.919623,57.051542],[9.919088,57.051783],[9.918925,57.051858],[9.918833,57.051907],[9.918809,57.051926],[9.91879,57.051939],[9.918764,57.051959],[9.918658,57.052036],[9.918553,57.052104],[9.918236,57.052315],[9.91808,57.05241],[9.917946,57.052475],[9.917798,57.052535],[9.917747,57.052553],[9.917716,57.052565],[9.917702,57.05257],[9.917685,57.052576],[9.917663,57.052583],[9.9176,57.052606],[9.917512,57.052638],[9.917487,57.052647],[9.917473,57.052652],[9.917447,57.052661],[9.917372,57.052688],[9.917089,57.052752],[9.916876,57.052783],[9.91659,57.052812],[9.916331,57.052823],[9.916033,57.052809],[9.915642,57.052785],[9.915184,57.052764],[9.915278,57.052594],[9.915314,57.052528],[9.915431,57.052458],[9.915769,57.052373],[9.916421,57.052216],[9.916497,57.052197],[9.916902,57.052091],[9.916915,57.052088],[9.916937,57.052082],[9.916966,57.052075],[9.916986,57.05207],[9.917016,57.052062],[9.917146,57.052033],[9.91717,57.052073],[9.917201,57.052123],[9.917219,57.052155],[9.917467,57.052442],[9.917553,57.052547],[9.9176,57.052606],[9.917679,57.052702],[9.91773,57.052767],[9.917841,57.052893],[9.917912,57.052958],[9.917936,57.052979],[9.918016,57.053053],[9.918118,57.053147],[9.918285,57.053302],[9.918859,57.053834],[9.919209,57.054157],[9.919472,57.054406],[9.919668,57.054586],[9.919827,57.054732],[9.919983,57.054878],[9.92022,57.055097],[9.920458,57.055317],[9.920698,57.055539],[9.920961,57.055779],[9.921173,57.055981],[9.921384,57.056173],[9.921619,57.056391],[9.921789,57.056549],[9.921846,57.056602],[9.922102,57.056835],[9.922248,57.056972],[9.922311,57.057032],[9.922372,57.057087],[9.922408,57.057123],[9.922444,57.057162],[9.922475,57.057196],[9.922633,57.057278],[9.922673,57.057298],[9.92272,57.057317],[9.922767,57.05733],[9.922812,57.057342],[9.922868,57.057353],[9.922914,57.05736],[9.923024,57.057376],[9.923271,57.057403],[9.923381,57.057419],[9.923445,57.057428],[9.92346,57.05743],[9.92354,57.057442],[9.923653,57.057452],[9.924007,57.057485],[9.924256,57.057518],[9.924417,57.057541],[9.924574,57.057568],[9.924813,57.057608],[9.924932,57.057625],[9.925039,57.057647],[9.925147,57.057673],[9.925297,57.057715],[9.925399,57.057748],[9.925466,57.057779],[9.925493,57.057791],[9.925555,57.057843],[9.925575,57.057862],[9.925607,57.057894],[9.925644,57.057936],[9.925724,57.058038],[9.925791,57.058109],[9.925896,57.058208],[9.926027,57.058324],[9.926148,57.058425],[9.926294,57.058541],[9.926413,57.058616],[9.926516,57.058662],[9.926617,57.058708],[9.926624,57.058711],[9.926745,57.058753],[9.926887,57.058774],[9.927198,57.058806],[9.927625,57.058848],[9.928083,57.058908],[9.928242,57.058939],[9.928409,57.058977],[9.928553,57.059016],[9.92867,57.05905],[9.92889,57.059116],[9.929082,57.059176],[9.929235,57.059223],[9.929271,57.059234],[9.929429,57.059284],[9.929578,57.059327],[9.929637,57.059344],[9.929796,57.059394],[9.929859,57.059413],[9.929959,57.059443],[9.930122,57.059492],[9.930264,57.059536],[9.9304,57.059578],[9.930534,57.059619],[9.930597,57.059638],[9.930609,57.059642],[9.930678,57.059663],[9.930824,57.059707],[9.930948,57.059745],[9.930982,57.059756],[9.931163,57.059811],[9.931372,57.059878],[9.931546,57.059935],[9.931568,57.059942],[9.931738,57.059998],[9.931902,57.060048],[9.9321,57.060106],[9.932158,57.060123],[9.932174,57.060128],[9.932318,57.06017],[9.932527,57.060231],[9.932613,57.060255],[9.932704,57.06028],[9.932993,57.060368],[9.933191,57.060428],[9.933452,57.060521],[9.933508,57.060538],[9.933733,57.060606],[9.933883,57.060651],[9.933951,57.060671],[9.934158,57.060734],[9.934429,57.060816],[9.934631,57.060878],[9.93471,57.060904],[9.934804,57.060936],[9.934827,57.060943],[9.935068,57.061033],[9.935076,57.061036],[9.9353,57.061134],[9.935517,57.061246],[9.935606,57.061324],[9.935616,57.061331],[9.935674,57.061368],[9.93581,57.061456],[9.935996,57.061604],[9.936008,57.061614],[9.936097,57.061684],[9.936554,57.061965],[9.936864,57.062208],[9.937294,57.062524],[9.937543,57.062712],[9.937948,57.062998],[9.938425,57.063274],[9.938834,57.06349],[9.938978,57.063545],[9.939264,57.063685],[9.939509,57.063771],[9.939673,57.063839],[9.939721,57.063869],[9.939756,57.063903],[9.939796,57.063944],[9.939828,57.063987],[9.939846,57.064024],[9.939827,57.064179],[9.939827,57.064299],[9.939814,57.064447],[9.939933,57.06452],[9.940144,57.064679],[9.940632,57.065042],[9.941152,57.06543],[9.941326,57.065558],[9.941562,57.06573],[9.941609,57.065765],[9.941876,57.065966],[9.941891,57.065977],[9.942002,57.066061],[9.942083,57.066122],[9.942422,57.066376],[9.942609,57.066514],[9.94264,57.066537],[9.94298,57.06679],[9.94317,57.066932],[9.943359,57.067073],[9.943423,57.067121],[9.943601,57.067254],[9.943824,57.06742],[9.94419,57.067692],[9.944274,57.067755],[9.94437,57.067826],[9.944628,57.068019],[9.944994,57.068295],[9.945016,57.068312],[9.94515,57.068411],[9.945225,57.068467],[9.945555,57.068695],[9.945784,57.068813],[9.945903,57.068768],[9.946047,57.068713],[9.94613,57.068686],[9.946266,57.068632],[9.946283,57.068625],[9.946401,57.068582],[9.946538,57.068549],[9.946546,57.068547],[9.946713,57.068509],[9.947001,57.068443],[9.947417,57.068357],[9.947628,57.068314],[9.947693,57.068302],[9.947775,57.068287],[9.948305,57.068178],[9.948528,57.068129],[9.948691,57.068087],[9.948814,57.068047],[9.948817,57.068045],[9.948938,57.067998],[9.94904,57.067958],[9.949096,57.06793],[9.949124,57.067916],[9.949145,57.067906],[9.949348,57.067783],[9.949399,57.067753],[9.94936,57.067747],[9.949598,57.067628],[9.949795,57.06756],[9.949856,57.067541],[9.950038,57.067487],[9.950343,57.067395],[9.950494,57.06735],[9.9506,57.06732],[9.950735,57.067287],[9.95098,57.067245],[9.95097,57.067258],[9.951083,57.067236],[9.951408,57.067175],[9.951549,57.067148],[9.951796,57.067101],[9.952121,57.067039],[9.952267,57.067012],[9.952847,57.066901],[9.953261,57.066824],[9.953261,57.066824],[9.953261,57.066824],[9.953608,57.06676],[9.954089,57.066669],[9.95478,57.06654],[9.954786,57.066539],[9.955722,57.066359],[9.9567,57.06617],[9.956895,57.066103],[9.95778,57.065938],[9.957816,57.065953],[9.957906,57.06621],[9.957921,57.066265],[9.957901,57.066335],[9.957861,57.066441],[9.957813,57.066572],[9.957793,57.066641],[9.957756,57.066705],[9.957744,57.066755],[9.957769,57.066887],[9.957794,57.067022],[9.957841,57.067245],[9.957906,57.067459],[9.957984,57.067654],[9.958102,57.0679],[9.95819,57.068069],[9.958282,57.06827],[9.958396,57.06857],[9.958495,57.06885],[9.958526,57.068987],[9.958496,57.069012],[9.958418,57.069026],[9.957776,57.069141],[9.9576,57.069154],[9.956882,57.069294],[9.956316,57.069422],[9.955844,57.069511],[9.955679,57.069554],[9.955601,57.069553],[9.955533,57.069546],[9.955327,57.069561],[9.955202,57.069569],[9.955024,57.069594],[9.954916,57.069604],[9.954726,57.069589],[9.954593,57.069593],[9.954393,57.06963],[9.954334,57.069645],[9.954322,57.069653],[9.954492,57.069812],[9.954421,57.069885],[9.954457,57.070008],[9.954569,57.07013],[9.9547,57.070261],[9.954822,57.070365],[9.954938,57.070446],[9.955037,57.07051],[9.955152,57.07057],[9.955214,57.070573],[9.955304,57.07066],[9.955426,57.07078],[9.955574,57.070922],[9.955612,57.070992],[9.955613,57.070996],[9.955613,57.070996],[9.955622,57.071022],[9.955574,57.07105],[9.955544,57.071062],[9.95544,57.071118],[9.955424,57.071127],[9.955376,57.071157],[9.9553,57.071206],[9.955162,57.071295],[9.954888,57.071448],[9.954705,57.071549],[9.954576,57.071611],[9.954496,57.071649],[9.954403,57.071694],[9.954347,57.071736],[9.95434,57.071756],[9.954331,57.071785],[9.954341,57.071815],[9.954357,57.071852],[9.954411,57.071927],[9.954453,57.071985],[9.954584,57.072152],[9.954752,57.072348],[9.954848,57.072462],[9.955018,57.072652],[9.955145,57.072797],[9.955301,57.07296],[9.955473,57.073149],[9.955477,57.073153],[9.955667,57.073316],[9.955686,57.073333],[9.95571,57.073353],[9.955982,57.073574],[9.955983,57.073574],[9.956148,57.073707],[9.956218,57.07378],[9.956236,57.07383],[9.956239,57.073872],[9.956348,57.073912],[9.956415,57.073951],[9.956497,57.074032],[9.956556,57.07412],[9.956609,57.074209],[9.956735,57.074492],[9.95681,57.074646],[9.956897,57.074782],[9.957026,57.074971],[9.957154,57.075158],[9.957265,57.075294],[9.957361,57.075408],[9.957466,57.075514],[9.957626,57.075658],[9.957747,57.075764],[9.957933,57.075953],[9.958144,57.076174],[9.958331,57.076373],[9.958633,57.076696],[9.958947,57.077007],[9.959137,57.07719],[9.959326,57.077365],[9.959553,57.077568],[9.959693,57.077693],[9.95981,57.077797],[9.95996,57.077931],[9.960141,57.078089],[9.960309,57.078231],[9.960478,57.078349],[9.960653,57.07846],[9.960823,57.078569],[9.96099,57.078685],[9.961186,57.078835],[9.961362,57.078968],[9.961614,57.079141],[9.961843,57.079271],[9.962137,57.079413],[9.962257,57.079462],[9.962358,57.079479],[9.962446,57.079484],[9.962502,57.079481],[9.962576,57.079467],[9.962749,57.079411],[9.9633,57.079228],[9.963928,57.079022],[9.964334,57.078877],[9.964456,57.078841],[9.964524,57.078837],[9.964587,57.078845],[9.964662,57.078878],[9.964732,57.07891],[9.96501,57.079046],[9.965231,57.07915],[9.965513,57.079271],[9.965846,57.079403],[9.966164,57.079526],[9.96653,57.079674],[9.966885,57.079821],[9.967243,57.079966],[9.967581,57.080099],[9.967871,57.080216],[9.968035,57.080283],[9.968104,57.08031],[9.968485,57.080452],[9.968839,57.080583],[9.969173,57.080712],[9.969394,57.080799],[9.969725,57.080928],[9.970047,57.081059],[9.97033,57.081172],[9.970567,57.081265],[9.970612,57.081282],[9.970804,57.081361],[9.97105,57.081454],[9.971426,57.081603],[9.971758,57.081733],[9.971798,57.081748],[9.97211,57.081867],[9.972482,57.082012],[9.972765,57.082116],[9.972811,57.082134],[9.973086,57.082241],[9.973445,57.082391],[9.973771,57.082521],[9.973773,57.082521],[9.973883,57.082566],[9.973985,57.082608],[9.974027,57.082626],[9.974036,57.08263],[9.974012,57.082637],[9.974802,57.082948],[9.97498,57.083018],[9.975747,57.08332],[9.976198,57.083497],[9.976301,57.083537],[9.976668,57.083681],[9.976983,57.083807],[9.977319,57.083935],[9.977657,57.084069],[9.978002,57.084202],[9.9782,57.084279],[9.978416,57.084363],[9.97876,57.084498],[9.97912,57.084638],[9.979502,57.084789],[9.979909,57.084945],[9.979984,57.084975],[9.980232,57.085075],[9.980642,57.085234],[9.981019,57.085383],[9.981059,57.085399],[9.9813,57.085494],[9.981512,57.085576],[9.981935,57.085741],[9.98222,57.085852],[9.982341,57.0859],[9.982643,57.086019],[9.982701,57.086043],[9.983015,57.086166],[9.983049,57.086179],[9.983107,57.086202],[9.983504,57.086358],[9.983835,57.086486],[9.983867,57.086498],[9.984077,57.086581],[9.984242,57.086646],[9.984608,57.08679],[9.985066,57.086966],[9.985102,57.086981],[9.985239,57.087037],[9.985601,57.087179],[9.985958,57.087319],[9.986445,57.087508],[9.986786,57.087641],[9.986954,57.087706],[9.987156,57.087783],[9.987206,57.087802],[9.987458,57.087903],[9.987846,57.088055],[9.988213,57.088201],[9.988491,57.088309],[9.988606,57.088353],[9.98887,57.088457],[9.989035,57.088521],[9.989114,57.088553],[9.989094,57.088609],[9.989075,57.088687],[9.989061,57.088769],[9.989048,57.088856],[9.989035,57.088938],[9.989021,57.089017],[9.989002,57.089098],[9.988985,57.089175],[9.988967,57.08925],[9.988951,57.089328],[9.988938,57.089404],[9.988923,57.08948],[9.988907,57.089548],[9.988887,57.089633],[9.988871,57.089711],[9.988866,57.089749],[9.988863,57.089792],[9.988861,57.089835],[9.988858,57.089894],[9.988856,57.08995],[9.988857,57.089987],[9.988863,57.09001],[9.988877,57.090027],[9.988894,57.090043],[9.98892,57.090059],[9.988917,57.090094],[9.988917,57.090135],[9.988915,57.090174],[9.988913,57.090192],[9.988907,57.090217],[9.988898,57.090247],[9.988886,57.090276],[9.988877,57.090292],[9.988866,57.090309],[9.988795,57.090393],[9.988694,57.090512],[9.988619,57.0906],[9.988609,57.090607],[9.988593,57.090614],[9.988569,57.090621],[9.988548,57.090626],[9.98849,57.090632],[9.988457,57.090638],[9.988441,57.090642],[9.988427,57.09066],[9.988521,57.090681],[9.988601,57.0907],[9.988741,57.090732],[9.989164,57.090829],[9.990174,57.091056],[9.991141,57.091275],[9.992148,57.091507],[9.993025,57.091705],[9.993487,57.091816],[9.99361,57.091845],[9.994178,57.091996],[9.994633,57.092126],[9.995049,57.092255],[9.995665,57.092461],[9.995849,57.092527],[9.996373,57.092712],[9.99642,57.092729],[9.996982,57.092929],[9.99752,57.093121],[9.997967,57.093279],[9.998367,57.093424],[9.998648,57.093522],[9.998987,57.093644],[9.999026,57.093658],[9.999528,57.09384],[9.999866,57.093955],[10.000255,57.094093],[10.000559,57.094202],[10.000919,57.094328],[10.001315,57.094468],[10.001733,57.094616],[10.002106,57.094747],[10.002486,57.094883],[10.002672,57.094947],[10.002844,57.095008],[10.002901,57.095027],[10.003247,57.095152],[10.003702,57.095315],[10.00409,57.095453],[10.004447,57.095577],[10.00482,57.095708],[10.005168,57.095833],[10.005574,57.09598],[10.006028,57.096141],[10.006543,57.096324],[10.006947,57.096468],[10.007343,57.096606],[10.007748,57.09675],[10.008159,57.096897],[10.008518,57.097026],[10.008947,57.097178],[10.009439,57.097352],[10.009656,57.09743],[10.009764,57.097467],[10.010242,57.097634],[10.010689,57.097792],[10.011174,57.097966],[10.011628,57.098126],[10.012037,57.098271],[10.012451,57.098418],[10.01285,57.098559],[10.013157,57.098669],[10.0135,57.098791],[10.013884,57.098926],[10.014148,57.09902],[10.014552,57.099166],[10.01497,57.099312],[10.015375,57.099457],[10.015727,57.099581],[10.016117,57.09972],[10.016466,57.099841],[10.016581,57.099884],[10.016684,57.099917],[10.016732,57.099933],[10.016778,57.099948],[10.016909,57.09999],[10.017011,57.100024],[10.017097,57.100052],[10.017205,57.100087],[10.017323,57.100124],[10.017379,57.100144],[10.017391,57.10015],[10.017405,57.100163],[10.017413,57.100174],[10.017425,57.100188],[10.017452,57.100202],[10.017477,57.100213],[10.017553,57.1002],[10.017632,57.100197],[10.017673,57.100201],[10.017707,57.100204],[10.017772,57.100219],[10.017827,57.100239],[10.01787,57.100263],[10.017908,57.100293],[10.017936,57.10033],[10.017948,57.100371],[10.017944,57.100403],[10.017943,57.100414],[10.017918,57.100456],[10.017885,57.100486],[10.017942,57.100506],[10.018146,57.100575],[10.01819,57.10059],[10.023899,57.102612],[10.023979,57.102641],[10.024137,57.102696],[10.024288,57.102751],[10.024429,57.102806],[10.024547,57.102844],[10.024569,57.102852],[10.02464,57.102875],[10.024735,57.102907],[10.024879,57.102954],[10.025072,57.103022],[10.025212,57.103074],[10.025346,57.103118],[10.025489,57.103168],[10.02565,57.103228],[10.025683,57.10324],[10.025736,57.103259],[10.025811,57.103285],[10.025845,57.103297],[10.025844,57.103359],[10.025843,57.103401],[10.025842,57.10349],[10.025855,57.103583],[10.025865,57.103675],[10.025875,57.103773],[10.025877,57.103801],[10.02588,57.103851],[10.025897,57.103951],[10.025912,57.104075],[10.025929,57.104186],[10.025936,57.104232],[10.025949,57.104355],[10.025963,57.10449],[10.025977,57.104618],[10.025979,57.104636],[10.026,57.104821],[10.026017,57.104987],[10.026031,57.105136],[10.026057,57.105303],[10.026074,57.105459],[10.026093,57.105601],[10.026104,57.10574],[10.026122,57.105882],[10.026135,57.105995],[10.026149,57.106123],[10.026168,57.106271],[10.026185,57.106433],[10.026198,57.106548],[10.026213,57.106689],[10.026232,57.106838],[10.026248,57.106992],[10.026266,57.107151],[10.026285,57.107313],[10.026305,57.107483],[10.026321,57.107611],[10.026324,57.107635],[10.026336,57.107752],[10.026337,57.10776],[10.026349,57.107927],[10.026358,57.108021],[10.026382,57.108021],[10.026395,57.108189],[10.026408,57.10835],[10.026411,57.108367],[10.026427,57.108446],[10.026458,57.108694],[10.026472,57.108851],[10.026489,57.108971],[10.026494,57.109008],[10.026497,57.109035],[10.026511,57.109165],[10.026528,57.109339],[10.026546,57.109506],[10.026568,57.109688],[10.026586,57.109845],[10.026604,57.11001],[10.026628,57.110175],[10.026644,57.110344],[10.026658,57.110478],[10.026678,57.110647],[10.026701,57.110811],[10.026715,57.110928],[10.026719,57.110963],[10.02674,57.111123],[10.026771,57.111255],[10.026827,57.111414],[10.026882,57.111568],[10.026903,57.111615],[10.02697,57.111769],[10.027039,57.111941],[10.027097,57.112102],[10.027127,57.112166],[10.027147,57.112209],[10.027165,57.112209],[10.027188,57.11221],[10.027209,57.112213],[10.027232,57.112222],[10.027248,57.112229],[10.027261,57.112236],[10.027274,57.112247],[10.027278,57.112258],[10.027279,57.112277],[10.027275,57.112294],[10.027258,57.11231],[10.027242,57.112321],[10.027225,57.112327],[10.027208,57.112331],[10.027184,57.112335],[10.027193,57.112367],[10.027217,57.112461],[10.02722,57.112555],[10.027221,57.112572],[10.027205,57.112667],[10.027125,57.112762],[10.027048,57.112836],[10.026965,57.112901],[10.026868,57.112971],[10.026773,57.113043],[10.026684,57.113105],[10.026611,57.113157],[10.02655,57.113206],[10.026504,57.11325],[10.026452,57.113307],[10.026422,57.113351],[10.026384,57.11341],[10.026381,57.113415],[10.026376,57.113424],[10.026331,57.113502],[10.026289,57.113581],[10.026261,57.113648],[10.026246,57.113693],[10.02624,57.113712],[10.026221,57.113779],[10.026212,57.113824],[10.026209,57.113854],[10.026214,57.113887],[10.026228,57.113924],[10.026248,57.113957],[10.026279,57.113991],[10.026302,57.114021],[10.026227,57.114038],[10.026171,57.114048],[10.026126,57.114048],[10.026115,57.114108],[10.026103,57.114194],[10.026101,57.114245],[10.026103,57.114287],[10.026112,57.114341],[10.026128,57.114392],[10.026156,57.114447],[10.02619,57.114525],[10.026213,57.114583],[10.026237,57.114651],[10.026269,57.11474],[10.026301,57.11482],[10.026337,57.1149],[10.026341,57.114908],[10.026373,57.114985],[10.026415,57.115066],[10.026464,57.115164],[10.026508,57.115261],[10.026524,57.115295],[10.026542,57.115331],[10.026553,57.115354],[10.026594,57.115441],[10.026631,57.115518],[10.026672,57.11561],[10.026689,57.115641],[10.026715,57.115689],[10.026779,57.115833],[10.026864,57.116027],[10.02693,57.116193],[10.026958,57.116265],[10.027006,57.116386],[10.027089,57.116576],[10.027168,57.116737],[10.027253,57.116906],[10.027348,57.117085],[10.027375,57.117147],[10.027387,57.117175],[10.027405,57.117216],[10.027444,57.117303],[10.027505,57.117427],[10.027574,57.117574],[10.027645,57.117728],[10.027718,57.117881],[10.027759,57.117983],[10.027775,57.118073],[10.027776,57.118112],[10.027777,57.118138],[10.027768,57.118182],[10.027747,57.118257],[10.027723,57.118315],[10.027683,57.118392],[10.027631,57.118475],[10.02758,57.118546],[10.027519,57.118614],[10.027417,57.118706],[10.02736,57.118757],[10.027243,57.118858],[10.02713,57.118948],[10.02711,57.118964],[10.027002,57.119052],[10.026888,57.119149],[10.026814,57.119229],[10.026687,57.119301],[10.026526,57.11943],[10.026384,57.119544],[10.026253,57.119665],[10.026124,57.119766],[10.025989,57.119878],[10.025839,57.119999],[10.025667,57.120134],[10.025577,57.120209],[10.02546,57.120306],[10.025332,57.120406],[10.025226,57.120489],[10.025089,57.120593],[10.024953,57.120701],[10.024807,57.120811],[10.024709,57.120882],[10.024644,57.120938],[10.024612,57.120968],[10.024586,57.120997],[10.024568,57.121027],[10.024556,57.121059],[10.024544,57.121094],[10.024536,57.121133],[10.02453,57.121182],[10.024525,57.121244],[10.024521,57.121294],[10.024515,57.121338],[10.024509,57.121407],[10.024504,57.121484],[10.024498,57.12156],[10.024493,57.121628],[10.024488,57.121694],[10.024483,57.12177],[10.024479,57.121837],[10.024473,57.121917],[10.024469,57.121968],[10.024466,57.122002],[10.024464,57.12209],[10.024463,57.122174],[10.024468,57.122229],[10.024476,57.122306],[10.024488,57.122397],[10.024498,57.122488],[10.024502,57.122599],[10.024488,57.122687],[10.024459,57.122807],[10.024417,57.122956],[10.024392,57.123067],[10.024382,57.123148],[10.024371,57.123297],[10.024358,57.123453],[10.024363,57.123536],[10.024375,57.123616],[10.024415,57.123736],[10.02446,57.123845],[10.024498,57.123938],[10.024519,57.12399],[10.024603,57.124168],[10.024673,57.12432],[10.024705,57.124407],[10.024733,57.124492],[10.024748,57.124582],[10.024754,57.124689],[10.02476,57.124876],[10.024767,57.125136],[10.024781,57.125353],[10.024797,57.125598],[10.024823,57.125814],[10.024838,57.126048],[10.024856,57.126218],[10.024861,57.126268],[10.024882,57.126526],[10.024894,57.126672],[10.024895,57.126736],[10.024885,57.126796],[10.024858,57.126867],[10.024816,57.126939],[10.024747,57.12704],[10.024718,57.12708],[10.024294,57.127802],[10.024109,57.128129],[10.023868,57.128522],[10.023699,57.128804],[10.023636,57.129017],[10.023594,57.129293],[10.023559,57.129555],[10.023522,57.12984],[10.023456,57.130269],[10.023413,57.130553],[10.023381,57.130736],[10.023736,57.130716],[10.023975,57.130684],[10.024199,57.130639],[10.024467,57.130578],[10.024675,57.130522],[10.025016,57.130426],[10.025319,57.130365],[10.02557,57.130307],[10.02592,57.130245],[10.026314,57.130174],[10.026658,57.130118],[10.027068,57.130053],[10.027614,57.129969],[10.027978,57.129921],[10.028513,57.129847],[10.028925,57.129767],[10.029439,57.129664],[10.02984,57.129587],[10.030094,57.12954],[10.030228,57.129515],[10.030268,57.129497],[10.03049,57.129545],[10.030652,57.129567],[10.030836,57.129576],[10.031005,57.129578],[10.031212,57.129585],[10.031383,57.129609],[10.031524,57.129632],[10.031697,57.129685],[10.031788,57.129726],[10.031965,57.129814],[10.032197,57.129933],[10.032413,57.130067],[10.032671,57.130216],[10.032894,57.130346],[10.033171,57.130502],[10.033366,57.130625],[10.033523,57.130719],[10.033654,57.130791],[10.033827,57.130867],[10.033933,57.130947],[10.034071,57.131063],[10.034219,57.131182],[10.034411,57.131344],[10.034529,57.131463],[10.034598,57.131555],[10.034725,57.131624],[10.034922,57.131684],[10.035209,57.131745],[10.035424,57.131787],[10.035561,57.131838],[10.035636,57.131895],[10.035721,57.132014],[10.035931,57.132278],[10.036186,57.132623],[10.036461,57.13303],[10.036765,57.133285],[10.037136,57.133491],[10.037512,57.13371],[10.037618,57.133783],[10.037895,57.134038],[10.038079,57.134238],[10.038153,57.134331],[10.038586,57.134346],[10.038802,57.134359],[10.03899,57.134353],[10.039361,57.134266],[10.039799,57.134176],[10.040929,57.133956],[10.041826,57.133797],[10.041924,57.133774],[10.042662,57.13328],[10.04308,57.133008],[10.043247,57.132912],[10.043441,57.132811],[10.043619,57.132718],[10.043701,57.132686],[10.043814,57.132653],[10.044123,57.132575],[10.044332,57.132517],[10.044383,57.132513],[10.044425,57.132519],[10.04446,57.132534],[10.044486,57.132563],[10.044539,57.132632],[10.04462,57.132757],[10.04467,57.132837],[10.044723,57.132929],[10.044756,57.132994],[10.044849,57.133183],[10.04491,57.133315],[10.044975,57.13344],[10.04532,57.134091],[10.045402,57.134236],[10.045436,57.134295],[10.045478,57.134346],[10.045526,57.134378],[10.045566,57.134388],[10.045625,57.134392],[10.045729,57.134402],[10.045826,57.134427],[10.045878,57.134483],[10.045984,57.13466],[10.046083,57.134798],[10.046138,57.134868],[10.046197,57.134911],[10.046259,57.134974],[10.04632,57.135071],[10.046387,57.135192],[10.046472,57.135317],[10.046554,57.135454],[10.046581,57.135501],[10.04667,57.135707],[10.046705,57.135803],[10.046774,57.136006],[10.04681,57.136108],[10.046823,57.136138],[10.046848,57.13617],[10.046886,57.136198],[10.046934,57.136218],[10.047007,57.136236],[10.047053,57.136236],[10.047145,57.136227],[10.047544,57.136187],[10.048018,57.136136],[10.048479,57.136091],[10.049061,57.136033],[10.049515,57.135987],[10.04997,57.135941],[10.05015,57.135922],[10.050413,57.135891],[10.050609,57.135867],[10.050849,57.135835],[10.051058,57.135805],[10.051313,57.135765],[10.051723,57.135698],[10.052356,57.135609],[10.052687,57.135563],[10.052896,57.135538],[10.053144,57.135515],[10.053357,57.135498],[10.053704,57.135471],[10.053933,57.135449],[10.054132,57.135426],[10.054336,57.135405],[10.05449,57.135377],[10.054736,57.135331],[10.054972,57.135276],[10.055142,57.13523],[10.055184,57.135216],[10.055318,57.135168],[10.055536,57.135081],[10.055663,57.135023],[10.055782,57.134975],[10.055892,57.134943],[10.056011,57.134921],[10.056123,57.134907],[10.056207,57.1349],[10.05646,57.134901],[10.056521,57.134902],[10.056662,57.134912],[10.056839,57.134933],[10.056992,57.134953],[10.057138,57.134976],[10.057283,57.135005],[10.057438,57.13504],[10.057506,57.135055],[10.057857,57.135131],[10.058192,57.13518],[10.058407,57.135201],[10.05861,57.13521],[10.058772,57.135209],[10.058935,57.135202],[10.059425,57.13517],[10.060047,57.135131],[10.06031,57.135114],[10.060501,57.135099],[10.060561,57.135094],[10.060707,57.135086],[10.060779,57.135087],[10.060842,57.135095],[10.060939,57.135118],[10.061008,57.135081],[10.061197,57.13498],[10.061473,57.134834],[10.06154,57.1348],[10.061544,57.134798],[10.061799,57.134667],[10.062116,57.134519],[10.06248,57.134358],[10.062892,57.134173],[10.063093,57.134084],[10.063326,57.13398],[10.063747,57.133792],[10.063846,57.133746],[10.064134,57.133616],[10.0645,57.133448],[10.064817,57.133307],[10.065174,57.133142],[10.065525,57.132981],[10.06589,57.132816],[10.065972,57.132779],[10.066325,57.13262],[10.066742,57.132432],[10.066952,57.132333],[10.06727,57.132193],[10.067643,57.132023],[10.067995,57.131864],[10.068192,57.131776],[10.068347,57.131864],[10.068579,57.131999],[10.068845,57.13215],[10.06909,57.132288],[10.069365,57.132445],[10.069631,57.132598],[10.069939,57.132772],[10.070217,57.132931],[10.070281,57.132967],[10.070517,57.133099],[10.070717,57.133214],[10.070695,57.133213],[10.070749,57.133244],[10.070846,57.133303],[10.070993,57.133386],[10.071222,57.133515],[10.07149,57.133667],[10.07186,57.133876],[10.072191,57.134064],[10.072596,57.134296],[10.072857,57.134434],[10.073151,57.134574],[10.073329,57.134656],[10.07351,57.134618],[10.073588,57.134712],[10.073716,57.134839],[10.073874,57.134977],[10.073915,57.135012],[10.074256,57.135257],[10.074436,57.135359],[10.074769,57.135544],[10.07489,57.135612],[10.075699,57.136062],[10.076442,57.136476],[10.077826,57.137226],[10.07796,57.137168],[10.078086,57.137142],[10.078325,57.137079],[10.078518,57.13703],[10.078593,57.137025],[10.079227,57.137039],[10.079541,57.137047],[10.079681,57.13705],[10.079928,57.137055],[10.080254,57.137449],[10.080644,57.137913],[10.081083,57.138386],[10.081548,57.138817],[10.082065,57.13926],[10.082587,57.139664],[10.082945,57.139927],[10.083027,57.139987],[10.083542,57.140338],[10.084068,57.140676],[10.084656,57.14104],[10.085116,57.141284],[10.085132,57.141292],[10.085563,57.141518],[10.08621,57.141856],[10.087077,57.142271],[10.088104,57.142733],[10.088415,57.142865],[10.088924,57.143079],[10.089694,57.143397],[10.090445,57.143697],[10.091346,57.144037],[10.091965,57.144264],[10.092853,57.144581],[10.09377,57.144899],[10.094112,57.145008],[10.094726,57.145205],[10.095601,57.145487],[10.096002,57.145605],[10.096502,57.145762],[10.097219,57.145986],[10.09805,57.146242],[10.099418,57.146666],[10.100974,57.147151],[10.101547,57.147329],[10.10173,57.147386],[10.10281,57.147722],[10.104046,57.148108],[10.104586,57.14828],[10.105298,57.148507],[10.10738,57.149187],[10.108533,57.149577],[10.109246,57.149821],[10.110308,57.150184],[10.112064,57.150794],[10.112188,57.150838],[10.11306,57.151142],[10.114012,57.15147],[10.114974,57.151807],[10.115942,57.152148],[10.11675,57.152424],[10.11692,57.152483],[10.117323,57.152622],[10.117972,57.152857],[10.118714,57.153131],[10.119389,57.153392],[10.119402,57.153398],[10.120186,57.153729],[10.120534,57.153878],[10.12089,57.154029],[10.121658,57.154341],[10.12196,57.154471],[10.12204,57.154505],[10.122433,57.154665],[10.123432,57.155088],[10.124635,57.155587],[10.126014,57.156173],[10.127399,57.156758],[10.12766,57.156867],[10.127837,57.156863],[10.128231,57.156958],[10.1287,57.157061],[10.128937,57.157118],[10.128975,57.157137],[10.12904,57.157173],[10.129324,57.157427],[10.129462,57.15751],[10.129818,57.157692],[10.130207,57.157886],[10.130316,57.157935],[10.130805,57.158147],[10.131258,57.158334],[10.13152,57.158445],[10.131555,57.158459],[10.13157,57.158473],[10.131577,57.158495],[10.131577,57.158531],[10.131659,57.158547],[10.131777,57.158579],[10.131941,57.158642],[10.132299,57.1588],[10.132777,57.159024],[10.132954,57.15912],[10.133001,57.159158],[10.133021,57.159197],[10.133022,57.15924],[10.133007,57.159335],[10.133041,57.159335],[10.133166,57.15935],[10.133346,57.159399],[10.133481,57.159455],[10.13349,57.159461],[10.133608,57.159548],[10.133917,57.159776],[10.134251,57.160018],[10.134556,57.160243],[10.135029,57.160597],[10.135508,57.160948],[10.135715,57.161105],[10.135935,57.161271],[10.136106,57.161398],[10.136138,57.161423],[10.136365,57.161592],[10.13641,57.161624],[10.13688,57.16197],[10.136921,57.161999],[10.136939,57.162013],[10.137191,57.1622],[10.137428,57.162375],[10.13745,57.162392],[10.137975,57.162777],[10.138062,57.162841],[10.138715,57.163332],[10.139235,57.163713],[10.139283,57.163748],[10.139414,57.163848],[10.139563,57.163961],[10.13983,57.164165],[10.140342,57.164541],[10.140497,57.164655],[10.141116,57.165114],[10.141209,57.165182],[10.141258,57.165218],[10.141756,57.16558],[10.141828,57.165633],[10.141858,57.165655],[10.142419,57.166072],[10.142464,57.166106],[10.142616,57.166219],[10.14298,57.166492],[10.143014,57.166517],[10.143024,57.166525],[10.143565,57.166941],[10.14401,57.167308],[10.144089,57.167372],[10.144103,57.167384],[10.144227,57.167486],[10.144278,57.167527],[10.144346,57.167583],[10.14442,57.167644],[10.144461,57.167678],[10.144541,57.167743],[10.144698,57.167857],[10.144754,57.167902],[10.144851,57.167981],[10.144857,57.167985],[10.145074,57.168161],[10.145142,57.168215],[10.14529,57.168331],[10.145422,57.168445],[10.145496,57.168508],[10.145708,57.168687],[10.145737,57.16871],[10.145858,57.168808],[10.145954,57.168885],[10.146103,57.169005],[10.146118,57.169017],[10.146179,57.169069],[10.146218,57.169102],[10.146251,57.169131],[10.146386,57.169258],[10.146521,57.169369],[10.146695,57.169506],[10.146905,57.169686],[10.147041,57.169797],[10.147112,57.169855],[10.147294,57.17001],[10.147446,57.170138],[10.147613,57.170278],[10.14762,57.170284],[10.147864,57.170485],[10.148007,57.170602],[10.148072,57.170655],[10.1481,57.170678],[10.14831,57.170839],[10.148363,57.170884],[10.148557,57.170833],[10.148799,57.170767],[10.148929,57.170729],[10.148943,57.170725],[10.149324,57.170629],[10.149673,57.170547],[10.149739,57.170533],[10.149999,57.170477],[10.150212,57.170434],[10.150362,57.170403],[10.150436,57.170389],[10.150803,57.17032],[10.151164,57.170255],[10.151503,57.170194],[10.151847,57.17015],[10.152252,57.170104],[10.152581,57.170067],[10.153008,57.170029],[10.153416,57.170001],[10.154076,57.169962],[10.154647,57.169927],[10.155167,57.169897],[10.155589,57.169871],[10.156067,57.169841],[10.156557,57.169812],[10.157099,57.16978],[10.157646,57.169747],[10.158044,57.169724],[10.158443,57.1697],[10.159103,57.16966],[10.15922,57.169574],[10.15926,57.169566],[10.159296,57.169554],[10.159331,57.169537],[10.15936,57.16952],[10.159402,57.16949],[10.159505,57.169386],[10.159529,57.169368],[10.159577,57.169342],[10.159639,57.169322],[10.159646,57.169333],[10.159703,57.169326],[10.159882,57.169303],[10.160018,57.169288],[10.160113,57.169283],[10.160189,57.169281],[10.160293,57.169283],[10.16039,57.169288],[10.16073,57.169324],[10.160884,57.169342],[10.160952,57.169349],[10.161062,57.169357],[10.161197,57.169361],[10.161317,57.169361],[10.161432,57.169357],[10.161516,57.169352],[10.161555,57.16935],[10.161609,57.169344],[10.161816,57.169322],[10.162191,57.16928],[10.162401,57.169253],[10.162569,57.169235],[10.162784,57.169216],[10.162941,57.169204],[10.163087,57.169196],[10.163309,57.169188],[10.163602,57.169184],[10.163863,57.169181],[10.164084,57.169179],[10.164309,57.169175],[10.164471,57.169171],[10.164705,57.169163],[10.164896,57.169153],[10.165269,57.169131],[10.165473,57.169118],[10.165911,57.169092],[10.166407,57.169062],[10.16682,57.169037],[10.167272,57.16901],[10.167497,57.168996],[10.16765,57.168991],[10.167819,57.168988],[10.168089,57.168986],[10.168214,57.168986],[10.168395,57.168985],[10.168514,57.168983],[10.168652,57.168978],[10.168892,57.168966],[10.169149,57.168949],[10.16952,57.168926],[10.169857,57.168907],[10.17026,57.168882],[10.170621,57.16886],[10.170987,57.168837],[10.171114,57.168829],[10.171285,57.168819],[10.171645,57.1688],[10.171964,57.168782],[10.172257,57.168771],[10.172332,57.168769],[10.172616,57.16876],[10.172779,57.168765],[10.172915,57.168781],[10.17303,57.168789],[10.173095,57.168813],[10.173107,57.168867],[10.173244,57.168865],[10.173643,57.16886],[10.173782,57.168861],[10.174209,57.168862],[10.174663,57.168867],[10.174994,57.168873],[10.175536,57.168889],[10.176267,57.168915],[10.177123,57.168943],[10.178094,57.168979],[10.178632,57.168997],[10.178688,57.168999],[10.179077,57.169011],[10.179663,57.169031],[10.180272,57.169051],[10.180708,57.169068],[10.180912,57.169077],[10.181589,57.169099],[10.182184,57.169117],[10.182483,57.169126],[10.182966,57.169143],[10.183209,57.169149],[10.183448,57.169153],[10.183768,57.169154],[10.184174,57.169151],[10.184518,57.169147],[10.185021,57.16914],[10.185144,57.169136],[10.185555,57.169125],[10.186056,57.169108],[10.186551,57.169088],[10.186983,57.169069],[10.187,57.169068],[10.187523,57.16904],[10.187971,57.169013],[10.188465,57.168981],[10.188578,57.168973],[10.188974,57.168946],[10.189529,57.168901],[10.189966,57.168861],[10.190194,57.168841],[10.190725,57.16879],[10.191023,57.16876],[10.191251,57.168737],[10.191738,57.168683],[10.192677,57.16857],[10.193,57.168531],[10.193527,57.168459],[10.1941,57.168378],[10.194699,57.168291],[10.195367,57.168194],[10.195868,57.168129],[10.196355,57.168068],[10.196717,57.168028],[10.197267,57.167974],[10.197823,57.16792],[10.197991,57.167903],[10.198352,57.167869],[10.198936,57.167811],[10.19936,57.16777],[10.199957,57.167711],[10.200562,57.167651],[10.20085,57.167623],[10.201362,57.167574],[10.201994,57.167511],[10.202052,57.167506],[10.202394,57.167472],[10.202715,57.16744],[10.203243,57.167388],[10.203834,57.16733],[10.204293,57.167285],[10.20486,57.167229],[10.205449,57.167171],[10.205909,57.167126],[10.206144,57.167102],[10.206568,57.167061],[10.207036,57.167017],[10.207496,57.166974],[10.20812,57.16691],[10.208648,57.166859],[10.20928,57.166799],[10.20944,57.166783],[10.209466,57.166781],[10.209578,57.16677],[10.209888,57.166738],[10.210296,57.166698],[10.210725,57.166655],[10.211181,57.166609],[10.211648,57.166564],[10.21201,57.166528],[10.212463,57.166484],[10.212833,57.166447],[10.213156,57.166416],[10.213555,57.166377],[10.213945,57.166338],[10.214008,57.166332],[10.214323,57.166301],[10.214713,57.166263],[10.215109,57.166224],[10.215174,57.166218],[10.215405,57.166195],[10.215729,57.166163],[10.216076,57.166129],[10.216449,57.166092],[10.216796,57.166059],[10.217097,57.16603],[10.217439,57.165998],[10.21783,57.165958],[10.218195,57.165922],[10.218501,57.165892],[10.218637,57.165879],[10.219008,57.165842],[10.21926,57.165819],[10.219846,57.165761],[10.220149,57.165732],[10.220485,57.165699],[10.220605,57.165687],[10.221103,57.165638],[10.221133,57.165635],[10.221705,57.165578],[10.222235,57.165527],[10.222752,57.165474],[10.222968,57.165451],[10.223177,57.165429],[10.223597,57.16539],[10.223887,57.165359],[10.223974,57.16535],[10.22437,57.165301],[10.224645,57.165264],[10.224699,57.165256],[10.224987,57.165214],[10.225263,57.165168],[10.225694,57.16509],[10.226189,57.164996],[10.226774,57.164882],[10.227323,57.164778],[10.227906,57.164666],[10.228293,57.164589],[10.22843,57.164561],[10.228949,57.16446],[10.229454,57.164362],[10.229985,57.164258],[10.230003,57.164255],[10.230582,57.164145],[10.231075,57.164052],[10.231483,57.163974],[10.231942,57.163883],[10.232276,57.163819],[10.232591,57.163769],[10.232928,57.163728],[10.233224,57.163709],[10.233246,57.163708],[10.233428,57.163699],[10.233427,57.163639],[10.233465,57.163572],[10.233523,57.163525],[10.23356,57.163503],[10.233585,57.163489],[10.233668,57.163459],[10.233687,57.163455],[10.233759,57.16344],[10.233849,57.163431],[10.23396,57.163436],[10.234051,57.163449],[10.234106,57.163466],[10.234138,57.163476],[10.234214,57.163513],[10.23423,57.163524],[10.234451,57.163433],[10.234533,57.163402],[10.234625,57.163372],[10.235024,57.16329],[10.235411,57.163217],[10.236203,57.163059],[10.236433,57.163009],[10.236675,57.162949],[10.236911,57.162888],[10.237182,57.162811],[10.237445,57.162727],[10.237803,57.162606],[10.238293,57.162445],[10.238726,57.162301],[10.238904,57.162242],[10.239525,57.162032],[10.239615,57.162001],[10.240283,57.161777],[10.240961,57.161547],[10.241328,57.161425],[10.241482,57.161373],[10.242125,57.161156],[10.242784,57.160937],[10.243264,57.160774],[10.243643,57.160649],[10.244236,57.160449],[10.244264,57.160439],[10.244803,57.160257],[10.244844,57.160243],[10.245492,57.160025],[10.245928,57.159878],[10.246286,57.159757],[10.246649,57.159637],[10.247004,57.159519],[10.247464,57.159364],[10.247884,57.159225],[10.24829,57.159089],[10.248698,57.158949],[10.249026,57.158837],[10.249175,57.158787],[10.249475,57.158686],[10.249708,57.158608],[10.250201,57.158442],[10.250685,57.158281],[10.251155,57.158121],[10.251578,57.15798],[10.251987,57.157842],[10.252532,57.157659],[10.253061,57.157485],[10.253332,57.157402],[10.253565,57.157334],[10.253775,57.157275],[10.254003,57.15722],[10.254225,57.157164],[10.25438,57.157126],[10.254625,57.157077],[10.254672,57.157068],[10.254945,57.157013],[10.255169,57.156975],[10.255787,57.156886],[10.256341,57.15682],[10.256836,57.156765],[10.257616,57.156683],[10.258409,57.1566],[10.258484,57.156592],[10.258523,57.156588],[10.258932,57.156548],[10.2596,57.156482],[10.259621,57.15648],[10.259794,57.156463],[10.259964,57.156446],[10.260448,57.156399],[10.260944,57.15635],[10.261202,57.156325],[10.261338,57.156312],[10.26152,57.15629],[10.261678,57.15626],[10.261807,57.15622],[10.261853,57.156358],[10.261907,57.156641],[10.261942,57.15682],[10.262019,57.157225],[10.262146,57.157854],[10.26228,57.158528],[10.262407,57.159124],[10.262419,57.159181],[10.262455,57.159386],[10.262486,57.159538],[10.262535,57.159778],[10.262655,57.160394],[10.262751,57.160857],[10.262847,57.161328],[10.262949,57.16185],[10.263022,57.16223],[10.26308,57.162533],[10.263146,57.162888],[10.263161,57.162951],[10.263227,57.163245],[10.263319,57.163682],[10.263382,57.164012],[10.263443,57.164331],[10.263472,57.164486],[10.263485,57.164556],[10.263545,57.164791],[10.263614,57.165043],[10.263639,57.165139],[10.263652,57.165189],[10.263664,57.165296],[10.263654,57.16545],[10.263634,57.165564],[10.263913,57.165602],[10.264119,57.165632],[10.264088,57.16574],[10.264076,57.165781],[10.264069,57.165919],[10.264083,57.166074],[10.264112,57.166204],[10.264179,57.166393],[10.263697,57.166467],[10.262947,57.166573],[10.262327,57.16666],[10.261884,57.166721],[10.261532,57.166764],[10.261123,57.166802],[10.260402,57.166861],[10.260188,57.166878],[10.260058,57.166892],[10.259963,57.166917],[10.259888,57.166953],[10.259854,57.166982],[10.259822,57.167016],[10.259792,57.167086],[10.259796,57.16716],[10.259837,57.167333],[10.259858,57.167458],[10.259861,57.167558],[10.25984,57.167639],[10.259787,57.167703],[10.259746,57.167739],[10.259722,57.167759],[10.259649,57.167799],[10.259366,57.167898],[10.258875,57.168067],[10.25834,57.168263],[10.257883,57.168438],[10.257499,57.168598],[10.257358,57.168653],[10.257343,57.16866],[10.257165,57.168746],[10.257059,57.168802],[10.256951,57.168886],[10.256853,57.168996],[10.256761,57.169131],[10.256708,57.169229],[10.256682,57.169311],[10.256672,57.169508],[10.256699,57.169706],[10.256724,57.16985],[10.256712,57.169965],[10.256683,57.170028],[10.256675,57.170046],[10.256606,57.170117],[10.256475,57.170219],[10.256301,57.170351],[10.256086,57.17053],[10.255896,57.170701],[10.255733,57.170856],[10.255669,57.170926],[10.255544,57.171084],[10.255449,57.171213],[10.255337,57.171369],[10.255193,57.171569],[10.255092,57.17169],[10.254981,57.171796],[10.254877,57.171882],[10.254784,57.171951],[10.25465,57.172044],[10.254528,57.172113],[10.254462,57.17215],[10.254275,57.172261],[10.253966,57.17245],[10.253592,57.172694],[10.253433,57.1728],[10.253316,57.172879],[10.253184,57.172967],[10.253038,57.173042],[10.252793,57.173153],[10.252382,57.173319],[10.252024,57.173455],[10.251791,57.173548],[10.25165,57.173614],[10.251556,57.173668],[10.251524,57.173693],[10.251455,57.173746],[10.251377,57.173838],[10.251233,57.174098],[10.25107,57.174423],[10.251017,57.174535],[10.250985,57.174642],[10.250978,57.174733],[10.25099,57.17486],[10.251026,57.175023],[10.251125,57.1753],[10.251266,57.175607],[10.251335,57.175796],[10.251382,57.175981],[10.251422,57.176226],[10.251492,57.176678],[10.251547,57.17705],[10.251563,57.17728],[10.251558,57.177449],[10.251532,57.177529],[10.251518,57.177567],[10.251637,57.177611],[10.251837,57.177684],[10.252039,57.177772],[10.252308,57.177897],[10.252458,57.177972],[10.252489,57.177988],[10.252658,57.178076],[10.252832,57.178188],[10.253077,57.178341],[10.253255,57.178478],[10.253436,57.178625],[10.253606,57.178771],[10.253742,57.178881],[10.253882,57.178967],[10.254026,57.17904],[10.254128,57.179078],[10.254202,57.179099],[10.254335,57.179124],[10.254456,57.179143],[10.254579,57.179154],[10.254655,57.179159],[10.254746,57.17916],[10.254811,57.179156],[10.254887,57.179152],[10.255037,57.179134],[10.255296,57.179087],[10.25565,57.179011],[10.255923,57.178959],[10.25622,57.178907],[10.256588,57.178851],[10.256891,57.178809],[10.257197,57.178771],[10.257397,57.178749],[10.257736,57.178716],[10.258715,57.178631],[10.259061,57.178598],[10.259364,57.17857],[10.259902,57.17851],[10.260219,57.178475],[10.260246,57.178472],[10.260619,57.178432],[10.260951,57.178396],[10.261195,57.178368],[10.261451,57.178331],[10.261715,57.178291],[10.261782,57.178933],[10.261937,57.179975],[10.26198,57.180562],[10.26198,57.180836],[10.261761,57.181539],[10.26184,57.18172],[10.262089,57.182074],[10.262204,57.182897],[10.262177,57.183031],[10.262032,57.183158],[10.261483,57.183326],[10.261256,57.183315],[10.261034,57.183304],[10.260829,57.183297],[10.260747,57.183299],[10.260619,57.183313],[10.260436,57.183347],[10.260232,57.183387],[10.259955,57.18344],[10.259878,57.183499],[10.259836,57.183585],[10.259846,57.18372],[10.259887,57.183928],[10.260149,57.184335],[10.260375,57.184552],[10.260563,57.184627],[10.260761,57.184652],[10.26096,57.18468],[10.261156,57.184972],[10.26126,57.18511],[10.261384,57.185286],[10.261575,57.185529],[10.26184,57.18592],[10.262122,57.186324],[10.261772,57.186478],[10.260721,57.186716],[10.260327,57.186749],[10.259959,57.186778],[10.259059,57.18673],[10.258709,57.186737],[10.258279,57.186786],[10.256979,57.187171],[10.256475,57.187328],[10.256292,57.187461],[10.256287,57.187592],[10.256348,57.187861],[10.256305,57.187889],[10.256009,57.187955],[10.255737,57.188017],[10.255511,57.188082],[10.255434,57.188099],[10.255331,57.188127],[10.255106,57.188219],[10.254985,57.18828],[10.254924,57.188307],[10.254858,57.188334],[10.25478,57.188363],[10.254583,57.188412],[10.254384,57.18846],[10.25427,57.188493],[10.254114,57.188528],[10.253991,57.188549],[10.253747,57.188589],[10.253509,57.188633],[10.253311,57.18868],[10.25322,57.188704],[10.253124,57.188734],[10.253074,57.188756],[10.252975,57.188795],[10.252893,57.188825],[10.252752,57.188879],[10.252689,57.1889],[10.252626,57.188918],[10.25258,57.188932],[10.252524,57.188942],[10.252426,57.188949],[10.252348,57.188959],[10.252086,57.188994],[10.251647,57.189079],[10.251256,57.18915],[10.251063,57.189192],[10.250838,57.18926],[10.250781,57.189305],[10.250722,57.189341],[10.250602,57.189481],[10.250498,57.189632],[10.250429,57.189772],[10.250451,57.18987],[10.250456,57.189992],[10.250461,57.190039],[10.25048,57.190097],[10.250516,57.190191],[10.250539,57.190246],[10.250556,57.190278],[10.250613,57.19037],[10.250696,57.1905],[10.25076,57.190579],[10.25083,57.190695],[10.250855,57.190741],[10.250868,57.19078],[10.250895,57.190864],[10.2509,57.190936],[10.250897,57.190979],[10.250864,57.191066],[10.250807,57.191135],[10.250669,57.191242],[10.250505,57.191347],[10.250349,57.191442],[10.250264,57.191506],[10.250245,57.191531],[10.250239,57.191564],[10.250245,57.19159],[10.250299,57.191649],[10.250361,57.191691],[10.250427,57.191736],[10.250617,57.191853],[10.250604,57.191911],[10.250481,57.191994],[10.250142,57.192074],[10.249575,57.192193],[10.249165,57.192264],[10.248903,57.19232],[10.248606,57.192351],[10.248164,57.192379],[10.247507,57.1924],[10.246729,57.19242],[10.246808,57.192528],[10.24692,57.192691],[10.24713,57.192949],[10.247254,57.19311],[10.2474,57.193229],[10.247571,57.193349],[10.247583,57.193405],[10.247633,57.193535],[10.247747,57.19372],[10.248019,57.19408],[10.248258,57.194382],[10.248273,57.194404],[10.248411,57.194593],[10.248639,57.194865],[10.248862,57.19514],[10.249068,57.195414],[10.249301,57.195742],[10.249564,57.196097],[10.249763,57.196353],[10.250069,57.196743],[10.250081,57.196799],[10.250055,57.196843],[10.250406,57.197215],[10.250532,57.19737],[10.250595,57.197444],[10.250685,57.19749],[10.250986,57.197571],[10.251186,57.197611],[10.251321,57.197674],[10.251491,57.197842],[10.251541,57.197932],[10.251535,57.198002],[10.251438,57.198125],[10.251393,57.198213],[10.251385,57.198363],[10.251265,57.198379],[10.251152,57.198412],[10.251033,57.198477],[10.250755,57.198629],[10.250526,57.198783],[10.25043,57.198891],[10.25039,57.198959],[10.250391,57.199002],[10.250441,57.19919],[10.250445,57.199274],[10.250426,57.199342],[10.250361,57.199427],[10.250156,57.199571],[10.250102,57.199641],[10.250106,57.199705],[10.250145,57.199795],[10.250232,57.199876],[10.250769,57.200251],[10.250812,57.200324],[10.250815,57.200401],[10.250757,57.20054],[10.250715,57.200718],[10.25072,57.200776],[10.25075,57.200852],[10.250796,57.200941],[10.250954,57.201017],[10.251407,57.201189],[10.251936,57.201393],[10.252243,57.20152],[10.252375,57.201582],[10.252444,57.201626],[10.252448,57.201675],[10.252454,57.201825],[10.252504,57.202013],[10.252581,57.202228],[10.252681,57.202419],[10.252765,57.202551],[10.252862,57.202649],[10.252991,57.202746],[10.253353,57.202898],[10.253666,57.20308],[10.253818,57.203187],[10.253888,57.203282],[10.253883,57.203417],[10.253827,57.203548],[10.253762,57.203635],[10.253681,57.203701],[10.253519,57.203767],[10.253231,57.20388],[10.252797,57.204082],[10.252528,57.20421],[10.25238,57.204275],[10.252202,57.204317],[10.251964,57.204355],[10.252197,57.204427],[10.252428,57.204506],[10.252658,57.204603],[10.252739,57.204662],[10.252831,57.204809],[10.252895,57.204907],[10.253015,57.204991],[10.253218,57.205086],[10.253608,57.205259],[10.253897,57.205367],[10.253935,57.205361],[10.254104,57.205425],[10.254526,57.205515],[10.255123,57.205659],[10.255715,57.205825],[10.2564,57.205976],[10.256901,57.206052],[10.257309,57.206124],[10.257469,57.206155],[10.257513,57.206172],[10.257523,57.206194],[10.257525,57.206374],[10.257541,57.206445],[10.257557,57.206491],[10.257605,57.206544],[10.257684,57.206592],[10.257731,57.206612],[10.257802,57.206627],[10.257912,57.206642],[10.258056,57.206645],[10.258115,57.206654],[10.258296,57.206685],[10.258426,57.206708],[10.258537,57.206735],[10.258584,57.206751],[10.258651,57.206784],[10.258722,57.206835],[10.258873,57.206945],[10.258936,57.206998],[10.259057,57.20711],[10.259123,57.207163],[10.259215,57.207236],[10.259347,57.207327],[10.259429,57.207379],[10.259494,57.207402],[10.259605,57.207434],[10.259706,57.207385],[10.25988,57.207277],[10.26003,57.207136],[10.26008,57.207107],[10.260142,57.207081],[10.260271,57.207047],[10.260411,57.207026],[10.260498,57.207024],[10.260618,57.20703],[10.260793,57.20706],[10.260951,57.207094],[10.261053,57.207117],[10.261151,57.207146],[10.261278,57.207184],[10.261428,57.207229],[10.261631,57.2073],[10.262449,57.20755],[10.262363,57.208056],[10.262341,57.2083],[10.262473,57.208859],[10.262469,57.20887],[10.26245,57.208911],[10.262198,57.209162],[10.26206,57.209429],[10.262005,57.209568],[10.261966,57.209651],[10.261915,57.20974],[10.261855,57.209853],[10.261794,57.209965],[10.261701,57.210076],[10.261614,57.210212],[10.261581,57.210262],[10.261548,57.210294],[10.261481,57.210332],[10.261384,57.210378],[10.261235,57.210433],[10.261122,57.210465],[10.261012,57.210494],[10.260946,57.210511],[10.260813,57.210537],[10.26065,57.210564],[10.260519,57.210587],[10.260379,57.210604],[10.260258,57.210611],[10.260114,57.210614],[10.259862,57.210613],[10.259602,57.210611],[10.259273,57.210611],[10.259084,57.210621],[10.258886,57.210637],[10.258753,57.210648],[10.258557,57.210665],[10.25836,57.210697],[10.258113,57.210749],[10.258007,57.21078],[10.257929,57.210813],[10.257842,57.210873],[10.257819,57.210895],[10.257795,57.210928],[10.257741,57.211042],[10.257674,57.211233],[10.257596,57.21147],[10.257542,57.211571],[10.257174,57.211952],[10.256992,57.212168],[10.256904,57.212343],[10.256864,57.212435],[10.2568,57.212511],[10.256625,57.212651],[10.256063,57.212999],[10.255194,57.213525],[10.255109,57.213605],[10.255079,57.213687],[10.255101,57.213873],[10.255141,57.214057],[10.255136,57.214164],[10.255114,57.214233],[10.254979,57.21439],[10.254792,57.214562],[10.25461,57.214767],[10.254555,57.214858],[10.254499,57.214988],[10.25446,57.215178],[10.254384,57.215379],[10.254368,57.215376],[10.254193,57.215356],[10.253923,57.215344],[10.253894,57.215486],[10.253796,57.21561],[10.253726,57.215671],[10.253499,57.215763],[10.253164,57.215837],[10.252729,57.215902],[10.252419,57.215974],[10.252256,57.216015],[10.252074,57.21609],[10.251854,57.216241],[10.251664,57.216403],[10.251568,57.216499],[10.251514,57.216531],[10.251432,57.216566],[10.251123,57.216662],[10.250781,57.216739],[10.25052,57.216791],[10.250199,57.216854],[10.249224,57.216977],[10.249164,57.216996],[10.24912,57.217021],[10.249066,57.217071],[10.249043,57.217124],[10.249037,57.217166],[10.249039,57.217345],[10.249042,57.217553],[10.249049,57.217785],[10.249051,57.218184],[10.249067,57.218522],[10.249098,57.218705],[10.24911,57.218958],[10.249117,57.219164],[10.249187,57.219644],[10.249252,57.219769],[10.249342,57.219935],[10.249426,57.220089],[10.249491,57.220214],[10.249523,57.220256],[10.249579,57.220292],[10.249619,57.22031],[10.249678,57.220332],[10.249905,57.220394],[10.250061,57.22045],[10.250216,57.220562],[10.250432,57.220758],[10.250705,57.22105],[10.25088,57.221295],[10.251076,57.221611],[10.251192,57.221807],[10.25135,57.222052],[10.251453,57.222241],[10.251493,57.22233],[10.251518,57.222364],[10.251566,57.222403],[10.251612,57.222438],[10.251752,57.222484],[10.251867,57.222509],[10.252376,57.222632],[10.252621,57.222713],[10.252787,57.222806],[10.252909,57.222886],[10.252965,57.222971],[10.252992,57.22311],[10.252942,57.223257],[10.252798,57.223379],[10.252364,57.223589],[10.252272,57.22367],[10.252265,57.223702],[10.252271,57.223752],[10.252316,57.223823],[10.252527,57.22406],[10.252744,57.22427],[10.252767,57.22431],[10.252772,57.224341],[10.252771,57.224358],[10.252747,57.224387],[10.252663,57.22442],[10.252394,57.224509],[10.251963,57.224649],[10.251546,57.224789],[10.251077,57.224954],[10.250606,57.225145],[10.25008,57.225368],[10.249737,57.225514],[10.249404,57.225641],[10.249045,57.225787],[10.24886,57.225853],[10.248821,57.225872],[10.248759,57.225902],[10.24874,57.225917],[10.248726,57.225936],[10.248714,57.225965],[10.248753,57.226024],[10.248808,57.226082],[10.248913,57.226144],[10.24913,57.226237],[10.249386,57.226344],[10.249608,57.226451],[10.249793,57.226556],[10.24987,57.226621],[10.24989,57.226661],[10.249888,57.226708],[10.249873,57.226728],[10.249857,57.226751],[10.249779,57.226799],[10.249533,57.226911],[10.249198,57.227033],[10.248887,57.227137],[10.24862,57.22723],[10.248313,57.227349],[10.24808,57.227442],[10.247823,57.227544],[10.247555,57.227645],[10.247216,57.227772],[10.246942,57.227867],[10.246921,57.227874],[10.246628,57.22797],[10.24646,57.22802],[10.246285,57.228058],[10.246108,57.228087],[10.245954,57.228096],[10.24587,57.228098],[10.245774,57.228092],[10.245544,57.228073],[10.245199,57.228042],[10.244951,57.228021],[10.244683,57.228008],[10.24463,57.228007],[10.244431,57.228001],[10.244109,57.228011],[10.243794,57.228042],[10.243564,57.228072],[10.243337,57.228108],[10.242913,57.228174],[10.242456,57.228248],[10.242024,57.228318],[10.241557,57.228385],[10.241121,57.228452],[10.24062,57.228531],[10.24012,57.22861],[10.239943,57.228632],[10.239823,57.228648],[10.239719,57.228661],[10.239305,57.228731],[10.238841,57.228804],[10.238346,57.228881],[10.237968,57.22894],[10.237449,57.229023],[10.236976,57.229092],[10.236767,57.229116],[10.236481,57.229138],[10.236185,57.22916],[10.235871,57.229174],[10.235547,57.229194],[10.235417,57.229209],[10.23525,57.229248],[10.235028,57.229322],[10.234788,57.229431],[10.234551,57.229555],[10.234294,57.229677],[10.234037,57.229799],[10.233744,57.229952],[10.233518,57.230089],[10.233302,57.230242],[10.233066,57.230412],[10.232793,57.230617],[10.232537,57.230795],[10.23226,57.230999],[10.232113,57.2311],[10.232072,57.231128],[10.232055,57.231141],[10.231989,57.231191],[10.232336,57.231335],[10.232746,57.231494],[10.233132,57.231624],[10.233463,57.231742],[10.233793,57.231859],[10.234213,57.232003],[10.234774,57.232193],[10.235228,57.232351],[10.235424,57.232416],[10.235752,57.232525],[10.236066,57.232631],[10.2362,57.232676],[10.236564,57.232801],[10.237067,57.232967],[10.237455,57.233095],[10.237387,57.233151],[10.237373,57.233162],[10.237231,57.233267],[10.236992,57.233424],[10.236764,57.233539],[10.236581,57.233639],[10.236381,57.233747],[10.236208,57.23384],[10.236061,57.233919],[10.235764,57.234082],[10.235482,57.234239],[10.235132,57.234447],[10.234859,57.234621],[10.234633,57.23478],[10.234334,57.234992],[10.234025,57.235212],[10.233771,57.235428],[10.233705,57.235507],[10.23363,57.23562],[10.233559,57.235729],[10.233344,57.236087],[10.233118,57.236521],[10.232933,57.236836],[10.232883,57.236915],[10.23278,57.237077],[10.232672,57.237204],[10.232573,57.237288],[10.232451,57.237361],[10.232323,57.237407],[10.232149,57.237464],[10.232051,57.237496],[10.23197,57.237531],[10.231941,57.23755],[10.231888,57.237584],[10.231791,57.237662],[10.23176,57.237689],[10.231703,57.237738],[10.231668,57.237778],[10.231624,57.237846],[10.23159,57.237905],[10.231554,57.237981],[10.231491,57.238126],[10.231414,57.238283],[10.231345,57.238433],[10.231244,57.238639],[10.231196,57.238755],[10.23114,57.238904],[10.231109,57.239006],[10.231075,57.239157],[10.231045,57.239296],[10.231023,57.23942],[10.230986,57.23961],[10.230943,57.239826],[10.230896,57.240031],[10.23087,57.24015],[10.230837,57.240257],[10.230807,57.240341],[10.230769,57.24043],[10.23072,57.240511],[10.230674,57.240574],[10.230631,57.240614],[10.230558,57.240695],[10.230432,57.240831],[10.2303,57.240979],[10.230198,57.241096],[10.230037,57.241269],[10.22989,57.241443],[10.229761,57.24161],[10.229694,57.241703],[10.229655,57.241771],[10.229593,57.241905],[10.229513,57.242101],[10.2295,57.242131],[10.229406,57.242354],[10.22934,57.242508],[10.229258,57.242689],[10.229183,57.242853],[10.229151,57.242924],[10.229034,57.243188],[10.228933,57.243431],[10.228829,57.243675],[10.228748,57.243858],[10.228687,57.244013],[10.228608,57.244206],[10.228521,57.244424],[10.228437,57.244608],[10.228349,57.244805],[10.228296,57.244927],[10.228275,57.244974],[10.228246,57.24504],[10.22816,57.245246],[10.228092,57.245411],[10.228011,57.245598],[10.227933,57.245776],[10.227829,57.246037],[10.22776,57.246215],[10.22768,57.246408],[10.227596,57.246598],[10.22752,57.24678],[10.227474,57.246903],[10.227446,57.247005],[10.227438,57.247074],[10.227446,57.247164],[10.227471,57.247272],[10.227508,57.247372],[10.227541,57.247469],[10.22758,57.247565],[10.227628,57.247696],[10.227692,57.247855],[10.227757,57.248027],[10.227831,57.248221],[10.22788,57.248355],[10.227905,57.24843],[10.227919,57.248496],[10.227923,57.248518],[10.227932,57.248622],[10.227922,57.248725],[10.227888,57.24887],[10.22785,57.249012],[10.227842,57.249036],[10.227814,57.249125],[10.227781,57.24923],[10.227763,57.249263],[10.227727,57.249326],[10.227628,57.249458],[10.227509,57.249604],[10.227339,57.249796],[10.227305,57.249835],[10.227174,57.249983],[10.22709,57.250085],[10.227041,57.250168],[10.227006,57.250282],[10.226998,57.250329],[10.226989,57.250388],[10.226986,57.250407],[10.226984,57.250565],[10.226985,57.250635],[10.226986,57.25073],[10.226979,57.250809],[10.22695,57.250885],[10.226891,57.250961],[10.226793,57.251071],[10.226699,57.251204],[10.226631,57.25129],[10.226557,57.251375],[10.226419,57.25152],[10.226188,57.251765],[10.226051,57.25191],[10.226029,57.251934],[10.2259,57.252069],[10.225763,57.252216],[10.225701,57.252255],[10.225617,57.252279],[10.22575,57.252312],[10.225988,57.25237],[10.226179,57.252416],[10.22634,57.252461],[10.22683,57.25262],[10.227108,57.252717],[10.227323,57.252808],[10.22748,57.252887],[10.227648,57.252981],[10.227771,57.253062],[10.227882,57.253152],[10.22798,57.253247],[10.228111,57.253393],[10.228287,57.253566],[10.228436,57.253684],[10.22851,57.25374],[10.228609,57.253802],[10.228692,57.253837],[10.228904,57.253919],[10.229102,57.253994],[10.229345,57.25408],[10.22964,57.254179],[10.229858,57.254254],[10.230019,57.254318],[10.230249,57.254409],[10.230342,57.254452],[10.230477,57.254511],[10.23071,57.254622],[10.230888,57.254709],[10.231085,57.254815],[10.231291,57.254928],[10.231482,57.25503],[10.231648,57.255126],[10.23178,57.255206],[10.231874,57.255269],[10.231977,57.255346],[10.232037,57.255406],[10.232137,57.255524],[10.232239,57.255637],[10.232387,57.255795],[10.232534,57.255943],[10.23273,57.256131],[10.23275,57.256151],[10.232657,57.256177],[10.232395,57.25623],[10.231942,57.256312],[10.231607,57.256385],[10.231306,57.256452],[10.231092,57.256503],[10.231069,57.256507],[10.230883,57.256542],[10.230744,57.256567],[10.230646,57.256577],[10.230497,57.256583],[10.230377,57.256577],[10.230156,57.256546],[10.229925,57.256505],[10.229545,57.256433],[10.229298,57.256387],[10.229119,57.256367],[10.228962,57.256354],[10.228808,57.256356],[10.228689,57.256365],[10.228575,57.256383],[10.22844,57.256414],[10.228319,57.256436],[10.228197,57.256457],[10.227973,57.256495],[10.227849,57.256508],[10.227652,57.256511],[10.227205,57.256516],[10.226929,57.256519],[10.226293,57.256528],[10.225844,57.256539],[10.225209,57.256549],[10.224639,57.256554],[10.224129,57.256557],[10.22385,57.256568],[10.22355,57.256583],[10.223403,57.256592],[10.223319,57.2566],[10.223209,57.256615],[10.222924,57.25668],[10.222877,57.256691],[10.222598,57.256762],[10.222328,57.256833],[10.222173,57.256872],[10.222036,57.256908],[10.221892,57.256946],[10.221741,57.256983],[10.221547,57.25703],[10.221389,57.257068],[10.221241,57.257105],[10.221042,57.257152],[10.220803,57.257209],[10.220586,57.25726],[10.220411,57.2573],[10.22029,57.257326],[10.220182,57.257351],[10.220067,57.257372],[10.219954,57.257393],[10.219841,57.257412],[10.21976,57.257431],[10.219725,57.257442],[10.219666,57.257468],[10.219639,57.257502],[10.219613,57.257566],[10.219605,57.257634],[10.219581,57.257836],[10.219574,57.257895],[10.219561,57.257951],[10.219539,57.258008],[10.219511,57.258064],[10.219465,57.258139],[10.219429,57.258179],[10.219304,57.258329],[10.219248,57.25839],[10.219124,57.25849],[10.219084,57.258517],[10.219006,57.258557],[10.218904,57.258604],[10.218809,57.258643],[10.218762,57.258659],[10.218721,57.258673],[10.218558,57.258724],[10.218322,57.258791],[10.218254,57.258807],[10.217982,57.258866],[10.217949,57.258872],[10.217867,57.258889],[10.21779,57.258905],[10.217676,57.258932],[10.217591,57.258953],[10.217465,57.25899],[10.217355,57.259026],[10.217133,57.259099],[10.216959,57.259165],[10.216748,57.259241],[10.216602,57.259298],[10.216516,57.259337],[10.216425,57.259383],[10.216188,57.259502],[10.216052,57.259563],[10.215967,57.259592],[10.215868,57.259614],[10.215751,57.259639],[10.215653,57.259649],[10.215485,57.259667],[10.215287,57.259687],[10.215161,57.259707],[10.215069,57.259726],[10.214998,57.259749],[10.214952,57.259777],[10.214683,57.259957],[10.214522,57.260042],[10.214332,57.260125],[10.21416,57.260181],[10.214057,57.260209],[10.213989,57.260221],[10.213942,57.260227],[10.213901,57.260231],[10.213788,57.260242],[10.213687,57.260246],[10.213514,57.260257],[10.213235,57.260269],[10.212933,57.26028],[10.212596,57.260294],[10.212144,57.260311],[10.212094,57.260313],[10.211975,57.260318],[10.211565,57.260335],[10.211219,57.260354],[10.211014,57.260361],[10.210918,57.260365],[10.210828,57.260365],[10.210757,57.260365],[10.21063,57.260364],[10.210366,57.260348],[10.209998,57.260321],[10.209577,57.260292],[10.209194,57.260264],[10.209082,57.260258],[10.208935,57.260248],[10.208891,57.260369],[10.208869,57.260488],[10.208842,57.260653],[10.208825,57.260836],[10.208809,57.261027],[10.208796,57.261183],[10.208779,57.261339],[10.208755,57.261469],[10.208719,57.261569],[10.208669,57.261677],[10.208608,57.261775],[10.208507,57.26194],[10.208387,57.262118],[10.208276,57.262295],[10.208178,57.262448],[10.208051,57.262665],[10.207979,57.262822],[10.207906,57.26299],[10.207891,57.263026],[10.207855,57.263111],[10.207842,57.263142],[10.207773,57.263324],[10.207769,57.263334],[10.207713,57.263498],[10.207644,57.263703],[10.207562,57.263949],[10.207492,57.264163],[10.207414,57.26441],[10.207378,57.264504],[10.207299,57.264797],[10.20722,57.26506],[10.207155,57.265292],[10.207095,57.265531],[10.207016,57.265827],[10.206974,57.265999],[10.206942,57.266123],[10.206891,57.266347],[10.20685,57.266501],[10.206822,57.266588],[10.206791,57.266639],[10.206738,57.266706],[10.206696,57.266742],[10.206588,57.266808],[10.206459,57.266871],[10.206289,57.266935],[10.206137,57.266995],[10.206024,57.267061],[10.205948,57.267118],[10.205891,57.267173],[10.205831,57.267238],[10.205768,57.267342],[10.205733,57.267434],[10.20569,57.267588],[10.205633,57.267782],[10.205573,57.267994],[10.205514,57.268204],[10.205465,57.268376],[10.205426,57.268548],[10.205411,57.268611],[10.205379,57.26876],[10.205372,57.268794],[10.205331,57.268964],[10.205274,57.269231],[10.205232,57.269368],[10.205191,57.269505],[10.205117,57.269689],[10.205056,57.269836],[10.20498,57.270007],[10.204912,57.270158],[10.204828,57.270372],[10.204787,57.270507],[10.20476,57.270638],[10.204744,57.27077],[10.204716,57.271022],[10.204671,57.271355],[10.204653,57.271494],[10.204627,57.271689],[10.204599,57.271915],[10.204572,57.272148],[10.204572,57.272245],[10.204584,57.272377],[10.204611,57.272491],[10.204652,57.272621],[10.204717,57.272812],[10.20479,57.273007],[10.204859,57.273187],[10.204911,57.273333],[10.204927,57.273394],[10.204928,57.27344],[10.20492,57.273487],[10.204899,57.273534],[10.204864,57.27358],[10.204821,57.273611],[10.204738,57.273649],[10.204586,57.273704],[10.204405,57.273784],[10.204273,57.273839],[10.204187,57.273888],[10.204105,57.273945],[10.204006,57.274019],[10.203992,57.274031],[10.203902,57.274108],[10.203817,57.274181],[10.2037,57.274283],[10.203633,57.27435],[10.203589,57.27441],[10.203552,57.274485],[10.203541,57.274541],[10.203538,57.274596],[10.203547,57.274692],[10.203582,57.274818],[10.203592,57.274873],[10.203626,57.275031],[10.203674,57.275236],[10.203733,57.275492],[10.203802,57.275794],[10.203853,57.276042],[10.203905,57.276306],[10.203944,57.27649],[10.204011,57.276746],[10.204018,57.276816],[10.204019,57.276851],[10.204026,57.276944],[10.204016,57.277006],[10.203991,57.277084],[10.203949,57.277136],[10.203886,57.277194],[10.203781,57.277253],[10.203645,57.277321],[10.203452,57.277409],[10.203203,57.277526],[10.203096,57.277588],[10.203039,57.277623],[10.203004,57.277652],[10.202979,57.27769],[10.202892,57.2778],[10.202866,57.27786],[10.202853,57.277891],[10.202811,57.278072],[10.202758,57.278269],[10.202745,57.278325],[10.202712,57.278484],[10.202678,57.27865],[10.202635,57.278859],[10.202597,57.279013],[10.202568,57.279123],[10.202518,57.279225],[10.202471,57.279303],[10.202417,57.279362],[10.202311,57.279454],[10.202394,57.2795],[10.20248,57.27956],[10.202574,57.27964],[10.202628,57.279666],[10.202687,57.279681],[10.202748,57.279684],[10.202819,57.279689],[10.202913,57.279688],[10.203001,57.27968],[10.203124,57.279674],[10.203228,57.279678],[10.20339,57.279684],[10.203603,57.279698],[10.203776,57.279708],[10.204005,57.279722],[10.204274,57.279738],[10.204547,57.279755],[10.204809,57.279771],[10.205097,57.279788],[10.205313,57.2798],[10.205548,57.27981],[10.205802,57.279824],[10.206093,57.279836],[10.206332,57.279847],[10.206585,57.279861],[10.206724,57.279872],[10.206896,57.279884],[10.207072,57.279892],[10.20725,57.279895],[10.207465,57.279887],[10.207933,57.2799],[10.208402,57.279916],[10.208672,57.279921],[10.208846,57.279926],[10.208924,57.279933],[10.208991,57.279972],[10.208998,57.279992],[10.208993,57.280015],[10.208946,57.280108],[10.208872,57.280252],[10.208808,57.280372],[10.208757,57.280455],[10.208744,57.280484],[10.208738,57.280516],[10.208739,57.280543],[10.20875,57.280668],[10.208767,57.28072],[10.208797,57.280767],[10.208842,57.280862],[10.208874,57.280929],[10.208902,57.281008],[10.208947,57.281125],[10.208985,57.281221],[10.209018,57.281274],[10.209067,57.281333],[10.209114,57.281386],[10.209155,57.281425],[10.209192,57.281459],[10.209246,57.28151],[10.209329,57.281579],[10.209408,57.281647],[10.209498,57.281725],[10.209593,57.281806],[10.209645,57.281847],[10.209689,57.281892],[10.209735,57.281937],[10.20978,57.281989],[10.209837,57.282052],[10.209883,57.282104],[10.20993,57.282151],[10.209979,57.282192],[10.210031,57.282231],[10.210175,57.282305],[10.210347,57.282383],[10.210659,57.28251],[10.210787,57.282566],[10.210919,57.282622],[10.211076,57.282703],[10.211196,57.282784],[10.211302,57.28288],[10.211419,57.282996],[10.211595,57.283178],[10.211728,57.283339],[10.211844,57.283489],[10.211965,57.283653],[10.212118,57.283875],[10.21227,57.284091],[10.212462,57.284303],[10.212629,57.28449],[10.212707,57.284583],[10.212715,57.284596],[10.212744,57.284643],[10.212776,57.284737],[10.212813,57.284886],[10.212872,57.285017],[10.212909,57.285158],[10.212877,57.28525],[10.212851,57.285315],[10.212819,57.285396],[10.212749,57.285387],[10.212588,57.285363],[10.212427,57.285335],[10.21224,57.285306],[10.211903,57.285248],[10.211538,57.285182],[10.211043,57.285093],[10.211028,57.285162],[10.211024,57.285227],[10.211026,57.285333],[10.211045,57.285504],[10.211068,57.285663],[10.2111,57.285816],[10.211133,57.285937],[10.211174,57.286065],[10.21124,57.286272],[10.211302,57.286464],[10.211351,57.286624],[10.211406,57.28679],[10.211456,57.286952],[10.211493,57.287063],[10.211531,57.287156],[10.211569,57.287237],[10.211612,57.28731],[10.211665,57.287378],[10.211714,57.287427],[10.211784,57.287484],[10.211876,57.287544],[10.212,57.287613],[10.212172,57.287711],[10.212288,57.287785],[10.212413,57.287882],[10.212575,57.288033],[10.212732,57.288173],[10.212888,57.28832],[10.213074,57.288491],[10.213232,57.288638],[10.21332,57.288728],[10.213452,57.288876],[10.213616,57.289088],[10.213755,57.289276],[10.213878,57.289441],[10.213988,57.289584],[10.214078,57.289703],[10.214144,57.289824],[10.214199,57.28999],[10.214268,57.290284],[10.214386,57.290734],[10.214522,57.291235],[10.214649,57.291711],[10.21477,57.292171],[10.214898,57.292635],[10.215028,57.293155],[10.215082,57.293437],[10.215072,57.293543],[10.215305,57.293547],[10.215543,57.293553],[10.215816,57.293562],[10.216098,57.293573],[10.216236,57.293579],[10.21638,57.293586],[10.21665,57.293591],[10.216999,57.293595],[10.217348,57.293601],[10.21768,57.293611],[10.218013,57.293625],[10.218366,57.293635],[10.218733,57.293647],[10.218955,57.29365],[10.219138,57.293657],[10.219255,57.293661],[10.21933,57.293666],[10.219386,57.293675],[10.219436,57.293685],[10.219515,57.29371],[10.219709,57.293783],[10.219977,57.293892],[10.220277,57.294011],[10.220498,57.294101],[10.220704,57.294179],[10.220805,57.294212],[10.220873,57.294224],[10.220971,57.294232],[10.22106,57.294236],[10.221184,57.294232],[10.221341,57.294222],[10.221575,57.294202],[10.22181,57.294169],[10.222095,57.294127],[10.222234,57.294106],[10.222401,57.29409],[10.222484,57.294086],[10.222504,57.294085],[10.222693,57.294083],[10.222908,57.294092],[10.223081,57.294108],[10.22321,57.294118],[10.223507,57.294154],[10.223741,57.294186],[10.22389,57.294217],[10.223983,57.294252],[10.224104,57.294319],[10.224251,57.2944],[10.224459,57.294474],[10.224801,57.294582],[10.225032,57.294652],[10.225548,57.294792],[10.225755,57.294846],[10.22589,57.29487],[10.226005,57.294883],[10.226163,57.294886],[10.226605,57.294878],[10.226618,57.294958],[10.226653,57.295043],[10.226675,57.295079],[10.22671,57.295139],[10.226765,57.29522],[10.226829,57.295297],[10.226917,57.295385],[10.226974,57.295433],[10.227067,57.295499],[10.227189,57.295577],[10.227395,57.295693],[10.227678,57.295848],[10.227939,57.295992],[10.22817,57.296127],[10.228273,57.2962],[10.228377,57.29628],[10.228451,57.296351],[10.228541,57.296451],[10.228579,57.296502],[10.228623,57.29658],[10.228649,57.296637],[10.228672,57.296697],[10.228687,57.296765],[10.228688,57.296805],[10.228692,57.296889],[10.228683,57.296973],[10.228661,57.297058],[10.228636,57.297141],[10.228592,57.297248],[10.228454,57.297512],[10.228241,57.297911],[10.228018,57.298328],[10.227946,57.298444],[10.227895,57.298562],[10.227849,57.298665],[10.227822,57.298783],[10.227817,57.298896],[10.227826,57.298999],[10.227856,57.29911],[10.227931,57.299265],[10.228023,57.299447],[10.228065,57.299534],[10.228116,57.2996],[10.227978,57.29961],[10.22778,57.299632],[10.227605,57.299653],[10.22745,57.299678],[10.227272,57.299715],[10.227113,57.29976],[10.226963,57.299813],[10.226753,57.299893],[10.226532,57.299988],[10.22627,57.300095],[10.226165,57.300139],[10.226045,57.300184],[10.225911,57.300226],[10.225595,57.30032],[10.225214,57.300428],[10.224797,57.300549],[10.224178,57.300721],[10.224076,57.30075],[10.223993,57.300774],[10.223583,57.30089],[10.223303,57.300962],[10.222937,57.301052],[10.222629,57.301124],[10.222288,57.301199],[10.222103,57.301244],[10.221947,57.301288],[10.22179,57.301339],[10.221532,57.301432],[10.221257,57.301531],[10.220972,57.301634],[10.220689,57.301738],[10.220426,57.301836],[10.220142,57.301942],[10.220011,57.30199],[10.219939,57.302015],[10.219862,57.302037],[10.219737,57.302065],[10.219603,57.302087],[10.219455,57.302101],[10.219303,57.302103],[10.219166,57.302094],[10.219016,57.302075],[10.218886,57.302054],[10.218792,57.30203],[10.218668,57.301988],[10.218461,57.301902],[10.218297,57.30183],[10.218172,57.301782],[10.218048,57.301744],[10.217947,57.301721],[10.21782,57.301708],[10.217728,57.301707],[10.217635,57.30171],[10.217526,57.301724],[10.21731,57.301771],[10.217186,57.301799],[10.217023,57.301837],[10.216806,57.301884],[10.216599,57.301928],[10.216409,57.301974],[10.21621,57.302023],[10.216044,57.302067],[10.215872,57.302117],[10.215734,57.302157],[10.215699,57.302168],[10.215491,57.302233],[10.215195,57.302328],[10.214909,57.302422],[10.214829,57.302451],[10.214621,57.302527],[10.214306,57.302639],[10.2142,57.302672],[10.213937,57.30275],[10.21371,57.302822],[10.21347,57.302894],[10.213251,57.302958],[10.213238,57.302962],[10.213031,57.303023],[10.212865,57.303068],[10.212848,57.303072],[10.212723,57.303105],[10.212652,57.303124],[10.212426,57.303189],[10.21217,57.303258],[10.211917,57.303323],[10.21164,57.303396],[10.21143,57.303451],[10.211197,57.303514],[10.211006,57.303564],[10.210888,57.303588],[10.21075,57.303614],[10.210614,57.303628],[10.210478,57.303633],[10.210339,57.303635],[10.210135,57.303637],[10.20985,57.303637],[10.209657,57.30364],[10.209537,57.303642],[10.209439,57.303647],[10.209332,57.303655],[10.209207,57.303667],[10.20906,57.303685],[10.208852,57.303713],[10.208631,57.303749],[10.208405,57.303785],[10.20828,57.303803],[10.208156,57.303821],[10.208077,57.303836],[10.208042,57.303843],[10.207927,57.303872],[10.20776,57.303916],[10.207665,57.303944],[10.207535,57.303993],[10.207329,57.304069],[10.207156,57.304138],[10.206997,57.304199],[10.206783,57.304283],[10.206548,57.304377],[10.206332,57.30446],[10.206141,57.304534],[10.20593,57.304617],[10.205674,57.304721],[10.205472,57.304799],[10.205255,57.304882],[10.205012,57.304976],[10.204925,57.30501],[10.204779,57.305067],[10.204553,57.305155],[10.204398,57.305218],[10.204209,57.305291],[10.204027,57.305363],[10.203845,57.305433],[10.203674,57.305499],[10.203454,57.305582],[10.203238,57.305667],[10.20303,57.305753],[10.2029,57.305804],[10.202783,57.305844],[10.202663,57.305877],[10.202535,57.305902],[10.20243,57.305915],[10.202415,57.305916],[10.202153,57.305936],[10.2019,57.305947],[10.201626,57.305963],[10.201321,57.305979],[10.201021,57.305992],[10.200697,57.306006],[10.200355,57.306022],[10.200053,57.306034],[10.19986,57.306039],[10.199719,57.306042],[10.199643,57.30604],[10.199554,57.306038],[10.199448,57.306033],[10.199305,57.306024],[10.199075,57.306002],[10.198796,57.305982],[10.198549,57.305963],[10.198441,57.305955],[10.198402,57.305953],[10.198361,57.305952],[10.198318,57.30596],[10.198328,57.305975],[10.198397,57.30608],[10.198512,57.306243],[10.198596,57.306369],[10.19868,57.306497],[10.198759,57.306618],[10.198867,57.306788],[10.198984,57.306954],[10.199093,57.307117],[10.199198,57.307276],[10.199311,57.307454],[10.199439,57.307643],[10.199541,57.307803],[10.199612,57.30791],[10.199666,57.308013],[10.1997,57.308102],[10.199727,57.308204],[10.199737,57.308303],[10.199735,57.308379],[10.199728,57.308455],[10.199713,57.308533],[10.199697,57.308579],[10.199645,57.308701],[10.199571,57.30882],[10.199461,57.308956],[10.199372,57.309054],[10.199298,57.309125],[10.1994,57.309163],[10.199489,57.309207],[10.199666,57.309297],[10.19994,57.309441],[10.200211,57.309585],[10.200577,57.30978],[10.20083,57.309915],[10.201044,57.310032],[10.201264,57.310151],[10.201556,57.310308],[10.201827,57.310452],[10.202082,57.31059],[10.202356,57.310733],[10.202613,57.310875],[10.202897,57.311028],[10.203142,57.311158],[10.203367,57.311282],[10.203554,57.311378],[10.203782,57.311501],[10.204008,57.311625],[10.204299,57.311781],[10.204563,57.31192],[10.204813,57.312055],[10.205041,57.312176],[10.205237,57.312287],[10.205269,57.312304],[10.205428,57.31239],[10.205575,57.312465],[10.20566,57.312518],[10.205835,57.312627],[10.205942,57.312707],[10.206066,57.312801],[10.206196,57.312912],[10.206319,57.313037],[10.20644,57.313167],[10.206566,57.313315],[10.206702,57.313465],[10.206829,57.313618],[10.206946,57.31376],[10.206991,57.313837],[10.207016,57.313897],[10.20703,57.313935],[10.207033,57.313986],[10.207029,57.314044],[10.207017,57.314122],[10.207,57.314201],[10.206979,57.314286],[10.20695,57.314387],[10.206913,57.314513],[10.206873,57.314661],[10.206826,57.314805],[10.206778,57.314964],[10.206721,57.315155],[10.206682,57.315301],[10.206641,57.315469],[10.206611,57.315628],[10.206575,57.315797],[10.206543,57.315942],[10.206511,57.316086],[10.206482,57.316232],[10.206469,57.31631],[10.206466,57.316348],[10.206467,57.316375],[10.206474,57.316398],[10.206489,57.316421],[10.206508,57.316451],[10.206536,57.316479],[10.206571,57.316505],[10.206615,57.316532],[10.206654,57.316547],[10.206713,57.316561],[10.206771,57.31657],[10.206839,57.316574],[10.206957,57.316573],[10.207202,57.316568],[10.207508,57.316563],[10.207782,57.316558],[10.208114,57.316554],[10.208445,57.316546],[10.208666,57.316542],[10.208817,57.31654],[10.209078,57.316537],[10.209349,57.316534],[10.209607,57.316533],[10.209851,57.316532],[10.210113,57.316531],[10.21033,57.316532],[10.210606,57.316535],[10.210891,57.316533],[10.211167,57.316533],[10.211474,57.316534],[10.211825,57.316538],[10.211998,57.316547],[10.212125,57.316561],[10.212259,57.316581],[10.212422,57.31661],[10.212635,57.316657],[10.212948,57.316728],[10.213245,57.316799],[10.213581,57.316871],[10.213854,57.316937],[10.214164,57.317004],[10.214495,57.317079],[10.214775,57.317142],[10.215083,57.317209],[10.215298,57.317257],[10.215457,57.317298],[10.215567,57.317333],[10.215678,57.317375],[10.215763,57.31742],[10.215847,57.317482],[10.215935,57.317562],[10.216015,57.317656],[10.216126,57.317796],[10.216251,57.317951],[10.216362,57.318097],[10.216444,57.318207],[10.216511,57.318307],[10.216576,57.318416],[10.216617,57.318496],[10.216643,57.318572],[10.216663,57.318679],[10.216672,57.318754],[10.216674,57.31881],[10.216675,57.318842],[10.216676,57.318968],[10.216682,57.319131],[10.216685,57.319265],[10.216694,57.319342],[10.216702,57.319446],[10.216715,57.319561],[10.216733,57.319695],[10.216749,57.319779],[10.216766,57.319894],[10.216784,57.320001],[10.216805,57.32015],[10.216816,57.320243],[10.216822,57.320333],[10.216827,57.320412],[10.216824,57.320511],[10.216813,57.320635],[10.216807,57.320811],[10.216801,57.320878],[10.216794,57.320976],[10.216786,57.321157],[10.216786,57.32134],[10.216785,57.321611],[10.216787,57.321804],[10.21679,57.322002],[10.216796,57.322189],[10.216799,57.322325],[10.216795,57.322498],[10.216794,57.322653],[10.216789,57.322813],[10.216782,57.323009],[10.216777,57.323159],[10.216769,57.323317],[10.216759,57.323507],[10.216753,57.32368],[10.216737,57.323824],[10.216722,57.323958],[10.216709,57.32409],[10.216687,57.324243],[10.216655,57.324432],[10.216619,57.324629],[10.21658,57.324843],[10.216544,57.325044],[10.216514,57.325211],[10.216484,57.325367],[10.216459,57.325493],[10.216429,57.325639],[10.216408,57.325756],[10.216384,57.325875],[10.216379,57.325896],[10.216353,57.326051],[10.216324,57.326208],[10.216302,57.326352],[10.216273,57.326525],[10.216254,57.326658],[10.216232,57.326829],[10.216225,57.32696],[10.216227,57.327107],[10.21624,57.327223],[10.216261,57.327326],[10.216284,57.327419],[10.216313,57.327509],[10.216385,57.327681],[10.216477,57.327866],[10.216586,57.328065],[10.216665,57.328197],[10.216717,57.328266],[10.216785,57.328327],[10.216934,57.328441],[10.217147,57.328576],[10.217424,57.328732],[10.21749,57.328769],[10.217815,57.328952],[10.218205,57.329175],[10.218554,57.329368],[10.218831,57.329525],[10.219086,57.329674],[10.219304,57.329803],[10.219438,57.329893],[10.219709,57.330084],[10.219972,57.330274],[10.220215,57.330458],[10.220588,57.330731],[10.220861,57.330937],[10.221149,57.331145],[10.221528,57.331424],[10.221826,57.331648],[10.222108,57.331859],[10.222345,57.332038],[10.222637,57.33225],[10.222896,57.332436],[10.223182,57.332646],[10.223272,57.332716],[10.223447,57.332851],[10.223721,57.333056],[10.224015,57.333271],[10.224279,57.33347],[10.224532,57.333649],[10.224842,57.333884],[10.225102,57.334074],[10.225127,57.334094],[10.225277,57.33421],[10.225357,57.334275],[10.225447,57.334354],[10.225621,57.334587],[10.225711,57.334706],[10.225826,57.334859],[10.226006,57.335102],[10.226091,57.335218],[10.226388,57.335594],[10.226579,57.335838],[10.226799,57.336125],[10.227044,57.336439],[10.227152,57.33659],[10.227276,57.336762],[10.227521,57.337092],[10.227653,57.337269],[10.227953,57.337659],[10.228215,57.337996],[10.228273,57.338071],[10.228417,57.33826],[10.22866,57.338588],[10.228731,57.338663],[10.228825,57.338734],[10.228896,57.338782],[10.228988,57.338836],[10.229155,57.338923],[10.229442,57.339036],[10.229739,57.339118],[10.229811,57.339133],[10.230166,57.339208],[10.230855,57.339345],[10.231731,57.339524],[10.232336,57.339645],[10.232587,57.339695],[10.232898,57.339771],[10.233171,57.339851],[10.233425,57.33994],[10.233458,57.339951],[10.233656,57.340027],[10.23382,57.340094],[10.234079,57.340206],[10.234147,57.340235],[10.234778,57.340511],[10.23546,57.34081],[10.235546,57.340848],[10.235608,57.340875],[10.235845,57.340977],[10.236162,57.341124],[10.236196,57.341157],[10.236205,57.341165],[10.236259,57.34125],[10.236259,57.341273],[10.236259,57.341362],[10.236256,57.3414],[10.236508,57.34139],[10.236849,57.341379],[10.237353,57.341368],[10.2374,57.341518],[10.237491,57.341767],[10.237537,57.341885],[10.237552,57.341922],[10.237629,57.341914],[10.237829,57.341891],[10.237952,57.341877],[10.238066,57.341867],[10.238186,57.341863],[10.238289,57.341856],[10.238312,57.341854],[10.238469,57.341837],[10.23867,57.341814],[10.238829,57.341797],[10.238938,57.341784],[10.239059,57.341771],[10.239298,57.341745],[10.239533,57.341716],[10.239655,57.341699],[10.239717,57.341687],[10.239802,57.341671],[10.239916,57.341655],[10.240106,57.341634],[10.240306,57.341611],[10.240345,57.341606],[10.240582,57.341579],[10.240751,57.34156],[10.240939,57.341542],[10.24109,57.341531],[10.241173,57.341527],[10.241248,57.341523],[10.241457,57.341517],[10.241579,57.341514],[10.241741,57.341515],[10.241772,57.341515],[10.241779,57.341515],[10.24186,57.341516],[10.241964,57.341517],[10.242187,57.341518],[10.242238,57.341519],[10.242459,57.34152],[10.242625,57.341522],[10.242868,57.341524],[10.242889,57.341524],[10.243192,57.341525],[10.243222,57.341525],[10.243387,57.341527],[10.24364,57.341529],[10.244003,57.341532],[10.244254,57.341533],[10.24431,57.341534],[10.244376,57.341534],[10.244614,57.341536],[10.244922,57.341542],[10.245159,57.341545],[10.245474,57.341549],[10.245661,57.341551],[10.245875,57.341553],[10.246209,57.341555],[10.246625,57.341558],[10.246955,57.341561],[10.24731,57.341563],[10.248008,57.341568],[10.24807,57.341567],[10.248114,57.341569],[10.248137,57.341569],[10.248157,57.341569],[10.248202,57.341569],[10.248398,57.341571],[10.248667,57.341573],[10.248781,57.341574],[10.248948,57.341575],[10.249276,57.341577],[10.249665,57.341579],[10.249775,57.341579],[10.250603,57.341584],[10.251033,57.341587],[10.251182,57.341587],[10.251941,57.341595],[10.252537,57.341598],[10.252679,57.341599],[10.253267,57.3416],[10.253837,57.341596],[10.254573,57.341583],[10.254837,57.341578],[10.255166,57.341572],[10.255963,57.341557],[10.256774,57.341542],[10.257405,57.34153],[10.257443,57.341529],[10.25746,57.341529],[10.258222,57.341513],[10.258772,57.341488],[10.259429,57.341448],[10.260068,57.341404],[10.260892,57.341349],[10.261694,57.341295],[10.263368,57.341232],[10.263947,57.341229],[10.264666,57.341236],[10.265395,57.34126],[10.266045,57.341289],[10.266512,57.34132],[10.267086,57.341366],[10.267681,57.341424],[10.268318,57.341496],[10.26844,57.341512],[10.268508,57.341521],[10.268489,57.341564],[10.268474,57.341717],[10.26845,57.34207],[10.268429,57.34245],[10.268385,57.342908],[10.268353,57.343158],[10.268331,57.34325],[10.268309,57.343344],[10.268213,57.343672],[10.268169,57.343837],[10.268134,57.343971],[10.268001,57.344425],[10.267882,57.344836],[10.267736,57.345327],[10.26761,57.345711],[10.267499,57.34608],[10.267369,57.346509],[10.267257,57.346887],[10.267199,57.347164],[10.267171,57.347466],[10.267155,57.347826],[10.26714,57.348272],[10.267118,57.348588],[10.267118,57.348608],[10.267112,57.34898],[10.267097,57.349355],[10.267077,57.349744],[10.267072,57.349888],[10.267049,57.349956],[10.267004,57.350013],[10.267608,57.350129],[10.267541,57.350277],[10.267355,57.350715],[10.267152,57.351182],[10.26699,57.351562],[10.266805,57.352011],[10.266618,57.352444],[10.26645,57.352882],[10.266278,57.353319],[10.266164,57.353624],[10.266087,57.353829],[10.265899,57.354321],[10.265728,57.354776],[10.265674,57.35498],[10.265649,57.355315],[10.265625,57.355816],[10.265615,57.356035],[10.265603,57.356299],[10.265574,57.356699],[10.265565,57.356826],[10.265546,57.357185],[10.265541,57.357272],[10.26552,57.357768],[10.265525,57.357905],[10.265593,57.358148],[10.265685,57.35831],[10.265775,57.358404],[10.265939,57.358553],[10.265987,57.358593],[10.266238,57.358783],[10.266408,57.358912],[10.266706,57.359116],[10.266976,57.35931],[10.267265,57.359514],[10.267503,57.359681],[10.267785,57.35988],[10.268009,57.360037],[10.268297,57.360238],[10.268587,57.360441],[10.268737,57.360548],[10.268895,57.360662],[10.269046,57.360775],[10.269142,57.360863],[10.269215,57.36095],[10.269258,57.361022],[10.269295,57.361134],[10.269308,57.361201],[10.269319,57.361291],[10.26932,57.361347],[10.269313,57.361626],[10.269309,57.361858],[10.269299,57.362181],[10.269288,57.36248],[10.269283,57.362777],[10.269277,57.363075],[10.269275,57.36333],[10.269271,57.363626],[10.269264,57.363852],[10.269259,57.363934],[10.269252,57.36405],[10.269217,57.364312],[10.269157,57.364452],[10.269435,57.364414],[10.270132,57.36431],[10.270899,57.364187],[10.271481,57.364095],[10.271953,57.364024],[10.272005,57.364016],[10.272374,57.36396],[10.272566,57.363929],[10.272705,57.363903],[10.27289,57.363852],[10.273042,57.3638],[10.273205,57.363733],[10.273424,57.36363],[10.273678,57.363511],[10.273995,57.363363],[10.274329,57.363208],[10.27477,57.363002],[10.275066,57.362863],[10.275516,57.362657],[10.275692,57.362579],[10.275853,57.362517],[10.276019,57.362461],[10.27625,57.362389],[10.276554,57.362299],[10.276849,57.362213],[10.277219,57.362107],[10.277643,57.36198],[10.277979,57.361883],[10.278229,57.361811],[10.278551,57.361714],[10.278635,57.361689],[10.279008,57.361579],[10.279355,57.361474],[10.279803,57.361335],[10.279999,57.361274],[10.28005,57.361258],[10.280091,57.361246],[10.280149,57.361227],[10.280256,57.361193],[10.280291,57.361182],[10.280499,57.361116],[10.280996,57.360958],[10.281567,57.360781],[10.281982,57.360654],[10.282442,57.360526],[10.28286,57.360419],[10.283244,57.360319],[10.283569,57.360239],[10.283991,57.360132],[10.284614,57.359975],[10.285132,57.359848],[10.285382,57.359787],[10.285675,57.359713],[10.286017,57.359629],[10.286529,57.359507],[10.286803,57.35944],[10.28705,57.359379],[10.28736,57.359293],[10.287528,57.359235],[10.287698,57.359162],[10.287966,57.359046],[10.28821,57.358943],[10.288467,57.358834],[10.288698,57.358732],[10.288796,57.358684],[10.28884,57.358659],[10.288878,57.358639],[10.288912,57.358612],[10.288941,57.358584],[10.28896,57.358555],[10.288974,57.358523],[10.28898,57.358489],[10.288976,57.358451],[10.288967,57.358411],[10.288963,57.358387],[10.288786,57.358041],[10.288656,57.357788],[10.288558,57.357593],[10.288539,57.357526],[10.288539,57.357481],[10.288559,57.357446],[10.288597,57.357413],[10.288802,57.357352],[10.28924,57.357253],[10.289491,57.35722],[10.28986,57.357178],[10.290155,57.357135],[10.290426,57.35708],[10.290493,57.35706],[10.290626,57.357021],[10.290845,57.356932],[10.291168,57.356765],[10.291466,57.356603],[10.291692,57.356473],[10.291792,57.356557],[10.292007,57.356835],[10.29225,57.357149],[10.292509,57.357487],[10.292767,57.357827],[10.293351,57.358607],[10.293449,57.358723],[10.293523,57.358792],[10.293565,57.358826],[10.293657,57.3589],[10.293733,57.358954],[10.293827,57.359038],[10.293843,57.359055],[10.293881,57.359123],[10.293885,57.359157],[10.293883,57.35919],[10.293856,57.35925],[10.293765,57.359339],[10.293672,57.359456],[10.293658,57.359503],[10.293653,57.359549],[10.293656,57.359594],[10.293663,57.359643],[10.29369,57.359701],[10.293744,57.359814],[10.293774,57.359881],[10.293802,57.359943],[10.293805,57.359951],[10.293827,57.360019],[10.293855,57.36013],[10.293909,57.360285],[10.293918,57.360309],[10.293998,57.360471],[10.294051,57.360564],[10.294117,57.360648],[10.294172,57.360699],[10.294234,57.36075],[10.294312,57.36081],[10.29442,57.360873],[10.294547,57.36093],[10.294636,57.360966],[10.294735,57.361003],[10.294866,57.36105],[10.294992,57.361092],[10.295114,57.361125],[10.295246,57.361163],[10.295408,57.361211],[10.295576,57.361261],[10.295913,57.361364],[10.296416,57.36152],[10.296524,57.361549],[10.29666,57.361573],[10.296803,57.361589],[10.29688,57.361596],[10.297053,57.361598],[10.297305,57.36159],[10.297489,57.361585],[10.297749,57.361572],[10.297846,57.361567],[10.298389,57.361541],[10.298978,57.361513],[10.299257,57.361503],[10.29947,57.361497],[10.299612,57.361498],[10.299832,57.361509],[10.300254,57.361548],[10.300668,57.361591],[10.301155,57.361644],[10.301539,57.361684],[10.301859,57.36172],[10.302131,57.361757],[10.302407,57.361796],[10.302781,57.361855],[10.303216,57.361928],[10.303617,57.361999],[10.304061,57.362071],[10.304452,57.36214],[10.304928,57.362222],[10.304972,57.36223],[10.305445,57.362314],[10.305835,57.362383],[10.30639,57.362474],[10.306566,57.362507],[10.306703,57.362543],[10.306786,57.362572],[10.306877,57.36261],[10.307191,57.362794],[10.307591,57.363028],[10.307723,57.363122],[10.307819,57.363206],[10.307902,57.363303],[10.307961,57.363381],[10.308084,57.3636],[10.308112,57.363645],[10.308156,57.363706],[10.308348,57.363907],[10.308819,57.364373],[10.309036,57.364585],[10.309388,57.364925],[10.309427,57.364958],[10.309466,57.364979],[10.309517,57.364996],[10.309593,57.365013],[10.309713,57.365032],[10.309664,57.365128],[10.309639,57.365175],[10.310414,57.365253],[10.310606,57.365262],[10.310838,57.36527],[10.311041,57.365268],[10.311855,57.365241],[10.312268,57.365232],[10.312469,57.365242],[10.312613,57.365258],[10.312734,57.365283],[10.312852,57.365315],[10.31362,57.36558],[10.314241,57.365779],[10.314521,57.365875],[10.315326,57.366126],[10.315483,57.366164],[10.315627,57.366193],[10.315798,57.366221],[10.315926,57.366231],[10.316104,57.366231],[10.31631,57.366224],[10.31648,57.366212],[10.316725,57.366187],[10.317539,57.366117],[10.317739,57.366099],[10.318494,57.366019],[10.319797,57.365898],[10.319959,57.365885],[10.320132,57.36587],[10.320632,57.365841],[10.320755,57.365835],[10.322048,57.365773],[10.322256,57.36577],[10.322471,57.365776],[10.322786,57.365793],[10.324444,57.365914],[10.324628,57.365923],[10.324808,57.365925],[10.324938,57.365922],[10.325095,57.365911],[10.325349,57.36588],[10.326121,57.365788],[10.326838,57.365707],[10.327875,57.365589],[10.328777,57.36549],[10.329116,57.365445],[10.329325,57.365419],[10.329509,57.365386],[10.329632,57.365361],[10.329765,57.365331],[10.330522,57.36515],[10.330897,57.365063],[10.331128,57.365004],[10.33133,57.364952],[10.331853,57.364829],[10.332317,57.364719],[10.3328,57.364606],[10.333133,57.364531],[10.333401,57.364483],[10.333584,57.364471],[10.333819,57.364464],[10.334067,57.364462],[10.334331,57.364461],[10.334473,57.364461],[10.334602,57.364461],[10.334765,57.364478],[10.335041,57.364507],[10.335297,57.364545],[10.335594,57.3646],[10.33591,57.364656],[10.336172,57.364708],[10.33647,57.364764],[10.336752,57.364822],[10.336776,57.364827],[10.336978,57.36487],[10.337237,57.36493],[10.337612,57.365005],[10.337901,57.365061],[10.338135,57.365103],[10.338362,57.365132],[10.338569,57.365156],[10.338753,57.365157],[10.33904,57.365156],[10.339392,57.365148],[10.339722,57.365141],[10.340052,57.365131],[10.340448,57.365121],[10.340794,57.365111],[10.341117,57.365099],[10.341358,57.365093],[10.341445,57.36509],[10.341749,57.365083],[10.341938,57.365076],[10.342064,57.365073],[10.342143,57.36507],[10.342265,57.365068],[10.342361,57.365065],[10.342499,57.365063],[10.342769,57.36505],[10.342903,57.365035],[10.342896,57.364991],[10.342895,57.36496],[10.342937,57.364804],[10.343009,57.364536],[10.34309,57.364275],[10.343104,57.364178],[10.343154,57.364019],[10.343235,57.363735],[10.343324,57.363394],[10.343373,57.363276],[10.34344,57.363171],[10.343541,57.363073],[10.343627,57.363012],[10.343782,57.362937],[10.344071,57.362821],[10.344434,57.362686],[10.344826,57.362543],[10.345223,57.362399],[10.345617,57.362253],[10.346025,57.362101],[10.346389,57.361972],[10.346754,57.361841],[10.347142,57.361702],[10.347566,57.361547],[10.347996,57.361387],[10.348126,57.361334],[10.348299,57.361253],[10.348611,57.361115],[10.348977,57.360938],[10.34924,57.360823],[10.349483,57.360727],[10.349799,57.360612],[10.350281,57.360448],[10.350623,57.360332],[10.350981,57.36021],[10.351423,57.360066],[10.35155,57.360036],[10.351618,57.360019],[10.351753,57.359991],[10.351983,57.359959],[10.352273,57.359937],[10.352607,57.359923],[10.353007,57.359908],[10.353496,57.359893],[10.354021,57.35987],[10.354544,57.359852],[10.355017,57.359833],[10.355539,57.359813],[10.356017,57.359808],[10.356412,57.359813],[10.356569,57.359817],[10.356799,57.359819],[10.357153,57.359828],[10.357416,57.35983],[10.357613,57.359822],[10.357783,57.35981],[10.357972,57.359787],[10.358028,57.359776],[10.35817,57.359749],[10.358519,57.359679],[10.358916,57.35959],[10.359259,57.359508],[10.359479,57.359445],[10.35959,57.359413],[10.359966,57.359299],[10.360268,57.359196],[10.360345,57.359155],[10.360417,57.359088],[10.360491,57.358995],[10.360544,57.358883],[10.360588,57.35874],[10.360593,57.358724],[10.360643,57.358588],[10.36072,57.358478],[10.360799,57.358399],[10.360856,57.358349],[10.360976,57.358277],[10.361119,57.358202],[10.361416,57.358044],[10.361718,57.357882],[10.36201,57.357737],[10.362162,57.357674],[10.3624,57.357636],[10.362602,57.357593],[10.363064,57.357498],[10.363382,57.357432],[10.363922,57.35732],[10.364497,57.357199],[10.364767,57.357145],[10.364918,57.357119],[10.365112,57.357092],[10.365181,57.357086],[10.365263,57.357082],[10.365373,57.357079],[10.365511,57.357078],[10.365643,57.357086],[10.36579,57.357097],[10.365946,57.357122],[10.36608,57.357151],[10.36621,57.357186],[10.366342,57.35723],[10.366409,57.357257],[10.366522,57.357307],[10.366601,57.357343],[10.366692,57.357382],[10.366755,57.357411],[10.366841,57.357461],[10.366951,57.357549],[10.367181,57.357727],[10.367309,57.35782],[10.367421,57.35791],[10.367559,57.358014],[10.367666,57.358097],[10.367734,57.358152],[10.367874,57.358264],[10.36804,57.358384],[10.368164,57.358472],[10.368307,57.358562],[10.368415,57.35862],[10.368557,57.358684],[10.368687,57.35874],[10.368953,57.358841],[10.369239,57.358943],[10.369413,57.358998],[10.369638,57.358777],[10.369893,57.358551],[10.37008,57.358382],[10.370429,57.358047],[10.370749,57.357745],[10.370824,57.357677],[10.371061,57.357455],[10.371252,57.357284],[10.371341,57.357308],[10.371424,57.35733],[10.371494,57.357342],[10.371563,57.357348],[10.371623,57.357349],[10.371691,57.357348],[10.371772,57.35734],[10.371833,57.357328],[10.371948,57.357298],[10.372022,57.357273],[10.372135,57.357233],[10.37239,57.35714],[10.372704,57.357029],[10.372883,57.356966],[10.373353,57.356804],[10.373877,57.35662],[10.374376,57.356454],[10.37463,57.356364],[10.374909,57.35626],[10.375223,57.356147],[10.375834,57.355923],[10.376376,57.355759],[10.376552,57.355701],[10.376862,57.355571],[10.377388,57.355346],[10.377866,57.355137],[10.378466,57.354865],[10.379026,57.354613],[10.37955,57.35438],[10.379986,57.354193],[10.380143,57.354137],[10.380227,57.354109],[10.38026,57.354144],[10.380444,57.354334],[10.38082,57.354774],[10.381279,57.355309],[10.38184,57.355959],[10.382355,57.356562],[10.382814,57.357091],[10.383069,57.357378],[10.383189,57.357521],[10.383314,57.357664],[10.383419,57.357783],[10.383533,57.357919],[10.383644,57.35805],[10.383763,57.358191],[10.383882,57.358316],[10.383983,57.358438],[10.38408,57.358544],[10.384169,57.358654],[10.384315,57.358817],[10.384401,57.358913],[10.384482,57.359004],[10.384605,57.35914],[10.384704,57.359262],[10.384833,57.359405],[10.384923,57.359517],[10.385004,57.359608],[10.385106,57.359726],[10.385189,57.359821],[10.385255,57.359897],[10.385323,57.359976],[10.385395,57.360057],[10.38546,57.360137],[10.385526,57.360222],[10.385608,57.36031],[10.385689,57.360405],[10.385763,57.360492],[10.385851,57.360596],[10.386004,57.360773],[10.386096,57.360875],[10.386187,57.360987],[10.386266,57.361078],[10.386356,57.361185],[10.386431,57.361272],[10.386528,57.361384],[10.386622,57.361491],[10.386716,57.361603],[10.386803,57.361709],[10.386887,57.361785],[10.387003,57.361849],[10.387249,57.361699],[10.387567,57.361502],[10.387769,57.361386],[10.388008,57.361253],[10.388167,57.361177],[10.388298,57.361119],[10.388495,57.361044],[10.388765,57.360945],[10.388964,57.360887],[10.389213,57.360819],[10.389515,57.360752],[10.389877,57.36068],[10.3903,57.360595],[10.391454,57.360364],[10.391983,57.360253],[10.392423,57.360163],[10.393068,57.360034],[10.393448,57.359959],[10.393959,57.359853],[10.394517,57.359743],[10.395188,57.359607],[10.395716,57.359501],[10.39613,57.359417],[10.397034,57.35923],[10.397941,57.35905],[10.398175,57.359003],[10.398631,57.358912],[10.399203,57.35881],[10.399504,57.358767],[10.400201,57.358689],[10.40059,57.35865],[10.401364,57.35857],[10.401917,57.358512],[10.402201,57.358483],[10.403009,57.358398],[10.403742,57.358327],[10.404488,57.358244],[10.405086,57.358176],[10.405779,57.358083],[10.406148,57.358022],[10.406616,57.357921],[10.406969,57.357828],[10.407338,57.35772],[10.407516,57.357657],[10.407668,57.357594],[10.408063,57.35743],[10.408849,57.357093],[10.409636,57.356764],[10.409812,57.356705],[10.409906,57.35668],[10.409999,57.356663],[10.410142,57.356634],[10.410408,57.356601],[10.410555,57.356591],[10.410685,57.356582],[10.411192,57.356553],[10.411455,57.356534],[10.411625,57.356522],[10.412264,57.356476],[10.413091,57.356405],[10.413677,57.356354],[10.413792,57.356345],[10.414299,57.356303],[10.414915,57.356256],[10.415179,57.356243],[10.415282,57.35624],[10.415667,57.356231],[10.41578,57.356228],[10.416167,57.356218],[10.416737,57.356218],[10.41691,57.356221],[10.416963,57.356222],[10.417578,57.356247],[10.418134,57.356271],[10.418516,57.356289],[10.418656,57.356297],[10.418715,57.356306],[10.418799,57.356318],[10.419066,57.35638],[10.419466,57.356485],[10.419902,57.356605],[10.420371,57.356739],[10.420886,57.356891],[10.421036,57.356936],[10.421164,57.356975],[10.422082,57.357247],[10.423024,57.357526],[10.423834,57.357755],[10.424269,57.357872],[10.424445,57.357898],[10.424635,57.357915],[10.424807,57.357914],[10.425135,57.357891],[10.425443,57.357846],[10.425465,57.357843],[10.425498,57.358014],[10.42557,57.358444],[10.425647,57.358875],[10.425782,57.359669],[10.425918,57.360416],[10.426008,57.360899],[10.426082,57.361182],[10.426188,57.361429],[10.426348,57.361687],[10.426468,57.361834],[10.4265,57.361873],[10.426688,57.362061],[10.427076,57.362372],[10.427303,57.362545],[10.427474,57.362675],[10.428183,57.363216],[10.428275,57.363286],[10.428362,57.363351],[10.428621,57.363546],[10.429047,57.363871],[10.429609,57.364288],[10.42987,57.364504],[10.429985,57.364609],[10.430091,57.364719],[10.430198,57.364848],[10.430328,57.365019],[10.430489,57.365236],[10.430658,57.36547],[10.430859,57.365745],[10.431047,57.366009],[10.431214,57.366241],[10.43137,57.36646],[10.431577,57.366743],[10.43182,57.367082],[10.43206,57.367416],[10.432296,57.367744],[10.432467,57.367985],[10.432699,57.368313],[10.43284,57.36851],[10.432902,57.368595],[10.433084,57.368842],[10.433261,57.369099],[10.433473,57.369396],[10.433608,57.369578],[10.433702,57.369701],[10.433756,57.36978],[10.433783,57.369818],[10.433815,57.369864],[10.43398,57.370098],[10.434179,57.370378],[10.434352,57.370625],[10.43457,57.370929],[10.434773,57.371206],[10.434922,57.371391],[10.435058,57.37154],[10.435219,57.37169],[10.435464,57.371871],[10.435731,57.372043],[10.436031,57.372209],[10.436327,57.372348],[10.436717,57.372504],[10.437021,57.372616],[10.437318,57.37272],[10.437853,57.372914],[10.438268,57.373065],[10.438525,57.373153],[10.438714,57.373222],[10.438989,57.373323],[10.439195,57.373396],[10.439417,57.373476],[10.439796,57.373616],[10.440177,57.373752],[10.440573,57.373895],[10.440955,57.37403],[10.441142,57.374094],[10.441571,57.374239],[10.441806,57.374324],[10.441852,57.374341],[10.441913,57.374365],[10.442112,57.374441],[10.442429,57.37457],[10.442616,57.37464],[10.442824,57.374722],[10.443074,57.374874],[10.443289,57.375008],[10.443423,57.375086],[10.443608,57.375176],[10.44373,57.375216],[10.443821,57.375242],[10.443988,57.375281],[10.444299,57.375342],[10.444723,57.375423],[10.445121,57.375504],[10.445352,57.375568],[10.445511,57.375631],[10.44586,57.375786],[10.446223,57.375954],[10.446772,57.376202],[10.446997,57.376299],[10.447224,57.3764],[10.447463,57.376513],[10.44763,57.376607],[10.447768,57.376694],[10.447806,57.376718],[10.447932,57.3768],[10.448103,57.376916],[10.448283,57.377056],[10.448534,57.377266],[10.448667,57.377384],[10.448847,57.377531],[10.448978,57.377622],[10.449149,57.377753],[10.449242,57.377852],[10.449247,57.37786],[10.449283,57.377952],[10.44929,57.378109],[10.449275,57.37828],[10.44924,57.378386],[10.449138,57.378532],[10.448974,57.378762],[10.44889,57.378867],[10.448822,57.378952],[10.448765,57.379079],[10.448723,57.379212],[10.44871,57.379273],[10.448711,57.379373],[10.448718,57.379449],[10.448754,57.379541],[10.448873,57.379737],[10.448997,57.379926],[10.449103,57.380078],[10.449268,57.380294],[10.449365,57.380408],[10.449505,57.380547],[10.449627,57.380666],[10.449793,57.380814],[10.450044,57.381034],[10.450464,57.381387],[10.450713,57.381595],[10.45084,57.381701],[10.450905,57.381765],[10.450949,57.381829],[10.450994,57.381905],[10.451033,57.381993],[10.451048,57.382042],[10.451067,57.382139],[10.451083,57.382269],[10.451104,57.382549],[10.451108,57.382659],[10.451122,57.382756],[10.451158,57.38292],[10.451195,57.383093],[10.451254,57.383323],[10.451356,57.383655],[10.451437,57.38394],[10.451473,57.384039],[10.451536,57.384183],[10.451601,57.384342],[10.451682,57.384487],[10.451792,57.384687],[10.451868,57.384824],[10.451928,57.384936],[10.451997,57.385068],[10.45209,57.385208],[10.452269,57.385482],[10.452371,57.38561],[10.452426,57.385672],[10.45246,57.385701],[10.452571,57.385762],[10.452686,57.385815],[10.452761,57.38584],[10.452901,57.385856],[10.453122,57.385851],[10.453283,57.385826],[10.453422,57.385797],[10.453655,57.385737],[10.453958,57.385663],[10.45416,57.385612],[10.454386,57.385554],[10.454691,57.38548],[10.454899,57.385426],[10.455173,57.385357],[10.455341,57.385314],[10.455594,57.385243],[10.45578,57.385179],[10.455984,57.385107],[10.456235,57.385016],[10.456576,57.384885],[10.45682,57.384791],[10.457122,57.38468],[10.457418,57.384568],[10.45768,57.384468],[10.457959,57.384367],[10.458138,57.38431],[10.458251,57.384278],[10.458423,57.384243],[10.458607,57.384229],[10.458743,57.384225],[10.458911,57.384229],[10.459049,57.384247],[10.459182,57.384277],[10.459306,57.38432],[10.459378,57.38436],[10.45943,57.384398],[10.45953,57.384527],[10.459611,57.384644],[10.459704,57.384769],[10.459766,57.384841],[10.459835,57.384904],[10.459958,57.385006],[10.460263,57.385199],[10.460411,57.385256],[10.460566,57.38525],[10.460825,57.385209],[10.461395,57.385091],[10.461775,57.38501],[10.46192,57.384997],[10.462006,57.384993],[10.462091,57.385009],[10.462251,57.385072],[10.462356,57.385156],[10.462427,57.385275],[10.462501,57.385415],[10.462606,57.385646],[10.462626,57.385689],[10.462637,57.38571],[10.462691,57.385807],[10.462722,57.385915],[10.462743,57.386033],[10.462738,57.386116],[10.462716,57.386189],[10.462663,57.38629],[10.462603,57.386375],[10.462534,57.386461],[10.462482,57.386533],[10.462454,57.386596],[10.462442,57.386626],[10.462436,57.386692],[10.462453,57.386785],[10.462504,57.38691],[10.46256,57.387077],[10.462585,57.387192],[10.462591,57.387314],[10.462592,57.387395],[10.462563,57.387487],[10.46253,57.387567],[10.462494,57.387629],[10.462439,57.387719],[10.462355,57.387847],[10.462278,57.387955],[10.462184,57.388079],[10.462103,57.388186],[10.462053,57.388258],[10.462004,57.388337],[10.461972,57.388448],[10.461955,57.388559],[10.461928,57.388718],[10.461841,57.388784],[10.461795,57.388807],[10.461715,57.388838],[10.46159,57.388903],[10.461454,57.388987],[10.46134,57.389105],[10.461271,57.389206],[10.461249,57.389286],[10.461216,57.389501],[10.461196,57.389702],[10.461169,57.389933],[10.461148,57.390124],[10.46115,57.390376],[10.461185,57.390636],[10.461216,57.39088],[10.461253,57.391138],[10.461277,57.391294],[10.4613,57.391428],[10.461345,57.391579],[10.461404,57.391707],[10.461463,57.39184],[10.461584,57.392061],[10.461726,57.392319],[10.461797,57.392442],[10.462093,57.39296],[10.462378,57.393448],[10.462471,57.393612],[10.462582,57.393811],[10.462673,57.393975],[10.462784,57.394174],[10.462932,57.394431],[10.463099,57.394732],[10.463333,57.395115],[10.463542,57.395478],[10.463621,57.3956],[10.463704,57.395756],[10.463829,57.395989],[10.463923,57.396158],[10.464018,57.396337],[10.464075,57.39648],[10.464099,57.396583],[10.464112,57.396745],[10.464119,57.396859],[10.4641,57.397037],[10.464074,57.397192],[10.464046,57.39733],[10.464015,57.3975],[10.463977,57.397718],[10.463939,57.397916],[10.463902,57.398118],[10.463896,57.398147],[10.463855,57.39836],[10.463818,57.398546],[10.463777,57.398757],[10.463743,57.398912],[10.463708,57.399069],[10.46392,57.39912],[10.464156,57.399172],[10.464626,57.399276],[10.465304,57.399431],[10.465794,57.399543],[10.466581,57.399723],[10.467035,57.399828],[10.467512,57.399931],[10.467987,57.400035],[10.468314,57.400106],[10.468557,57.40015],[10.468682,57.400173],[10.469025,57.400221],[10.469664,57.400299],[10.470195,57.40037],[10.470594,57.400429],[10.471091,57.400507],[10.471327,57.400556],[10.471689,57.400639],[10.47197,57.400715],[10.472344,57.400839],[10.472599,57.400956],[10.47279,57.401077],[10.472961,57.401199],[10.473233,57.401398],[10.473427,57.401537],[10.473606,57.401647],[10.473814,57.40176],[10.474083,57.401885],[10.474488,57.402043],[10.475129,57.402275],[10.475522,57.402411],[10.475578,57.40243],[10.476047,57.402607],[10.476414,57.402744],[10.476586,57.402822],[10.476725,57.402902],[10.476893,57.403014],[10.477057,57.403147],[10.47723,57.403303],[10.477361,57.403437],[10.4775,57.40361],[10.477594,57.403754],[10.477656,57.403909],[10.477745,57.40411],[10.477793,57.404182],[10.477945,57.404324],[10.478132,57.404441],[10.478333,57.404542],[10.478633,57.404686],[10.478807,57.404788],[10.478954,57.404908],[10.479051,57.405002],[10.479158,57.405145],[10.47927,57.405331],[10.47936,57.405476],[10.47948,57.405635],[10.479621,57.405771],[10.479775,57.405881],[10.48009,57.406059],[10.480381,57.406205],[10.480758,57.406399],[10.481008,57.406527],[10.481455,57.40675],[10.481807,57.40692],[10.482457,57.407234],[10.48253,57.407268],[10.482902,57.407437],[10.483084,57.407507],[10.483292,57.407558],[10.483443,57.407578],[10.483679,57.407588],[10.484125,57.407582],[10.484741,57.407569],[10.485026,57.407572],[10.485258,57.407591],[10.485509,57.407637],[10.485546,57.407645],[10.485722,57.407684],[10.485936,57.407768],[10.486188,57.407897],[10.48634,57.407985],[10.486795,57.408351],[10.487173,57.40867],[10.487468,57.408925],[10.487587,57.409058],[10.487894,57.40948],[10.488174,57.409879],[10.488252,57.409987],[10.488384,57.410169],[10.488517,57.410358],[10.488637,57.410519],[10.488664,57.410555],[10.488795,57.410718],[10.488932,57.410866],[10.489115,57.411061],[10.489327,57.411289],[10.489565,57.411543],[10.489736,57.411726],[10.489911,57.411908],[10.490117,57.412127],[10.490244,57.412264],[10.490292,57.412321],[10.490337,57.412381],[10.490378,57.41245],[10.490411,57.412515],[10.490432,57.412594],[10.490442,57.412679],[10.490451,57.412779],[10.490448,57.412823],[10.490443,57.412912],[10.490427,57.413095],[10.490403,57.41332],[10.490382,57.413572],[10.490367,57.413814],[10.490344,57.414071],[10.490331,57.414237],[10.490329,57.414318],[10.490332,57.414402],[10.490341,57.414461],[10.490361,57.414522],[10.490394,57.414585],[10.490407,57.41461],[10.490467,57.414707],[10.490569,57.41483],[10.490681,57.414949],[10.490806,57.415079],[10.490918,57.415218],[10.491045,57.415374],[10.491136,57.415491],[10.491264,57.415671],[10.491418,57.415911],[10.491595,57.416183],[10.491736,57.4164],[10.491821,57.41653],[10.49187,57.41659],[10.491916,57.416641],[10.491994,57.416715],[10.492082,57.416776],[10.492172,57.41683],[10.492296,57.416884],[10.492424,57.416928],[10.492594,57.416976],[10.492918,57.417065],[10.493206,57.417141],[10.493385,57.417188],[10.493821,57.417308],[10.494089,57.417378],[10.494161,57.417397],[10.49427,57.417427],[10.494356,57.417451],[10.494513,57.417503],[10.494663,57.417557],[10.494777,57.41761],[10.494939,57.417693],[10.495127,57.417799],[10.495349,57.417933],[10.495821,57.418231],[10.496306,57.418536],[10.496854,57.418881],[10.497447,57.419255],[10.49773,57.419434],[10.497969,57.419583],[10.498269,57.419765],[10.498663,57.420017],[10.499052,57.420261],[10.499415,57.420482],[10.49951,57.42053],[10.499592,57.42057],[10.499688,57.420604],[10.499778,57.420631],[10.499887,57.420657],[10.500124,57.42071],[10.500225,57.420723],[10.500714,57.420804],[10.501077,57.420856],[10.501104,57.42086],[10.501185,57.420873],[10.501471,57.420917],[10.50188,57.420978],[10.502259,57.42103],[10.502683,57.421097],[10.502771,57.42111],[10.502959,57.421137],[10.503027,57.421146],[10.503382,57.421199],[10.503791,57.421259],[10.504197,57.421322],[10.504471,57.421363],[10.50488,57.421426],[10.50525,57.421486],[10.505488,57.421524],[10.505603,57.421547],[10.505663,57.421587],[10.505705,57.421575],[10.505923,57.421585],[10.506334,57.421623],[10.506737,57.421662],[10.507125,57.4217],[10.50726,57.421713],[10.507415,57.421725],[10.507531,57.421733],[10.507724,57.421741],[10.50787,57.421747],[10.508036,57.421752],[10.50818,57.421752],[10.508284,57.421747],[10.50837,57.421736],[10.508404,57.421731],[10.508475,57.421719],[10.5085,57.421713],[10.508602,57.421685],[10.508714,57.421648],[10.508808,57.421611],[10.508924,57.421559],[10.509086,57.421483],[10.509225,57.421416],[10.509408,57.421327],[10.509577,57.421248],[10.509748,57.421171],[10.509815,57.421139],[10.509903,57.421096],[10.510012,57.421048],[10.51012,57.420992],[10.510145,57.421002],[10.510176,57.421008],[10.510207,57.421009],[10.510239,57.421006],[10.510267,57.420997],[10.510289,57.420985],[10.510304,57.420969],[10.510311,57.420953],[10.510308,57.420935],[10.510297,57.420919],[10.510277,57.420905],[10.51026,57.420898],[10.510312,57.420855],[10.510338,57.420833],[10.510411,57.420769],[10.510511,57.420695],[10.510535,57.420677],[10.510712,57.420565],[10.510931,57.420458],[10.511142,57.420362],[10.511153,57.420357],[10.511185,57.420342],[10.511373,57.420255],[10.511597,57.420146],[10.511742,57.420068],[10.511811,57.420029],[10.511845,57.420009],[10.511854,57.420004],[10.511997,57.419926],[10.512119,57.419842],[10.512292,57.419696],[10.512418,57.419582],[10.512514,57.419509],[10.512657,57.419436],[10.512729,57.419414],[10.512775,57.419401],[10.512887,57.419383],[10.512997,57.419376],[10.513224,57.419377],[10.51345,57.419381],[10.513884,57.419388],[10.514161,57.419396],[10.514378,57.419401],[10.514657,57.419407],[10.514932,57.419414],[10.515762,57.419435],[10.516101,57.419441],[10.516507,57.419451],[10.516934,57.41946],[10.517159,57.419466],[10.517374,57.419472],[10.51741,57.419473],[10.518041,57.419499],[10.518314,57.419521],[10.518564,57.419547],[10.518441,57.419857],[10.518399,57.419974],[10.518383,57.420016],[10.518321,57.42022],[10.518242,57.420394],[10.518215,57.420412],[10.518206,57.420421],[10.518155,57.42054],[10.518087,57.420728],[10.518013,57.420938],[10.517947,57.42112],[10.517898,57.421248],[10.517837,57.421419],[10.517773,57.42159],[10.517737,57.421696],[10.517736,57.421729],[10.51774,57.421738],[10.517744,57.421741],[10.517757,57.421746],[10.517737,57.421794],[10.517712,57.421852],[10.517691,57.421863],[10.517676,57.42188],[10.517666,57.421902],[10.517634,57.422017],[10.517631,57.422064],[10.517634,57.422078],[10.517655,57.422103],[10.517676,57.422129],[10.517684,57.422143],[10.517688,57.422159],[10.517689,57.422173],[10.517682,57.422209],[10.517595,57.422452],[10.517508,57.42269],[10.517425,57.422911],[10.517359,57.423085],[10.51734,57.423135],[10.517299,57.423244],[10.517234,57.423421],[10.517161,57.42361],[10.517131,57.423662],[10.517059,57.423751],[10.516995,57.423816],[10.516977,57.42384],[10.516958,57.423902],[10.516935,57.424012],[10.516919,57.42412],[10.516918,57.424211],[10.516929,57.424264],[10.516943,57.424299],[10.516963,57.424333],[10.517001,57.424383],[10.517066,57.424467],[10.517143,57.424567],[10.517191,57.42463],[10.517193,57.424647],[10.517208,57.424793],[10.517215,57.424851],[10.517223,57.42492],[10.517241,57.425051],[10.517243,57.425095],[10.517229,57.425122],[10.517216,57.425132],[10.517153,57.425163],[10.517058,57.42521],[10.517084,57.425225],[10.516987,57.425271],[10.517,57.425361],[10.517012,57.425442],[10.51701,57.425502],[10.51702,57.425552],[10.517053,57.425743],[10.51707,57.425842],[10.517088,57.425953],[10.517108,57.42606],[10.517133,57.426168],[10.517156,57.426258],[10.517176,57.426329],[10.517207,57.42643],[10.517223,57.426481],[10.517275,57.426647],[10.517322,57.426768],[10.517368,57.426873],[10.517413,57.426971],[10.517464,57.427076],[10.517515,57.427184],[10.517561,57.427278],[10.517579,57.427315],[10.51763,57.427377],[10.517684,57.42746],[10.517745,57.427556],[10.517845,57.42769],[10.51793,57.427797],[10.518038,57.427923],[10.518111,57.428004],[10.518202,57.428103],[10.518261,57.428164],[10.518292,57.428196],[10.518423,57.428321],[10.518511,57.428404],[10.518633,57.428514],[10.518726,57.428594],[10.518789,57.428647],[10.518952,57.428786],[10.519071,57.428877],[10.5191,57.428899],[10.519186,57.42896],[10.5193,57.429037],[10.519416,57.429113],[10.519534,57.429187],[10.519653,57.429259],[10.519732,57.429307],[10.519744,57.429314],[10.519847,57.429373],[10.519953,57.429435],[10.520086,57.429513],[10.520201,57.429579],[10.520296,57.429631],[10.520316,57.429642],[10.520434,57.429711],[10.52057,57.429792],[10.520684,57.429859],[10.520801,57.429928],[10.520936,57.430007],[10.52106,57.43008],[10.521155,57.430136],[10.521274,57.430204],[10.521437,57.430301],[10.521575,57.430382],[10.521688,57.43045],[10.521829,57.430531],[10.521861,57.430549],[10.521985,57.430623],[10.522099,57.43069],[10.522215,57.430757],[10.522334,57.430826],[10.522454,57.430896],[10.522582,57.430971],[10.522707,57.431045],[10.522832,57.431119],[10.522949,57.431189],[10.523082,57.431267],[10.523196,57.431334],[10.52331,57.431402],[10.523446,57.431481],[10.523584,57.431562],[10.523721,57.431641],[10.523843,57.431713],[10.52411,57.431869],[10.524235,57.431943],[10.524278,57.431968],[10.524325,57.431976],[10.524417,57.432031],[10.524466,57.432055],[10.524504,57.432069],[10.524544,57.432081],[10.524564,57.432088],[10.524576,57.432095],[10.52459,57.432102],[10.524738,57.43219],[10.524989,57.432337],[10.525171,57.432444],[10.525355,57.432551],[10.525551,57.432666],[10.525917,57.43288],[10.526175,57.433035],[10.526245,57.433074],[10.526338,57.433137],[10.52653,57.433253],[10.526711,57.433359],[10.526898,57.433467],[10.527052,57.433556],[10.527225,57.433657],[10.527417,57.433769],[10.527567,57.433854],[10.527702,57.433933],[10.527845,57.434014],[10.527877,57.434033],[10.527954,57.434078],[10.528136,57.434186],[10.5283,57.434284],[10.528493,57.4344],[10.528625,57.43448],[10.528738,57.434548],[10.528898,57.434647],[10.52904,57.434733],[10.529192,57.434829],[10.529326,57.434917],[10.529451,57.435001],[10.52958,57.435092],[10.529678,57.435163],[10.52971,57.435185],[10.52974,57.435208],[10.529772,57.43524],[10.529802,57.435276],[10.529886,57.435402],[10.529972,57.435529],[10.53004,57.435631],[10.530123,57.435753],[10.530202,57.435872],[10.530338,57.436062],[10.53044,57.436211],[10.530467,57.436256],[10.530615,57.436458],[10.530626,57.436477],[10.530657,57.436525],[10.530726,57.436626],[10.530812,57.436751],[10.530908,57.436889],[10.530998,57.437021],[10.531022,57.437056],[10.531096,57.437162],[10.531109,57.437181],[10.531205,57.437323],[10.531242,57.437368],[10.531269,57.43739],[10.531292,57.437403],[10.531334,57.437419],[10.531387,57.437434],[10.531448,57.437443],[10.531574,57.437448],[10.531617,57.43745],[10.531657,57.437454],[10.531686,57.437462],[10.531753,57.437481],[10.531797,57.437493],[10.531837,57.437496],[10.531866,57.437497],[10.531949,57.437497],[10.532043,57.437497],[10.532044,57.437483],[10.532047,57.437434],[10.532051,57.437369],[10.532076,57.437246],[10.532105,57.437144],[10.532127,57.43709],[10.532138,57.437065],[10.532175,57.436996],[10.532234,57.436915],[10.532283,57.436849],[10.532403,57.436714],[10.5326,57.436535],[10.532812,57.436384],[10.532825,57.436375],[10.532866,57.436346],[10.532885,57.436333],[10.53289,57.43633],[10.532917,57.436312],[10.53299,57.436267],[10.532999,57.436262],[10.533084,57.436214],[10.533086,57.436213],[10.533116,57.436199],[10.533155,57.436181],[10.533174,57.436172],[10.53329,57.43612],[10.533302,57.436115],[10.53343,57.436059],[10.533561,57.436007],[10.533673,57.435963],[10.53381,57.435917],[10.533912,57.43588],[10.534186,57.435786],[10.534446,57.435709],[10.534544,57.435684],[10.534699,57.435649],[10.53476,57.435637],[10.534784,57.435679],[10.534799,57.435705],[10.53498,57.43599],[10.535041,57.435981],[10.535983,57.435845],[10.536,57.435901],[10.536124,57.436104],[10.5362,57.436202],[10.536256,57.436253],[10.536262,57.436284],[10.536309,57.436313],[10.536523,57.436446],[10.536627,57.436679]]}}]}